paper_id,paper_key,system,mode,axis,matched,system_count,expert_count,precision,recall,f1
paper_001,Achieving superior elevated temperature properties in additive manufactured nickel-based superalloys through unique alloy design,business_gt,unique_strict,Composition,22,24,24,0.916667,0.916667,0.916667
paper_001,Achieving superior elevated temperature properties in additive manufactured nickel-based superalloys through unique alloy design,business_gt,unique_strict,Processing,7,32,15,0.21875,0.466667,0.297872
paper_001,Achieving superior elevated temperature properties in additive manufactured nickel-based superalloys through unique alloy design,business_gt,unique_strict,Structure,9,15,12,0.6,0.75,0.666667
paper_001,Achieving superior elevated temperature properties in additive manufactured nickel-based superalloys through unique alloy design,business_gt,unique_strict,Characterization,0,9,7,0.0,0.0,0.0
paper_001,Achieving superior elevated temperature properties in additive manufactured nickel-based superalloys through unique alloy design,business_gt,unique_strict,Properties,14,14,18,1.0,0.777778,0.875
paper_001,Achieving superior elevated temperature properties in additive manufactured nickel-based superalloys through unique alloy design,business_gt,unique_loose,Composition,22,24,24,0.916667,0.916667,0.916667
paper_001,Achieving superior elevated temperature properties in additive manufactured nickel-based superalloys through unique alloy design,business_gt,unique_loose,Processing,12,32,15,0.375,0.8,0.510638
paper_001,Achieving superior elevated temperature properties in additive manufactured nickel-based superalloys through unique alloy design,business_gt,unique_loose,Structure,9,15,12,0.6,0.75,0.666667
paper_001,Achieving superior elevated temperature properties in additive manufactured nickel-based superalloys through unique alloy design,business_gt,unique_loose,Characterization,5,9,7,0.555556,0.714286,0.625
paper_001,Achieving superior elevated temperature properties in additive manufactured nickel-based superalloys through unique alloy design,business_gt,unique_loose,Properties,14,14,18,1.0,0.777778,0.875
paper_001,Achieving superior elevated temperature properties in additive manufactured nickel-based superalloys through unique alloy design,business_gt,raw_strict,Composition,22,24,24,0.916667,0.916667,0.916667
paper_001,Achieving superior elevated temperature properties in additive manufactured nickel-based superalloys through unique alloy design,business_gt,raw_strict,Processing,7,93,15,0.075269,0.466667,0.12963
paper_001,Achieving superior elevated temperature properties in additive manufactured nickel-based superalloys through unique alloy design,business_gt,raw_strict,Structure,9,15,12,0.6,0.75,0.666667
paper_001,Achieving superior elevated temperature properties in additive manufactured nickel-based superalloys through unique alloy design,business_gt,raw_strict,Characterization,0,11,7,0.0,0.0,0.0
paper_001,Achieving superior elevated temperature properties in additive manufactured nickel-based superalloys through unique alloy design,business_gt,raw_strict,Properties,14,14,18,1.0,0.777778,0.875
paper_001,Achieving superior elevated temperature properties in additive manufactured nickel-based superalloys through unique alloy design,business_gt,raw_loose,Composition,22,24,24,0.916667,0.916667,0.916667
paper_001,Achieving superior elevated temperature properties in additive manufactured nickel-based superalloys through unique alloy design,business_gt,raw_loose,Processing,12,93,15,0.129032,0.8,0.222222
paper_001,Achieving superior elevated temperature properties in additive manufactured nickel-based superalloys through unique alloy design,business_gt,raw_loose,Structure,9,15,12,0.6,0.75,0.666667
paper_001,Achieving superior elevated temperature properties in additive manufactured nickel-based superalloys through unique alloy design,business_gt,raw_loose,Characterization,5,11,7,0.454545,0.714286,0.555556
paper_001,Achieving superior elevated temperature properties in additive manufactured nickel-based superalloys through unique alloy design,business_gt,raw_loose,Properties,14,14,18,1.0,0.777778,0.875
paper_001,Achieving superior elevated temperature properties in additive manufactured nickel-based superalloys through unique alloy design,final_v5,unique_strict,Composition,17,18,24,0.944444,0.708333,0.809524
paper_001,Achieving superior elevated temperature properties in additive manufactured nickel-based superalloys through unique alloy design,final_v5,unique_strict,Processing,2,6,15,0.333333,0.133333,0.190476
paper_001,Achieving superior elevated temperature properties in additive manufactured nickel-based superalloys through unique alloy design,final_v5,unique_strict,Structure,6,25,12,0.24,0.5,0.324324
paper_001,Achieving superior elevated temperature properties in additive manufactured nickel-based superalloys through unique alloy design,final_v5,unique_strict,Characterization,2,7,7,0.285714,0.285714,0.285714
paper_001,Achieving superior elevated temperature properties in additive manufactured nickel-based superalloys through unique alloy design,final_v5,unique_strict,Properties,13,14,18,0.928571,0.722222,0.8125
paper_001,Achieving superior elevated temperature properties in additive manufactured nickel-based superalloys through unique alloy design,final_v5,unique_loose,Composition,17,18,24,0.944444,0.708333,0.809524
paper_001,Achieving superior elevated temperature properties in additive manufactured nickel-based superalloys through unique alloy design,final_v5,unique_loose,Processing,2,6,15,0.333333,0.133333,0.190476
paper_001,Achieving superior elevated temperature properties in additive manufactured nickel-based superalloys through unique alloy design,final_v5,unique_loose,Structure,9,25,12,0.36,0.75,0.486486
paper_001,Achieving superior elevated temperature properties in additive manufactured nickel-based superalloys through unique alloy design,final_v5,unique_loose,Characterization,2,7,7,0.285714,0.285714,0.285714
paper_001,Achieving superior elevated temperature properties in additive manufactured nickel-based superalloys through unique alloy design,final_v5,unique_loose,Properties,13,14,18,0.928571,0.722222,0.8125
paper_001,Achieving superior elevated temperature properties in additive manufactured nickel-based superalloys through unique alloy design,final_v5,raw_strict,Composition,17,18,24,0.944444,0.708333,0.809524
paper_001,Achieving superior elevated temperature properties in additive manufactured nickel-based superalloys through unique alloy design,final_v5,raw_strict,Processing,2,6,15,0.333333,0.133333,0.190476
paper_001,Achieving superior elevated temperature properties in additive manufactured nickel-based superalloys through unique alloy design,final_v5,raw_strict,Structure,6,25,12,0.24,0.5,0.324324
paper_001,Achieving superior elevated temperature properties in additive manufactured nickel-based superalloys through unique alloy design,final_v5,raw_strict,Characterization,2,7,7,0.285714,0.285714,0.285714
paper_001,Achieving superior elevated temperature properties in additive manufactured nickel-based superalloys through unique alloy design,final_v5,raw_strict,Properties,13,14,18,0.928571,0.722222,0.8125
paper_001,Achieving superior elevated temperature properties in additive manufactured nickel-based superalloys through unique alloy design,final_v5,raw_loose,Composition,17,18,24,0.944444,0.708333,0.809524
paper_001,Achieving superior elevated temperature properties in additive manufactured nickel-based superalloys through unique alloy design,final_v5,raw_loose,Processing,2,6,15,0.333333,0.133333,0.190476
paper_001,Achieving superior elevated temperature properties in additive manufactured nickel-based superalloys through unique alloy design,final_v5,raw_loose,Structure,9,25,12,0.36,0.75,0.486486
paper_001,Achieving superior elevated temperature properties in additive manufactured nickel-based superalloys through unique alloy design,final_v5,raw_loose,Characterization,2,7,7,0.285714,0.285714,0.285714
paper_001,Achieving superior elevated temperature properties in additive manufactured nickel-based superalloys through unique alloy design,final_v5,raw_loose,Properties,13,14,18,0.928571,0.722222,0.8125
paper_002,Achieving superior high-temperature mechanical properties in Al-Cu-Li-Sc-Zr alloy with nano-scale microstructure via laser additive manufacturing,business_gt,unique_strict,Composition,5,5,5,1.0,1.0,1.0
paper_002,Achieving superior high-temperature mechanical properties in Al-Cu-Li-Sc-Zr alloy with nano-scale microstructure via laser additive manufacturing,business_gt,unique_strict,Processing,7,14,9,0.5,0.777778,0.608696
paper_002,Achieving superior high-temperature mechanical properties in Al-Cu-Li-Sc-Zr alloy with nano-scale microstructure via laser additive manufacturing,business_gt,unique_strict,Structure,11,14,12,0.785714,0.916667,0.846154
paper_002,Achieving superior high-temperature mechanical properties in Al-Cu-Li-Sc-Zr alloy with nano-scale microstructure via laser additive manufacturing,business_gt,unique_strict,Characterization,3,3,5,1.0,0.6,0.75
paper_002,Achieving superior high-temperature mechanical properties in Al-Cu-Li-Sc-Zr alloy with nano-scale microstructure via laser additive manufacturing,business_gt,unique_strict,Properties,16,16,22,1.0,0.727273,0.842105
paper_002,Achieving superior high-temperature mechanical properties in Al-Cu-Li-Sc-Zr alloy with nano-scale microstructure via laser additive manufacturing,business_gt,unique_loose,Composition,5,5,5,1.0,1.0,1.0
paper_002,Achieving superior high-temperature mechanical properties in Al-Cu-Li-Sc-Zr alloy with nano-scale microstructure via laser additive manufacturing,business_gt,unique_loose,Processing,7,14,9,0.5,0.777778,0.608696
paper_002,Achieving superior high-temperature mechanical properties in Al-Cu-Li-Sc-Zr alloy with nano-scale microstructure via laser additive manufacturing,business_gt,unique_loose,Structure,11,14,12,0.785714,0.916667,0.846154
paper_002,Achieving superior high-temperature mechanical properties in Al-Cu-Li-Sc-Zr alloy with nano-scale microstructure via laser additive manufacturing,business_gt,unique_loose,Characterization,3,3,5,1.0,0.6,0.75
paper_002,Achieving superior high-temperature mechanical properties in Al-Cu-Li-Sc-Zr alloy with nano-scale microstructure via laser additive manufacturing,business_gt,unique_loose,Properties,16,16,22,1.0,0.727273,0.842105
paper_002,Achieving superior high-temperature mechanical properties in Al-Cu-Li-Sc-Zr alloy with nano-scale microstructure via laser additive manufacturing,business_gt,raw_strict,Composition,5,5,5,1.0,1.0,1.0
paper_002,Achieving superior high-temperature mechanical properties in Al-Cu-Li-Sc-Zr alloy with nano-scale microstructure via laser additive manufacturing,business_gt,raw_strict,Processing,7,22,9,0.318182,0.777778,0.451613
paper_002,Achieving superior high-temperature mechanical properties in Al-Cu-Li-Sc-Zr alloy with nano-scale microstructure via laser additive manufacturing,business_gt,raw_strict,Structure,11,14,12,0.785714,0.916667,0.846154
paper_002,Achieving superior high-temperature mechanical properties in Al-Cu-Li-Sc-Zr alloy with nano-scale microstructure via laser additive manufacturing,business_gt,raw_strict,Characterization,3,6,5,0.5,0.6,0.545455
paper_002,Achieving superior high-temperature mechanical properties in Al-Cu-Li-Sc-Zr alloy with nano-scale microstructure via laser additive manufacturing,business_gt,raw_strict,Properties,16,16,22,1.0,0.727273,0.842105
paper_002,Achieving superior high-temperature mechanical properties in Al-Cu-Li-Sc-Zr alloy with nano-scale microstructure via laser additive manufacturing,business_gt,raw_loose,Composition,5,5,5,1.0,1.0,1.0
paper_002,Achieving superior high-temperature mechanical properties in Al-Cu-Li-Sc-Zr alloy with nano-scale microstructure via laser additive manufacturing,business_gt,raw_loose,Processing,7,22,9,0.318182,0.777778,0.451613
paper_002,Achieving superior high-temperature mechanical properties in Al-Cu-Li-Sc-Zr alloy with nano-scale microstructure via laser additive manufacturing,business_gt,raw_loose,Structure,11,14,12,0.785714,0.916667,0.846154
paper_002,Achieving superior high-temperature mechanical properties in Al-Cu-Li-Sc-Zr alloy with nano-scale microstructure via laser additive manufacturing,business_gt,raw_loose,Characterization,3,6,5,0.5,0.6,0.545455
paper_002,Achieving superior high-temperature mechanical properties in Al-Cu-Li-Sc-Zr alloy with nano-scale microstructure via laser additive manufacturing,business_gt,raw_loose,Properties,16,16,22,1.0,0.727273,0.842105
paper_002,Achieving superior high-temperature mechanical properties in Al-Cu-Li-Sc-Zr alloy with nano-scale microstructure via laser additive manufacturing,final_v5,unique_strict,Composition,0,1,5,0.0,0.0,0.0
paper_002,Achieving superior high-temperature mechanical properties in Al-Cu-Li-Sc-Zr alloy with nano-scale microstructure via laser additive manufacturing,final_v5,unique_strict,Processing,1,2,9,0.5,0.111111,0.181818
paper_002,Achieving superior high-temperature mechanical properties in Al-Cu-Li-Sc-Zr alloy with nano-scale microstructure via laser additive manufacturing,final_v5,unique_strict,Structure,0,9,12,0.0,0.0,0.0
paper_002,Achieving superior high-temperature mechanical properties in Al-Cu-Li-Sc-Zr alloy with nano-scale microstructure via laser additive manufacturing,final_v5,unique_strict,Characterization,0,1,5,0.0,0.0,0.0
paper_002,Achieving superior high-temperature mechanical properties in Al-Cu-Li-Sc-Zr alloy with nano-scale microstructure via laser additive manufacturing,final_v5,unique_strict,Properties,13,17,22,0.764706,0.590909,0.666667
paper_002,Achieving superior high-temperature mechanical properties in Al-Cu-Li-Sc-Zr alloy with nano-scale microstructure via laser additive manufacturing,final_v5,unique_loose,Composition,0,1,5,0.0,0.0,0.0
paper_002,Achieving superior high-temperature mechanical properties in Al-Cu-Li-Sc-Zr alloy with nano-scale microstructure via laser additive manufacturing,final_v5,unique_loose,Processing,1,2,9,0.5,0.111111,0.181818
paper_002,Achieving superior high-temperature mechanical properties in Al-Cu-Li-Sc-Zr alloy with nano-scale microstructure via laser additive manufacturing,final_v5,unique_loose,Structure,2,9,12,0.222222,0.166667,0.190476
paper_002,Achieving superior high-temperature mechanical properties in Al-Cu-Li-Sc-Zr alloy with nano-scale microstructure via laser additive manufacturing,final_v5,unique_loose,Characterization,0,1,5,0.0,0.0,0.0
paper_002,Achieving superior high-temperature mechanical properties in Al-Cu-Li-Sc-Zr alloy with nano-scale microstructure via laser additive manufacturing,final_v5,unique_loose,Properties,16,17,22,0.941176,0.727273,0.820513
paper_002,Achieving superior high-temperature mechanical properties in Al-Cu-Li-Sc-Zr alloy with nano-scale microstructure via laser additive manufacturing,final_v5,raw_strict,Composition,0,1,5,0.0,0.0,0.0
paper_002,Achieving superior high-temperature mechanical properties in Al-Cu-Li-Sc-Zr alloy with nano-scale microstructure via laser additive manufacturing,final_v5,raw_strict,Processing,1,2,9,0.5,0.111111,0.181818
paper_002,Achieving superior high-temperature mechanical properties in Al-Cu-Li-Sc-Zr alloy with nano-scale microstructure via laser additive manufacturing,final_v5,raw_strict,Structure,0,9,12,0.0,0.0,0.0
paper_002,Achieving superior high-temperature mechanical properties in Al-Cu-Li-Sc-Zr alloy with nano-scale microstructure via laser additive manufacturing,final_v5,raw_strict,Characterization,0,1,5,0.0,0.0,0.0
paper_002,Achieving superior high-temperature mechanical properties in Al-Cu-Li-Sc-Zr alloy with nano-scale microstructure via laser additive manufacturing,final_v5,raw_strict,Properties,13,17,22,0.764706,0.590909,0.666667
paper_002,Achieving superior high-temperature mechanical properties in Al-Cu-Li-Sc-Zr alloy with nano-scale microstructure via laser additive manufacturing,final_v5,raw_loose,Composition,0,1,5,0.0,0.0,0.0
paper_002,Achieving superior high-temperature mechanical properties in Al-Cu-Li-Sc-Zr alloy with nano-scale microstructure via laser additive manufacturing,final_v5,raw_loose,Processing,1,2,9,0.5,0.111111,0.181818
paper_002,Achieving superior high-temperature mechanical properties in Al-Cu-Li-Sc-Zr alloy with nano-scale microstructure via laser additive manufacturing,final_v5,raw_loose,Structure,2,9,12,0.222222,0.166667,0.190476
paper_002,Achieving superior high-temperature mechanical properties in Al-Cu-Li-Sc-Zr alloy with nano-scale microstructure via laser additive manufacturing,final_v5,raw_loose,Characterization,0,1,5,0.0,0.0,0.0
paper_002,Achieving superior high-temperature mechanical properties in Al-Cu-Li-Sc-Zr alloy with nano-scale microstructure via laser additive manufacturing,final_v5,raw_loose,Properties,16,17,22,0.941176,0.727273,0.820513
paper_003,Active learning framework to optimize process parameters for additive-manufactured Ti-6Al-4V with high strength and ductility,business_gt,unique_strict,Composition,0,3,1,0.0,0.0,0.0
paper_003,Active learning framework to optimize process parameters for additive-manufactured Ti-6Al-4V with high strength and ductility,business_gt,unique_strict,Processing,26,52,31,0.5,0.83871,0.626506
paper_003,Active learning framework to optimize process parameters for additive-manufactured Ti-6Al-4V with high strength and ductility,business_gt,unique_strict,Structure,0,8,12,0.0,0.0,0.0
paper_003,Active learning framework to optimize process parameters for additive-manufactured Ti-6Al-4V with high strength and ductility,business_gt,unique_strict,Characterization,0,2,7,0.0,0.0,0.0
paper_003,Active learning framework to optimize process parameters for additive-manufactured Ti-6Al-4V with high strength and ductility,business_gt,unique_strict,Properties,20,24,20,0.833333,1.0,0.909091
paper_003,Active learning framework to optimize process parameters for additive-manufactured Ti-6Al-4V with high strength and ductility,business_gt,unique_loose,Composition,0,3,1,0.0,0.0,0.0
paper_003,Active learning framework to optimize process parameters for additive-manufactured Ti-6Al-4V with high strength and ductility,business_gt,unique_loose,Processing,29,52,31,0.557692,0.935484,0.698795
paper_003,Active learning framework to optimize process parameters for additive-manufactured Ti-6Al-4V with high strength and ductility,business_gt,unique_loose,Structure,8,8,12,1.0,0.666667,0.8
paper_003,Active learning framework to optimize process parameters for additive-manufactured Ti-6Al-4V with high strength and ductility,business_gt,unique_loose,Characterization,1,2,7,0.5,0.142857,0.222222
paper_003,Active learning framework to optimize process parameters for additive-manufactured Ti-6Al-4V with high strength and ductility,business_gt,unique_loose,Properties,20,24,20,0.833333,1.0,0.909091
paper_003,Active learning framework to optimize process parameters for additive-manufactured Ti-6Al-4V with high strength and ductility,business_gt,raw_strict,Composition,0,3,1,0.0,0.0,0.0
paper_003,Active learning framework to optimize process parameters for additive-manufactured Ti-6Al-4V with high strength and ductility,business_gt,raw_strict,Processing,48,136,51,0.352941,0.941176,0.513369
paper_003,Active learning framework to optimize process parameters for additive-manufactured Ti-6Al-4V with high strength and ductility,business_gt,raw_strict,Structure,0,8,12,0.0,0.0,0.0
paper_003,Active learning framework to optimize process parameters for additive-manufactured Ti-6Al-4V with high strength and ductility,business_gt,raw_strict,Characterization,0,8,7,0.0,0.0,0.0
paper_003,Active learning framework to optimize process parameters for additive-manufactured Ti-6Al-4V with high strength and ductility,business_gt,raw_strict,Properties,20,24,20,0.833333,1.0,0.909091
paper_003,Active learning framework to optimize process parameters for additive-manufactured Ti-6Al-4V with high strength and ductility,business_gt,raw_loose,Composition,0,3,1,0.0,0.0,0.0
paper_003,Active learning framework to optimize process parameters for additive-manufactured Ti-6Al-4V with high strength and ductility,business_gt,raw_loose,Processing,51,136,51,0.375,1.0,0.545455
paper_003,Active learning framework to optimize process parameters for additive-manufactured Ti-6Al-4V with high strength and ductility,business_gt,raw_loose,Structure,8,8,12,1.0,0.666667,0.8
paper_003,Active learning framework to optimize process parameters for additive-manufactured Ti-6Al-4V with high strength and ductility,business_gt,raw_loose,Characterization,1,8,7,0.125,0.142857,0.133333
paper_003,Active learning framework to optimize process parameters for additive-manufactured Ti-6Al-4V with high strength and ductility,business_gt,raw_loose,Properties,20,24,20,0.833333,1.0,0.909091
paper_003,Active learning framework to optimize process parameters for additive-manufactured Ti-6Al-4V with high strength and ductility,final_v5,unique_strict,Composition,0,0,1,0.0,0.0,0.0
paper_003,Active learning framework to optimize process parameters for additive-manufactured Ti-6Al-4V with high strength and ductility,final_v5,unique_strict,Processing,3,13,31,0.230769,0.096774,0.136364
paper_003,Active learning framework to optimize process parameters for additive-manufactured Ti-6Al-4V with high strength and ductility,final_v5,unique_strict,Structure,0,3,12,0.0,0.0,0.0
paper_003,Active learning framework to optimize process parameters for additive-manufactured Ti-6Al-4V with high strength and ductility,final_v5,unique_strict,Characterization,0,2,7,0.0,0.0,0.0
paper_003,Active learning framework to optimize process parameters for additive-manufactured Ti-6Al-4V with high strength and ductility,final_v5,unique_strict,Properties,20,24,20,0.833333,1.0,0.909091
paper_003,Active learning framework to optimize process parameters for additive-manufactured Ti-6Al-4V with high strength and ductility,final_v5,unique_loose,Composition,0,0,1,0.0,0.0,0.0
paper_003,Active learning framework to optimize process parameters for additive-manufactured Ti-6Al-4V with high strength and ductility,final_v5,unique_loose,Processing,6,13,31,0.461538,0.193548,0.272727
paper_003,Active learning framework to optimize process parameters for additive-manufactured Ti-6Al-4V with high strength and ductility,final_v5,unique_loose,Structure,0,3,12,0.0,0.0,0.0
paper_003,Active learning framework to optimize process parameters for additive-manufactured Ti-6Al-4V with high strength and ductility,final_v5,unique_loose,Characterization,1,2,7,0.5,0.142857,0.222222
paper_003,Active learning framework to optimize process parameters for additive-manufactured Ti-6Al-4V with high strength and ductility,final_v5,unique_loose,Properties,20,24,20,0.833333,1.0,0.909091
paper_003,Active learning framework to optimize process parameters for additive-manufactured Ti-6Al-4V with high strength and ductility,final_v5,raw_strict,Composition,0,0,1,0.0,0.0,0.0
paper_003,Active learning framework to optimize process parameters for additive-manufactured Ti-6Al-4V with high strength and ductility,final_v5,raw_strict,Processing,10,23,51,0.434783,0.196078,0.27027
paper_003,Active learning framework to optimize process parameters for additive-manufactured Ti-6Al-4V with high strength and ductility,final_v5,raw_strict,Structure,0,3,12,0.0,0.0,0.0
paper_003,Active learning framework to optimize process parameters for additive-manufactured Ti-6Al-4V with high strength and ductility,final_v5,raw_strict,Characterization,0,2,7,0.0,0.0,0.0
paper_003,Active learning framework to optimize process parameters for additive-manufactured Ti-6Al-4V with high strength and ductility,final_v5,raw_strict,Properties,20,24,20,0.833333,1.0,0.909091
paper_003,Active learning framework to optimize process parameters for additive-manufactured Ti-6Al-4V with high strength and ductility,final_v5,raw_loose,Composition,0,0,1,0.0,0.0,0.0
paper_003,Active learning framework to optimize process parameters for additive-manufactured Ti-6Al-4V with high strength and ductility,final_v5,raw_loose,Processing,13,23,51,0.565217,0.254902,0.351351
paper_003,Active learning framework to optimize process parameters for additive-manufactured Ti-6Al-4V with high strength and ductility,final_v5,raw_loose,Structure,0,3,12,0.0,0.0,0.0
paper_003,Active learning framework to optimize process parameters for additive-manufactured Ti-6Al-4V with high strength and ductility,final_v5,raw_loose,Characterization,1,2,7,0.5,0.142857,0.222222
paper_003,Active learning framework to optimize process parameters for additive-manufactured Ti-6Al-4V with high strength and ductility,final_v5,raw_loose,Properties,20,24,20,0.833333,1.0,0.909091
paper_004,Additively manufactured heterogeneous precipitation-strengthened high-entropy alloys with high strength and ductility,business_gt,unique_strict,Composition,6,23,24,0.26087,0.25,0.255319
paper_004,Additively manufactured heterogeneous precipitation-strengthened high-entropy alloys with high strength and ductility,business_gt,unique_strict,Processing,0,16,11,0.0,0.0,0.0
paper_004,Additively manufactured heterogeneous precipitation-strengthened high-entropy alloys with high strength and ductility,business_gt,unique_strict,Structure,2,10,8,0.2,0.25,0.222222
paper_004,Additively manufactured heterogeneous precipitation-strengthened high-entropy alloys with high strength and ductility,business_gt,unique_strict,Characterization,0,6,7,0.0,0.0,0.0
paper_004,Additively manufactured heterogeneous precipitation-strengthened high-entropy alloys with high strength and ductility,business_gt,unique_strict,Properties,0,12,12,0.0,0.0,0.0
paper_004,Additively manufactured heterogeneous precipitation-strengthened high-entropy alloys with high strength and ductility,business_gt,unique_loose,Composition,23,23,24,1.0,0.958333,0.978723
paper_004,Additively manufactured heterogeneous precipitation-strengthened high-entropy alloys with high strength and ductility,business_gt,unique_loose,Processing,8,16,11,0.5,0.727273,0.592593
paper_004,Additively manufactured heterogeneous precipitation-strengthened high-entropy alloys with high strength and ductility,business_gt,unique_loose,Structure,3,10,8,0.3,0.375,0.333333
paper_004,Additively manufactured heterogeneous precipitation-strengthened high-entropy alloys with high strength and ductility,business_gt,unique_loose,Characterization,4,6,7,0.666667,0.571429,0.615385
paper_004,Additively manufactured heterogeneous precipitation-strengthened high-entropy alloys with high strength and ductility,business_gt,unique_loose,Properties,10,12,12,0.833333,0.833333,0.833333
paper_004,Additively manufactured heterogeneous precipitation-strengthened high-entropy alloys with high strength and ductility,business_gt,raw_strict,Composition,6,24,24,0.25,0.25,0.25
paper_004,Additively manufactured heterogeneous precipitation-strengthened high-entropy alloys with high strength and ductility,business_gt,raw_strict,Processing,0,28,11,0.0,0.0,0.0
paper_004,Additively manufactured heterogeneous precipitation-strengthened high-entropy alloys with high strength and ductility,business_gt,raw_strict,Structure,2,10,8,0.2,0.25,0.222222
paper_004,Additively manufactured heterogeneous precipitation-strengthened high-entropy alloys with high strength and ductility,business_gt,raw_strict,Characterization,0,12,7,0.0,0.0,0.0
paper_004,Additively manufactured heterogeneous precipitation-strengthened high-entropy alloys with high strength and ductility,business_gt,raw_strict,Properties,0,12,12,0.0,0.0,0.0
paper_004,Additively manufactured heterogeneous precipitation-strengthened high-entropy alloys with high strength and ductility,business_gt,raw_loose,Composition,24,24,24,1.0,1.0,1.0
paper_004,Additively manufactured heterogeneous precipitation-strengthened high-entropy alloys with high strength and ductility,business_gt,raw_loose,Processing,8,28,11,0.285714,0.727273,0.410256
paper_004,Additively manufactured heterogeneous precipitation-strengthened high-entropy alloys with high strength and ductility,business_gt,raw_loose,Structure,3,10,8,0.3,0.375,0.333333
paper_004,Additively manufactured heterogeneous precipitation-strengthened high-entropy alloys with high strength and ductility,business_gt,raw_loose,Characterization,4,12,7,0.333333,0.571429,0.421053
paper_004,Additively manufactured heterogeneous precipitation-strengthened high-entropy alloys with high strength and ductility,business_gt,raw_loose,Properties,10,12,12,0.833333,0.833333,0.833333
paper_004,Additively manufactured heterogeneous precipitation-strengthened high-entropy alloys with high strength and ductility,final_v5,unique_strict,Composition,0,5,24,0.0,0.0,0.0
paper_004,Additively manufactured heterogeneous precipitation-strengthened high-entropy alloys with high strength and ductility,final_v5,unique_strict,Processing,2,3,11,0.666667,0.181818,0.285714
paper_004,Additively manufactured heterogeneous precipitation-strengthened high-entropy alloys with high strength and ductility,final_v5,unique_strict,Structure,0,4,8,0.0,0.0,0.0
paper_004,Additively manufactured heterogeneous precipitation-strengthened high-entropy alloys with high strength and ductility,final_v5,unique_strict,Characterization,1,1,7,1.0,0.142857,0.25
paper_004,Additively manufactured heterogeneous precipitation-strengthened high-entropy alloys with high strength and ductility,final_v5,unique_strict,Properties,0,3,12,0.0,0.0,0.0
paper_004,Additively manufactured heterogeneous precipitation-strengthened high-entropy alloys with high strength and ductility,final_v5,unique_loose,Composition,3,5,24,0.6,0.125,0.206897
paper_004,Additively manufactured heterogeneous precipitation-strengthened high-entropy alloys with high strength and ductility,final_v5,unique_loose,Processing,2,3,11,0.666667,0.181818,0.285714
paper_004,Additively manufactured heterogeneous precipitation-strengthened high-entropy alloys with high strength and ductility,final_v5,unique_loose,Structure,0,4,8,0.0,0.0,0.0
paper_004,Additively manufactured heterogeneous precipitation-strengthened high-entropy alloys with high strength and ductility,final_v5,unique_loose,Characterization,1,1,7,1.0,0.142857,0.25
paper_004,Additively manufactured heterogeneous precipitation-strengthened high-entropy alloys with high strength and ductility,final_v5,unique_loose,Properties,1,3,12,0.333333,0.083333,0.133333
paper_004,Additively manufactured heterogeneous precipitation-strengthened high-entropy alloys with high strength and ductility,final_v5,raw_strict,Composition,0,5,24,0.0,0.0,0.0
paper_004,Additively manufactured heterogeneous precipitation-strengthened high-entropy alloys with high strength and ductility,final_v5,raw_strict,Processing,2,3,11,0.666667,0.181818,0.285714
paper_004,Additively manufactured heterogeneous precipitation-strengthened high-entropy alloys with high strength and ductility,final_v5,raw_strict,Structure,0,4,8,0.0,0.0,0.0
paper_004,Additively manufactured heterogeneous precipitation-strengthened high-entropy alloys with high strength and ductility,final_v5,raw_strict,Characterization,1,1,7,1.0,0.142857,0.25
paper_004,Additively manufactured heterogeneous precipitation-strengthened high-entropy alloys with high strength and ductility,final_v5,raw_strict,Properties,0,3,12,0.0,0.0,0.0
paper_004,Additively manufactured heterogeneous precipitation-strengthened high-entropy alloys with high strength and ductility,final_v5,raw_loose,Composition,3,5,24,0.6,0.125,0.206897
paper_004,Additively manufactured heterogeneous precipitation-strengthened high-entropy alloys with high strength and ductility,final_v5,raw_loose,Processing,2,3,11,0.666667,0.181818,0.285714
paper_004,Additively manufactured heterogeneous precipitation-strengthened high-entropy alloys with high strength and ductility,final_v5,raw_loose,Structure,0,4,8,0.0,0.0,0.0
paper_004,Additively manufactured heterogeneous precipitation-strengthened high-entropy alloys with high strength and ductility,final_v5,raw_loose,Characterization,1,1,7,1.0,0.142857,0.25
paper_004,Additively manufactured heterogeneous precipitation-strengthened high-entropy alloys with high strength and ductility,final_v5,raw_loose,Properties,1,3,12,0.333333,0.083333,0.133333
paper_005,"Additive manufacturing of an ultrastrong, deformable Al alloy with nanoscale intermetallics",business_gt,unique_strict,Composition,5,15,5,0.333333,1.0,0.5
paper_005,"Additive manufacturing of an ultrastrong, deformable Al alloy with nanoscale intermetallics",business_gt,unique_strict,Processing,0,20,9,0.0,0.0,0.0
paper_005,"Additive manufacturing of an ultrastrong, deformable Al alloy with nanoscale intermetallics",business_gt,unique_strict,Structure,0,17,12,0.0,0.0,0.0
paper_005,"Additive manufacturing of an ultrastrong, deformable Al alloy with nanoscale intermetallics",business_gt,unique_strict,Characterization,0,5,5,0.0,0.0,0.0
paper_005,"Additive manufacturing of an ultrastrong, deformable Al alloy with nanoscale intermetallics",business_gt,unique_strict,Properties,1,13,10,0.076923,0.1,0.086957
paper_005,"Additive manufacturing of an ultrastrong, deformable Al alloy with nanoscale intermetallics",business_gt,unique_loose,Composition,5,15,5,0.333333,1.0,0.5
paper_005,"Additive manufacturing of an ultrastrong, deformable Al alloy with nanoscale intermetallics",business_gt,unique_loose,Processing,6,20,9,0.3,0.666667,0.413793
paper_005,"Additive manufacturing of an ultrastrong, deformable Al alloy with nanoscale intermetallics",business_gt,unique_loose,Structure,7,17,12,0.411765,0.583333,0.482759
paper_005,"Additive manufacturing of an ultrastrong, deformable Al alloy with nanoscale intermetallics",business_gt,unique_loose,Characterization,2,5,5,0.4,0.4,0.4
paper_005,"Additive manufacturing of an ultrastrong, deformable Al alloy with nanoscale intermetallics",business_gt,unique_loose,Properties,1,13,10,0.076923,0.1,0.086957
paper_005,"Additive manufacturing of an ultrastrong, deformable Al alloy with nanoscale intermetallics",business_gt,raw_strict,Composition,5,15,5,0.333333,1.0,0.5
paper_005,"Additive manufacturing of an ultrastrong, deformable Al alloy with nanoscale intermetallics",business_gt,raw_strict,Processing,0,42,9,0.0,0.0,0.0
paper_005,"Additive manufacturing of an ultrastrong, deformable Al alloy with nanoscale intermetallics",business_gt,raw_strict,Structure,0,17,12,0.0,0.0,0.0
paper_005,"Additive manufacturing of an ultrastrong, deformable Al alloy with nanoscale intermetallics",business_gt,raw_strict,Characterization,0,5,5,0.0,0.0,0.0
paper_005,"Additive manufacturing of an ultrastrong, deformable Al alloy with nanoscale intermetallics",business_gt,raw_strict,Properties,1,15,11,0.066667,0.090909,0.076923
paper_005,"Additive manufacturing of an ultrastrong, deformable Al alloy with nanoscale intermetallics",business_gt,raw_loose,Composition,5,15,5,0.333333,1.0,0.5
paper_005,"Additive manufacturing of an ultrastrong, deformable Al alloy with nanoscale intermetallics",business_gt,raw_loose,Processing,6,42,9,0.142857,0.666667,0.235294
paper_005,"Additive manufacturing of an ultrastrong, deformable Al alloy with nanoscale intermetallics",business_gt,raw_loose,Structure,7,17,12,0.411765,0.583333,0.482759
paper_005,"Additive manufacturing of an ultrastrong, deformable Al alloy with nanoscale intermetallics",business_gt,raw_loose,Characterization,2,5,5,0.4,0.4,0.4
paper_005,"Additive manufacturing of an ultrastrong, deformable Al alloy with nanoscale intermetallics",business_gt,raw_loose,Properties,1,15,11,0.066667,0.090909,0.076923
paper_005,"Additive manufacturing of an ultrastrong, deformable Al alloy with nanoscale intermetallics",final_v5,unique_strict,Composition,0,16,5,0.0,0.0,0.0
paper_005,"Additive manufacturing of an ultrastrong, deformable Al alloy with nanoscale intermetallics",final_v5,unique_strict,Processing,0,14,9,0.0,0.0,0.0
paper_005,"Additive manufacturing of an ultrastrong, deformable Al alloy with nanoscale intermetallics",final_v5,unique_strict,Structure,0,11,12,0.0,0.0,0.0
paper_005,"Additive manufacturing of an ultrastrong, deformable Al alloy with nanoscale intermetallics",final_v5,unique_strict,Characterization,0,6,5,0.0,0.0,0.0
paper_005,"Additive manufacturing of an ultrastrong, deformable Al alloy with nanoscale intermetallics",final_v5,unique_strict,Properties,0,7,10,0.0,0.0,0.0
paper_005,"Additive manufacturing of an ultrastrong, deformable Al alloy with nanoscale intermetallics",final_v5,unique_loose,Composition,0,16,5,0.0,0.0,0.0
paper_005,"Additive manufacturing of an ultrastrong, deformable Al alloy with nanoscale intermetallics",final_v5,unique_loose,Processing,7,14,9,0.5,0.777778,0.608696
paper_005,"Additive manufacturing of an ultrastrong, deformable Al alloy with nanoscale intermetallics",final_v5,unique_loose,Structure,1,11,12,0.090909,0.083333,0.086957
paper_005,"Additive manufacturing of an ultrastrong, deformable Al alloy with nanoscale intermetallics",final_v5,unique_loose,Characterization,2,6,5,0.333333,0.4,0.363636
paper_005,"Additive manufacturing of an ultrastrong, deformable Al alloy with nanoscale intermetallics",final_v5,unique_loose,Properties,0,7,10,0.0,0.0,0.0
paper_005,"Additive manufacturing of an ultrastrong, deformable Al alloy with nanoscale intermetallics",final_v5,raw_strict,Composition,0,16,5,0.0,0.0,0.0
paper_005,"Additive manufacturing of an ultrastrong, deformable Al alloy with nanoscale intermetallics",final_v5,raw_strict,Processing,0,14,9,0.0,0.0,0.0
paper_005,"Additive manufacturing of an ultrastrong, deformable Al alloy with nanoscale intermetallics",final_v5,raw_strict,Structure,0,11,12,0.0,0.0,0.0
paper_005,"Additive manufacturing of an ultrastrong, deformable Al alloy with nanoscale intermetallics",final_v5,raw_strict,Characterization,0,6,5,0.0,0.0,0.0
paper_005,"Additive manufacturing of an ultrastrong, deformable Al alloy with nanoscale intermetallics",final_v5,raw_strict,Properties,0,7,11,0.0,0.0,0.0
paper_005,"Additive manufacturing of an ultrastrong, deformable Al alloy with nanoscale intermetallics",final_v5,raw_loose,Composition,0,16,5,0.0,0.0,0.0
paper_005,"Additive manufacturing of an ultrastrong, deformable Al alloy with nanoscale intermetallics",final_v5,raw_loose,Processing,7,14,9,0.5,0.777778,0.608696
paper_005,"Additive manufacturing of an ultrastrong, deformable Al alloy with nanoscale intermetallics",final_v5,raw_loose,Structure,1,11,12,0.090909,0.083333,0.086957
paper_005,"Additive manufacturing of an ultrastrong, deformable Al alloy with nanoscale intermetallics",final_v5,raw_loose,Characterization,2,6,5,0.333333,0.4,0.363636
paper_005,"Additive manufacturing of an ultrastrong, deformable Al alloy with nanoscale intermetallics",final_v5,raw_loose,Properties,0,7,11,0.0,0.0,0.0
paper_006,Additive manufacturing Ti-22Al-25 Nb alloy with excellent high temperature tensile properties by electron beam powder bed fusion,business_gt,unique_strict,Composition,14,16,17,0.875,0.823529,0.848485
paper_006,Additive manufacturing Ti-22Al-25 Nb alloy with excellent high temperature tensile properties by electron beam powder bed fusion,business_gt,unique_strict,Processing,10,27,13,0.37037,0.769231,0.5
paper_006,Additive manufacturing Ti-22Al-25 Nb alloy with excellent high temperature tensile properties by electron beam powder bed fusion,business_gt,unique_strict,Structure,10,15,12,0.666667,0.833333,0.740741
paper_006,Additive manufacturing Ti-22Al-25 Nb alloy with excellent high temperature tensile properties by electron beam powder bed fusion,business_gt,unique_strict,Characterization,4,5,5,0.8,0.8,0.8
paper_006,Additive manufacturing Ti-22Al-25 Nb alloy with excellent high temperature tensile properties by electron beam powder bed fusion,business_gt,unique_strict,Properties,11,23,27,0.478261,0.407407,0.44
paper_006,Additive manufacturing Ti-22Al-25 Nb alloy with excellent high temperature tensile properties by electron beam powder bed fusion,business_gt,unique_loose,Composition,14,16,17,0.875,0.823529,0.848485
paper_006,Additive manufacturing Ti-22Al-25 Nb alloy with excellent high temperature tensile properties by electron beam powder bed fusion,business_gt,unique_loose,Processing,10,27,13,0.37037,0.769231,0.5
paper_006,Additive manufacturing Ti-22Al-25 Nb alloy with excellent high temperature tensile properties by electron beam powder bed fusion,business_gt,unique_loose,Structure,10,15,12,0.666667,0.833333,0.740741
paper_006,Additive manufacturing Ti-22Al-25 Nb alloy with excellent high temperature tensile properties by electron beam powder bed fusion,business_gt,unique_loose,Characterization,4,5,5,0.8,0.8,0.8
paper_006,Additive manufacturing Ti-22Al-25 Nb alloy with excellent high temperature tensile properties by electron beam powder bed fusion,business_gt,unique_loose,Properties,11,23,27,0.478261,0.407407,0.44
paper_006,Additive manufacturing Ti-22Al-25 Nb alloy with excellent high temperature tensile properties by electron beam powder bed fusion,business_gt,raw_strict,Composition,15,18,19,0.833333,0.789474,0.810811
paper_006,Additive manufacturing Ti-22Al-25 Nb alloy with excellent high temperature tensile properties by electron beam powder bed fusion,business_gt,raw_strict,Processing,10,27,13,0.37037,0.769231,0.5
paper_006,Additive manufacturing Ti-22Al-25 Nb alloy with excellent high temperature tensile properties by electron beam powder bed fusion,business_gt,raw_strict,Structure,10,16,12,0.625,0.833333,0.714286
paper_006,Additive manufacturing Ti-22Al-25 Nb alloy with excellent high temperature tensile properties by electron beam powder bed fusion,business_gt,raw_strict,Characterization,4,10,5,0.4,0.8,0.533333
paper_006,Additive manufacturing Ti-22Al-25 Nb alloy with excellent high temperature tensile properties by electron beam powder bed fusion,business_gt,raw_strict,Properties,11,23,27,0.478261,0.407407,0.44
paper_006,Additive manufacturing Ti-22Al-25 Nb alloy with excellent high temperature tensile properties by electron beam powder bed fusion,business_gt,raw_loose,Composition,15,18,19,0.833333,0.789474,0.810811
paper_006,Additive manufacturing Ti-22Al-25 Nb alloy with excellent high temperature tensile properties by electron beam powder bed fusion,business_gt,raw_loose,Processing,10,27,13,0.37037,0.769231,0.5
paper_006,Additive manufacturing Ti-22Al-25 Nb alloy with excellent high temperature tensile properties by electron beam powder bed fusion,business_gt,raw_loose,Structure,10,16,12,0.625,0.833333,0.714286
paper_006,Additive manufacturing Ti-22Al-25 Nb alloy with excellent high temperature tensile properties by electron beam powder bed fusion,business_gt,raw_loose,Characterization,4,10,5,0.4,0.8,0.533333
paper_006,Additive manufacturing Ti-22Al-25 Nb alloy with excellent high temperature tensile properties by electron beam powder bed fusion,business_gt,raw_loose,Properties,11,23,27,0.478261,0.407407,0.44
paper_006,Additive manufacturing Ti-22Al-25 Nb alloy with excellent high temperature tensile properties by electron beam powder bed fusion,final_v5,unique_strict,Composition,13,28,17,0.464286,0.764706,0.577778
paper_006,Additive manufacturing Ti-22Al-25 Nb alloy with excellent high temperature tensile properties by electron beam powder bed fusion,final_v5,unique_strict,Processing,10,14,13,0.714286,0.769231,0.740741
paper_006,Additive manufacturing Ti-22Al-25 Nb alloy with excellent high temperature tensile properties by electron beam powder bed fusion,final_v5,unique_strict,Structure,3,13,12,0.230769,0.25,0.24
paper_006,Additive manufacturing Ti-22Al-25 Nb alloy with excellent high temperature tensile properties by electron beam powder bed fusion,final_v5,unique_strict,Characterization,0,4,5,0.0,0.0,0.0
paper_006,Additive manufacturing Ti-22Al-25 Nb alloy with excellent high temperature tensile properties by electron beam powder bed fusion,final_v5,unique_strict,Properties,11,16,27,0.6875,0.407407,0.511628
paper_006,Additive manufacturing Ti-22Al-25 Nb alloy with excellent high temperature tensile properties by electron beam powder bed fusion,final_v5,unique_loose,Composition,15,28,17,0.535714,0.882353,0.666667
paper_006,Additive manufacturing Ti-22Al-25 Nb alloy with excellent high temperature tensile properties by electron beam powder bed fusion,final_v5,unique_loose,Processing,10,14,13,0.714286,0.769231,0.740741
paper_006,Additive manufacturing Ti-22Al-25 Nb alloy with excellent high temperature tensile properties by electron beam powder bed fusion,final_v5,unique_loose,Structure,3,13,12,0.230769,0.25,0.24
paper_006,Additive manufacturing Ti-22Al-25 Nb alloy with excellent high temperature tensile properties by electron beam powder bed fusion,final_v5,unique_loose,Characterization,0,4,5,0.0,0.0,0.0
paper_006,Additive manufacturing Ti-22Al-25 Nb alloy with excellent high temperature tensile properties by electron beam powder bed fusion,final_v5,unique_loose,Properties,12,16,27,0.75,0.444444,0.55814
paper_006,Additive manufacturing Ti-22Al-25 Nb alloy with excellent high temperature tensile properties by electron beam powder bed fusion,final_v5,raw_strict,Composition,17,31,19,0.548387,0.894737,0.68
paper_006,Additive manufacturing Ti-22Al-25 Nb alloy with excellent high temperature tensile properties by electron beam powder bed fusion,final_v5,raw_strict,Processing,10,14,13,0.714286,0.769231,0.740741
paper_006,Additive manufacturing Ti-22Al-25 Nb alloy with excellent high temperature tensile properties by electron beam powder bed fusion,final_v5,raw_strict,Structure,3,13,12,0.230769,0.25,0.24
paper_006,Additive manufacturing Ti-22Al-25 Nb alloy with excellent high temperature tensile properties by electron beam powder bed fusion,final_v5,raw_strict,Characterization,0,4,5,0.0,0.0,0.0
paper_006,Additive manufacturing Ti-22Al-25 Nb alloy with excellent high temperature tensile properties by electron beam powder bed fusion,final_v5,raw_strict,Properties,11,16,27,0.6875,0.407407,0.511628
paper_006,Additive manufacturing Ti-22Al-25 Nb alloy with excellent high temperature tensile properties by electron beam powder bed fusion,final_v5,raw_loose,Composition,18,31,19,0.580645,0.947368,0.72
paper_006,Additive manufacturing Ti-22Al-25 Nb alloy with excellent high temperature tensile properties by electron beam powder bed fusion,final_v5,raw_loose,Processing,10,14,13,0.714286,0.769231,0.740741
paper_006,Additive manufacturing Ti-22Al-25 Nb alloy with excellent high temperature tensile properties by electron beam powder bed fusion,final_v5,raw_loose,Structure,3,13,12,0.230769,0.25,0.24
paper_006,Additive manufacturing Ti-22Al-25 Nb alloy with excellent high temperature tensile properties by electron beam powder bed fusion,final_v5,raw_loose,Characterization,0,4,5,0.0,0.0,0.0
paper_006,Additive manufacturing Ti-22Al-25 Nb alloy with excellent high temperature tensile properties by electron beam powder bed fusion,final_v5,raw_loose,Properties,12,16,27,0.75,0.444444,0.55814
paper_007,Characterization of Inconel 625 fabricated using powder-bed-based additive manufacturing technologies,business_gt,unique_strict,Composition,14,21,27,0.666667,0.518519,0.583333
paper_007,Characterization of Inconel 625 fabricated using powder-bed-based additive manufacturing technologies,business_gt,unique_strict,Processing,0,34,17,0.0,0.0,0.0
paper_007,Characterization of Inconel 625 fabricated using powder-bed-based additive manufacturing technologies,business_gt,unique_strict,Structure,3,8,20,0.375,0.15,0.214286
paper_007,Characterization of Inconel 625 fabricated using powder-bed-based additive manufacturing technologies,business_gt,unique_strict,Characterization,0,1,12,0.0,0.0,0.0
paper_007,Characterization of Inconel 625 fabricated using powder-bed-based additive manufacturing technologies,business_gt,unique_strict,Properties,1,33,38,0.030303,0.026316,0.028169
paper_007,Characterization of Inconel 625 fabricated using powder-bed-based additive manufacturing technologies,business_gt,unique_loose,Composition,21,21,27,1.0,0.777778,0.875
paper_007,Characterization of Inconel 625 fabricated using powder-bed-based additive manufacturing technologies,business_gt,unique_loose,Processing,14,34,17,0.411765,0.823529,0.54902
paper_007,Characterization of Inconel 625 fabricated using powder-bed-based additive manufacturing technologies,business_gt,unique_loose,Structure,4,8,20,0.5,0.2,0.285714
paper_007,Characterization of Inconel 625 fabricated using powder-bed-based additive manufacturing technologies,business_gt,unique_loose,Characterization,1,1,12,1.0,0.083333,0.153846
paper_007,Characterization of Inconel 625 fabricated using powder-bed-based additive manufacturing technologies,business_gt,unique_loose,Properties,25,33,38,0.757576,0.657895,0.704225
paper_007,Characterization of Inconel 625 fabricated using powder-bed-based additive manufacturing technologies,business_gt,raw_strict,Composition,14,21,27,0.666667,0.518519,0.583333
paper_007,Characterization of Inconel 625 fabricated using powder-bed-based additive manufacturing technologies,business_gt,raw_strict,Processing,0,78,21,0.0,0.0,0.0
paper_007,Characterization of Inconel 625 fabricated using powder-bed-based additive manufacturing technologies,business_gt,raw_strict,Structure,3,8,23,0.375,0.130435,0.193548
paper_007,Characterization of Inconel 625 fabricated using powder-bed-based additive manufacturing technologies,business_gt,raw_strict,Characterization,0,6,34,0.0,0.0,0.0
paper_007,Characterization of Inconel 625 fabricated using powder-bed-based additive manufacturing technologies,business_gt,raw_strict,Properties,1,33,40,0.030303,0.025,0.027397
paper_007,Characterization of Inconel 625 fabricated using powder-bed-based additive manufacturing technologies,business_gt,raw_loose,Composition,21,21,27,1.0,0.777778,0.875
paper_007,Characterization of Inconel 625 fabricated using powder-bed-based additive manufacturing technologies,business_gt,raw_loose,Processing,14,78,21,0.179487,0.666667,0.282828
paper_007,Characterization of Inconel 625 fabricated using powder-bed-based additive manufacturing technologies,business_gt,raw_loose,Structure,4,8,23,0.5,0.173913,0.258065
paper_007,Characterization of Inconel 625 fabricated using powder-bed-based additive manufacturing technologies,business_gt,raw_loose,Characterization,6,6,34,1.0,0.176471,0.3
paper_007,Characterization of Inconel 625 fabricated using powder-bed-based additive manufacturing technologies,business_gt,raw_loose,Properties,25,33,40,0.757576,0.625,0.684932
paper_007,Characterization of Inconel 625 fabricated using powder-bed-based additive manufacturing technologies,final_v5,unique_strict,Composition,21,33,27,0.636364,0.777778,0.7
paper_007,Characterization of Inconel 625 fabricated using powder-bed-based additive manufacturing technologies,final_v5,unique_strict,Processing,3,25,17,0.12,0.176471,0.142857
paper_007,Characterization of Inconel 625 fabricated using powder-bed-based additive manufacturing technologies,final_v5,unique_strict,Structure,6,28,20,0.214286,0.3,0.25
paper_007,Characterization of Inconel 625 fabricated using powder-bed-based additive manufacturing technologies,final_v5,unique_strict,Characterization,2,5,12,0.4,0.166667,0.235294
paper_007,Characterization of Inconel 625 fabricated using powder-bed-based additive manufacturing technologies,final_v5,unique_strict,Properties,8,31,38,0.258065,0.210526,0.231884
paper_007,Characterization of Inconel 625 fabricated using powder-bed-based additive manufacturing technologies,final_v5,unique_loose,Composition,27,33,27,0.818182,1.0,0.9
paper_007,Characterization of Inconel 625 fabricated using powder-bed-based additive manufacturing technologies,final_v5,unique_loose,Processing,11,25,17,0.44,0.647059,0.52381
paper_007,Characterization of Inconel 625 fabricated using powder-bed-based additive manufacturing technologies,final_v5,unique_loose,Structure,7,28,20,0.25,0.35,0.291667
paper_007,Characterization of Inconel 625 fabricated using powder-bed-based additive manufacturing technologies,final_v5,unique_loose,Characterization,2,5,12,0.4,0.166667,0.235294
paper_007,Characterization of Inconel 625 fabricated using powder-bed-based additive manufacturing technologies,final_v5,unique_loose,Properties,21,31,38,0.677419,0.552632,0.608696
paper_007,Characterization of Inconel 625 fabricated using powder-bed-based additive manufacturing technologies,final_v5,raw_strict,Composition,21,33,27,0.636364,0.777778,0.7
paper_007,Characterization of Inconel 625 fabricated using powder-bed-based additive manufacturing technologies,final_v5,raw_strict,Processing,3,25,21,0.12,0.142857,0.130435
paper_007,Characterization of Inconel 625 fabricated using powder-bed-based additive manufacturing technologies,final_v5,raw_strict,Structure,6,28,23,0.214286,0.26087,0.235294
paper_007,Characterization of Inconel 625 fabricated using powder-bed-based additive manufacturing technologies,final_v5,raw_strict,Characterization,2,5,34,0.4,0.058824,0.102564
paper_007,Characterization of Inconel 625 fabricated using powder-bed-based additive manufacturing technologies,final_v5,raw_strict,Properties,9,31,40,0.290323,0.225,0.253521
paper_007,Characterization of Inconel 625 fabricated using powder-bed-based additive manufacturing technologies,final_v5,raw_loose,Composition,27,33,27,0.818182,1.0,0.9
paper_007,Characterization of Inconel 625 fabricated using powder-bed-based additive manufacturing technologies,final_v5,raw_loose,Processing,11,25,21,0.44,0.52381,0.478261
paper_007,Characterization of Inconel 625 fabricated using powder-bed-based additive manufacturing technologies,final_v5,raw_loose,Structure,7,28,23,0.25,0.304348,0.27451
paper_007,Characterization of Inconel 625 fabricated using powder-bed-based additive manufacturing technologies,final_v5,raw_loose,Characterization,2,5,34,0.4,0.058824,0.102564
paper_007,Characterization of Inconel 625 fabricated using powder-bed-based additive manufacturing technologies,final_v5,raw_loose,Properties,22,31,40,0.709677,0.55,0.619718
paper_008,"Densification, microstructure, and mechanical properties of heat-treated MAR-M247 fabricated by Binder Jetting",business_gt,unique_strict,Composition,0,13,14,0.0,0.0,0.0
paper_008,"Densification, microstructure, and mechanical properties of heat-treated MAR-M247 fabricated by Binder Jetting",business_gt,unique_strict,Processing,0,43,37,0.0,0.0,0.0
paper_008,"Densification, microstructure, and mechanical properties of heat-treated MAR-M247 fabricated by Binder Jetting",business_gt,unique_strict,Structure,3,24,11,0.125,0.272727,0.171429
paper_008,"Densification, microstructure, and mechanical properties of heat-treated MAR-M247 fabricated by Binder Jetting",business_gt,unique_strict,Characterization,0,5,20,0.0,0.0,0.0
paper_008,"Densification, microstructure, and mechanical properties of heat-treated MAR-M247 fabricated by Binder Jetting",business_gt,unique_strict,Properties,0,5,49,0.0,0.0,0.0
paper_008,"Densification, microstructure, and mechanical properties of heat-treated MAR-M247 fabricated by Binder Jetting",business_gt,unique_loose,Composition,13,13,14,1.0,0.928571,0.962963
paper_008,"Densification, microstructure, and mechanical properties of heat-treated MAR-M247 fabricated by Binder Jetting",business_gt,unique_loose,Processing,16,43,37,0.372093,0.432432,0.4
paper_008,"Densification, microstructure, and mechanical properties of heat-treated MAR-M247 fabricated by Binder Jetting",business_gt,unique_loose,Structure,3,24,11,0.125,0.272727,0.171429
paper_008,"Densification, microstructure, and mechanical properties of heat-treated MAR-M247 fabricated by Binder Jetting",business_gt,unique_loose,Characterization,4,5,20,0.8,0.2,0.32
paper_008,"Densification, microstructure, and mechanical properties of heat-treated MAR-M247 fabricated by Binder Jetting",business_gt,unique_loose,Properties,4,5,49,0.8,0.081633,0.148148
paper_008,"Densification, microstructure, and mechanical properties of heat-treated MAR-M247 fabricated by Binder Jetting",business_gt,raw_strict,Composition,0,13,14,0.0,0.0,0.0
paper_008,"Densification, microstructure, and mechanical properties of heat-treated MAR-M247 fabricated by Binder Jetting",business_gt,raw_strict,Processing,0,186,37,0.0,0.0,0.0
paper_008,"Densification, microstructure, and mechanical properties of heat-treated MAR-M247 fabricated by Binder Jetting",business_gt,raw_strict,Structure,3,24,11,0.125,0.272727,0.171429
paper_008,"Densification, microstructure, and mechanical properties of heat-treated MAR-M247 fabricated by Binder Jetting",business_gt,raw_strict,Characterization,0,7,20,0.0,0.0,0.0
paper_008,"Densification, microstructure, and mechanical properties of heat-treated MAR-M247 fabricated by Binder Jetting",business_gt,raw_strict,Properties,0,5,49,0.0,0.0,0.0
paper_008,"Densification, microstructure, and mechanical properties of heat-treated MAR-M247 fabricated by Binder Jetting",business_gt,raw_loose,Composition,13,13,14,1.0,0.928571,0.962963
paper_008,"Densification, microstructure, and mechanical properties of heat-treated MAR-M247 fabricated by Binder Jetting",business_gt,raw_loose,Processing,23,186,37,0.123656,0.621622,0.206278
paper_008,"Densification, microstructure, and mechanical properties of heat-treated MAR-M247 fabricated by Binder Jetting",business_gt,raw_loose,Structure,3,24,11,0.125,0.272727,0.171429
paper_008,"Densification, microstructure, and mechanical properties of heat-treated MAR-M247 fabricated by Binder Jetting",business_gt,raw_loose,Characterization,5,7,20,0.714286,0.25,0.37037
paper_008,"Densification, microstructure, and mechanical properties of heat-treated MAR-M247 fabricated by Binder Jetting",business_gt,raw_loose,Properties,4,5,49,0.8,0.081633,0.148148
paper_008,"Densification, microstructure, and mechanical properties of heat-treated MAR-M247 fabricated by Binder Jetting",final_v5,unique_strict,Composition,0,8,14,0.0,0.0,0.0
paper_008,"Densification, microstructure, and mechanical properties of heat-treated MAR-M247 fabricated by Binder Jetting",final_v5,unique_strict,Processing,0,34,37,0.0,0.0,0.0
paper_008,"Densification, microstructure, and mechanical properties of heat-treated MAR-M247 fabricated by Binder Jetting",final_v5,unique_strict,Structure,0,4,11,0.0,0.0,0.0
paper_008,"Densification, microstructure, and mechanical properties of heat-treated MAR-M247 fabricated by Binder Jetting",final_v5,unique_strict,Characterization,0,0,20,0.0,0.0,0.0
paper_008,"Densification, microstructure, and mechanical properties of heat-treated MAR-M247 fabricated by Binder Jetting",final_v5,unique_strict,Properties,12,23,49,0.521739,0.244898,0.333333
paper_008,"Densification, microstructure, and mechanical properties of heat-treated MAR-M247 fabricated by Binder Jetting",final_v5,unique_loose,Composition,8,8,14,1.0,0.571429,0.727273
paper_008,"Densification, microstructure, and mechanical properties of heat-treated MAR-M247 fabricated by Binder Jetting",final_v5,unique_loose,Processing,21,34,37,0.617647,0.567568,0.591549
paper_008,"Densification, microstructure, and mechanical properties of heat-treated MAR-M247 fabricated by Binder Jetting",final_v5,unique_loose,Structure,0,4,11,0.0,0.0,0.0
paper_008,"Densification, microstructure, and mechanical properties of heat-treated MAR-M247 fabricated by Binder Jetting",final_v5,unique_loose,Characterization,0,0,20,0.0,0.0,0.0
paper_008,"Densification, microstructure, and mechanical properties of heat-treated MAR-M247 fabricated by Binder Jetting",final_v5,unique_loose,Properties,22,23,49,0.956522,0.44898,0.611111
paper_008,"Densification, microstructure, and mechanical properties of heat-treated MAR-M247 fabricated by Binder Jetting",final_v5,raw_strict,Composition,0,8,14,0.0,0.0,0.0
paper_008,"Densification, microstructure, and mechanical properties of heat-treated MAR-M247 fabricated by Binder Jetting",final_v5,raw_strict,Processing,0,36,37,0.0,0.0,0.0
paper_008,"Densification, microstructure, and mechanical properties of heat-treated MAR-M247 fabricated by Binder Jetting",final_v5,raw_strict,Structure,0,4,11,0.0,0.0,0.0
paper_008,"Densification, microstructure, and mechanical properties of heat-treated MAR-M247 fabricated by Binder Jetting",final_v5,raw_strict,Characterization,0,0,20,0.0,0.0,0.0
paper_008,"Densification, microstructure, and mechanical properties of heat-treated MAR-M247 fabricated by Binder Jetting",final_v5,raw_strict,Properties,12,23,49,0.521739,0.244898,0.333333
paper_008,"Densification, microstructure, and mechanical properties of heat-treated MAR-M247 fabricated by Binder Jetting",final_v5,raw_loose,Composition,8,8,14,1.0,0.571429,0.727273
paper_008,"Densification, microstructure, and mechanical properties of heat-treated MAR-M247 fabricated by Binder Jetting",final_v5,raw_loose,Processing,22,36,37,0.611111,0.594595,0.60274
paper_008,"Densification, microstructure, and mechanical properties of heat-treated MAR-M247 fabricated by Binder Jetting",final_v5,raw_loose,Structure,0,4,11,0.0,0.0,0.0
paper_008,"Densification, microstructure, and mechanical properties of heat-treated MAR-M247 fabricated by Binder Jetting",final_v5,raw_loose,Characterization,0,0,20,0.0,0.0,0.0
paper_008,"Densification, microstructure, and mechanical properties of heat-treated MAR-M247 fabricated by Binder Jetting",final_v5,raw_loose,Properties,22,23,49,0.956522,0.44898,0.611111
paper_009,Dispersion hardening using amorphous nanoparticles deployed via additive manufacturing,business_gt,unique_strict,Composition,1,13,13,0.076923,0.076923,0.076923
paper_009,Dispersion hardening using amorphous nanoparticles deployed via additive manufacturing,business_gt,unique_strict,Processing,0,33,11,0.0,0.0,0.0
paper_009,Dispersion hardening using amorphous nanoparticles deployed via additive manufacturing,business_gt,unique_strict,Structure,0,29,16,0.0,0.0,0.0
paper_009,Dispersion hardening using amorphous nanoparticles deployed via additive manufacturing,business_gt,unique_strict,Characterization,0,6,11,0.0,0.0,0.0
paper_009,Dispersion hardening using amorphous nanoparticles deployed via additive manufacturing,business_gt,unique_strict,Properties,0,7,17,0.0,0.0,0.0
paper_009,Dispersion hardening using amorphous nanoparticles deployed via additive manufacturing,business_gt,unique_loose,Composition,6,13,13,0.461538,0.461538,0.461538
paper_009,Dispersion hardening using amorphous nanoparticles deployed via additive manufacturing,business_gt,unique_loose,Processing,5,33,11,0.151515,0.454545,0.227273
paper_009,Dispersion hardening using amorphous nanoparticles deployed via additive manufacturing,business_gt,unique_loose,Structure,5,29,16,0.172414,0.3125,0.222222
paper_009,Dispersion hardening using amorphous nanoparticles deployed via additive manufacturing,business_gt,unique_loose,Characterization,3,6,11,0.5,0.272727,0.352941
paper_009,Dispersion hardening using amorphous nanoparticles deployed via additive manufacturing,business_gt,unique_loose,Properties,6,7,17,0.857143,0.352941,0.5
paper_009,Dispersion hardening using amorphous nanoparticles deployed via additive manufacturing,business_gt,raw_strict,Composition,1,13,13,0.076923,0.076923,0.076923
paper_009,Dispersion hardening using amorphous nanoparticles deployed via additive manufacturing,business_gt,raw_strict,Processing,0,33,27,0.0,0.0,0.0
paper_009,Dispersion hardening using amorphous nanoparticles deployed via additive manufacturing,business_gt,raw_strict,Structure,0,29,18,0.0,0.0,0.0
paper_009,Dispersion hardening using amorphous nanoparticles deployed via additive manufacturing,business_gt,raw_strict,Characterization,0,6,15,0.0,0.0,0.0
paper_009,Dispersion hardening using amorphous nanoparticles deployed via additive manufacturing,business_gt,raw_strict,Properties,0,7,18,0.0,0.0,0.0
paper_009,Dispersion hardening using amorphous nanoparticles deployed via additive manufacturing,business_gt,raw_loose,Composition,6,13,13,0.461538,0.461538,0.461538
paper_009,Dispersion hardening using amorphous nanoparticles deployed via additive manufacturing,business_gt,raw_loose,Processing,9,33,27,0.272727,0.333333,0.3
paper_009,Dispersion hardening using amorphous nanoparticles deployed via additive manufacturing,business_gt,raw_loose,Structure,7,29,18,0.241379,0.388889,0.297872
paper_009,Dispersion hardening using amorphous nanoparticles deployed via additive manufacturing,business_gt,raw_loose,Characterization,3,6,15,0.5,0.2,0.285714
paper_009,Dispersion hardening using amorphous nanoparticles deployed via additive manufacturing,business_gt,raw_loose,Properties,6,7,18,0.857143,0.333333,0.48
paper_009,Dispersion hardening using amorphous nanoparticles deployed via additive manufacturing,final_v5,unique_strict,Composition,0,6,13,0.0,0.0,0.0
paper_009,Dispersion hardening using amorphous nanoparticles deployed via additive manufacturing,final_v5,unique_strict,Processing,0,5,11,0.0,0.0,0.0
paper_009,Dispersion hardening using amorphous nanoparticles deployed via additive manufacturing,final_v5,unique_strict,Structure,0,12,16,0.0,0.0,0.0
paper_009,Dispersion hardening using amorphous nanoparticles deployed via additive manufacturing,final_v5,unique_strict,Characterization,0,3,11,0.0,0.0,0.0
paper_009,Dispersion hardening using amorphous nanoparticles deployed via additive manufacturing,final_v5,unique_strict,Properties,0,6,17,0.0,0.0,0.0
paper_009,Dispersion hardening using amorphous nanoparticles deployed via additive manufacturing,final_v5,unique_loose,Composition,1,6,13,0.166667,0.076923,0.105263
paper_009,Dispersion hardening using amorphous nanoparticles deployed via additive manufacturing,final_v5,unique_loose,Processing,0,5,11,0.0,0.0,0.0
paper_009,Dispersion hardening using amorphous nanoparticles deployed via additive manufacturing,final_v5,unique_loose,Structure,1,12,16,0.083333,0.0625,0.071429
paper_009,Dispersion hardening using amorphous nanoparticles deployed via additive manufacturing,final_v5,unique_loose,Characterization,0,3,11,0.0,0.0,0.0
paper_009,Dispersion hardening using amorphous nanoparticles deployed via additive manufacturing,final_v5,unique_loose,Properties,3,6,17,0.5,0.176471,0.26087
paper_009,Dispersion hardening using amorphous nanoparticles deployed via additive manufacturing,final_v5,raw_strict,Composition,0,6,13,0.0,0.0,0.0
paper_009,Dispersion hardening using amorphous nanoparticles deployed via additive manufacturing,final_v5,raw_strict,Processing,0,5,27,0.0,0.0,0.0
paper_009,Dispersion hardening using amorphous nanoparticles deployed via additive manufacturing,final_v5,raw_strict,Structure,0,12,18,0.0,0.0,0.0
paper_009,Dispersion hardening using amorphous nanoparticles deployed via additive manufacturing,final_v5,raw_strict,Characterization,0,3,15,0.0,0.0,0.0
paper_009,Dispersion hardening using amorphous nanoparticles deployed via additive manufacturing,final_v5,raw_strict,Properties,0,6,18,0.0,0.0,0.0
paper_009,Dispersion hardening using amorphous nanoparticles deployed via additive manufacturing,final_v5,raw_loose,Composition,1,6,13,0.166667,0.076923,0.105263
paper_009,Dispersion hardening using amorphous nanoparticles deployed via additive manufacturing,final_v5,raw_loose,Processing,0,5,27,0.0,0.0,0.0
paper_009,Dispersion hardening using amorphous nanoparticles deployed via additive manufacturing,final_v5,raw_loose,Structure,1,12,18,0.083333,0.055556,0.066667
paper_009,Dispersion hardening using amorphous nanoparticles deployed via additive manufacturing,final_v5,raw_loose,Characterization,0,3,15,0.0,0.0,0.0
paper_009,Dispersion hardening using amorphous nanoparticles deployed via additive manufacturing,final_v5,raw_loose,Properties,3,6,18,0.5,0.166667,0.25
paper_010,Effect of stacking fault segregation and local phase transformations on creep strength in Ni-base superalloys,business_gt,unique_strict,Composition,0,24,50,0.0,0.0,0.0
paper_010,Effect of stacking fault segregation and local phase transformations on creep strength in Ni-base superalloys,business_gt,unique_strict,Processing,0,24,12,0.0,0.0,0.0
paper_010,Effect of stacking fault segregation and local phase transformations on creep strength in Ni-base superalloys,business_gt,unique_strict,Structure,9,20,24,0.45,0.375,0.409091
paper_010,Effect of stacking fault segregation and local phase transformations on creep strength in Ni-base superalloys,business_gt,unique_strict,Characterization,0,8,17,0.0,0.0,0.0
paper_010,Effect of stacking fault segregation and local phase transformations on creep strength in Ni-base superalloys,business_gt,unique_strict,Properties,0,0,13,0.0,0.0,0.0
paper_010,Effect of stacking fault segregation and local phase transformations on creep strength in Ni-base superalloys,business_gt,unique_loose,Composition,24,24,50,1.0,0.48,0.648649
paper_010,Effect of stacking fault segregation and local phase transformations on creep strength in Ni-base superalloys,business_gt,unique_loose,Processing,0,24,12,0.0,0.0,0.0
paper_010,Effect of stacking fault segregation and local phase transformations on creep strength in Ni-base superalloys,business_gt,unique_loose,Structure,13,20,24,0.65,0.541667,0.590909
paper_010,Effect of stacking fault segregation and local phase transformations on creep strength in Ni-base superalloys,business_gt,unique_loose,Characterization,0,8,17,0.0,0.0,0.0
paper_010,Effect of stacking fault segregation and local phase transformations on creep strength in Ni-base superalloys,business_gt,unique_loose,Properties,0,0,13,0.0,0.0,0.0
paper_010,Effect of stacking fault segregation and local phase transformations on creep strength in Ni-base superalloys,business_gt,raw_strict,Composition,0,24,50,0.0,0.0,0.0
paper_010,Effect of stacking fault segregation and local phase transformations on creep strength in Ni-base superalloys,business_gt,raw_strict,Processing,0,24,12,0.0,0.0,0.0
paper_010,Effect of stacking fault segregation and local phase transformations on creep strength in Ni-base superalloys,business_gt,raw_strict,Structure,9,20,24,0.45,0.375,0.409091
paper_010,Effect of stacking fault segregation and local phase transformations on creep strength in Ni-base superalloys,business_gt,raw_strict,Characterization,0,8,17,0.0,0.0,0.0
paper_010,Effect of stacking fault segregation and local phase transformations on creep strength in Ni-base superalloys,business_gt,raw_strict,Properties,0,0,13,0.0,0.0,0.0
paper_010,Effect of stacking fault segregation and local phase transformations on creep strength in Ni-base superalloys,business_gt,raw_loose,Composition,24,24,50,1.0,0.48,0.648649
paper_010,Effect of stacking fault segregation and local phase transformations on creep strength in Ni-base superalloys,business_gt,raw_loose,Processing,0,24,12,0.0,0.0,0.0
paper_010,Effect of stacking fault segregation and local phase transformations on creep strength in Ni-base superalloys,business_gt,raw_loose,Structure,13,20,24,0.65,0.541667,0.590909
paper_010,Effect of stacking fault segregation and local phase transformations on creep strength in Ni-base superalloys,business_gt,raw_loose,Characterization,0,8,17,0.0,0.0,0.0
paper_010,Effect of stacking fault segregation and local phase transformations on creep strength in Ni-base superalloys,business_gt,raw_loose,Properties,0,0,13,0.0,0.0,0.0
paper_010,Effect of stacking fault segregation and local phase transformations on creep strength in Ni-base superalloys,final_v5,unique_strict,Composition,16,18,50,0.888889,0.32,0.470588
paper_010,Effect of stacking fault segregation and local phase transformations on creep strength in Ni-base superalloys,final_v5,unique_strict,Processing,0,4,12,0.0,0.0,0.0
paper_010,Effect of stacking fault segregation and local phase transformations on creep strength in Ni-base superalloys,final_v5,unique_strict,Structure,6,18,24,0.333333,0.25,0.285714
paper_010,Effect of stacking fault segregation and local phase transformations on creep strength in Ni-base superalloys,final_v5,unique_strict,Characterization,0,5,17,0.0,0.0,0.0
paper_010,Effect of stacking fault segregation and local phase transformations on creep strength in Ni-base superalloys,final_v5,unique_strict,Properties,0,0,13,0.0,0.0,0.0
paper_010,Effect of stacking fault segregation and local phase transformations on creep strength in Ni-base superalloys,final_v5,unique_loose,Composition,17,18,50,0.944444,0.34,0.5
paper_010,Effect of stacking fault segregation and local phase transformations on creep strength in Ni-base superalloys,final_v5,unique_loose,Processing,0,4,12,0.0,0.0,0.0
paper_010,Effect of stacking fault segregation and local phase transformations on creep strength in Ni-base superalloys,final_v5,unique_loose,Structure,7,18,24,0.388889,0.291667,0.333333
paper_010,Effect of stacking fault segregation and local phase transformations on creep strength in Ni-base superalloys,final_v5,unique_loose,Characterization,0,5,17,0.0,0.0,0.0
paper_010,Effect of stacking fault segregation and local phase transformations on creep strength in Ni-base superalloys,final_v5,unique_loose,Properties,0,0,13,0.0,0.0,0.0
paper_010,Effect of stacking fault segregation and local phase transformations on creep strength in Ni-base superalloys,final_v5,raw_strict,Composition,16,18,50,0.888889,0.32,0.470588
paper_010,Effect of stacking fault segregation and local phase transformations on creep strength in Ni-base superalloys,final_v5,raw_strict,Processing,0,4,12,0.0,0.0,0.0
paper_010,Effect of stacking fault segregation and local phase transformations on creep strength in Ni-base superalloys,final_v5,raw_strict,Structure,6,18,24,0.333333,0.25,0.285714
paper_010,Effect of stacking fault segregation and local phase transformations on creep strength in Ni-base superalloys,final_v5,raw_strict,Characterization,0,5,17,0.0,0.0,0.0
paper_010,Effect of stacking fault segregation and local phase transformations on creep strength in Ni-base superalloys,final_v5,raw_strict,Properties,0,0,13,0.0,0.0,0.0
paper_010,Effect of stacking fault segregation and local phase transformations on creep strength in Ni-base superalloys,final_v5,raw_loose,Composition,17,18,50,0.944444,0.34,0.5
paper_010,Effect of stacking fault segregation and local phase transformations on creep strength in Ni-base superalloys,final_v5,raw_loose,Processing,0,4,12,0.0,0.0,0.0
paper_010,Effect of stacking fault segregation and local phase transformations on creep strength in Ni-base superalloys,final_v5,raw_loose,Structure,7,18,24,0.388889,0.291667,0.333333
paper_010,Effect of stacking fault segregation and local phase transformations on creep strength in Ni-base superalloys,final_v5,raw_loose,Characterization,0,5,17,0.0,0.0,0.0
paper_010,Effect of stacking fault segregation and local phase transformations on creep strength in Ni-base superalloys,final_v5,raw_loose,Properties,0,0,13,0.0,0.0,0.0
paper_011,Electron beam powder bed fusion of Y₂O₃／γ-TiAl nanocomposite with balanced strength and toughness,business_gt,unique_strict,Composition,1,12,4,0.083333,0.25,0.125
paper_011,Electron beam powder bed fusion of Y₂O₃／γ-TiAl nanocomposite with balanced strength and toughness,business_gt,unique_strict,Processing,1,57,16,0.017544,0.0625,0.027397
paper_011,Electron beam powder bed fusion of Y₂O₃／γ-TiAl nanocomposite with balanced strength and toughness,business_gt,unique_strict,Structure,6,36,27,0.166667,0.222222,0.190476
paper_011,Electron beam powder bed fusion of Y₂O₃／γ-TiAl nanocomposite with balanced strength and toughness,business_gt,unique_strict,Characterization,0,8,6,0.0,0.0,0.0
paper_011,Electron beam powder bed fusion of Y₂O₃／γ-TiAl nanocomposite with balanced strength and toughness,business_gt,unique_strict,Properties,8,10,10,0.8,0.8,0.8
paper_011,Electron beam powder bed fusion of Y₂O₃／γ-TiAl nanocomposite with balanced strength and toughness,business_gt,unique_loose,Composition,2,12,4,0.166667,0.5,0.25
paper_011,Electron beam powder bed fusion of Y₂O₃／γ-TiAl nanocomposite with balanced strength and toughness,business_gt,unique_loose,Processing,14,57,16,0.245614,0.875,0.383562
paper_011,Electron beam powder bed fusion of Y₂O₃／γ-TiAl nanocomposite with balanced strength and toughness,business_gt,unique_loose,Structure,15,36,27,0.416667,0.555556,0.47619
paper_011,Electron beam powder bed fusion of Y₂O₃／γ-TiAl nanocomposite with balanced strength and toughness,business_gt,unique_loose,Characterization,2,8,6,0.25,0.333333,0.285714
paper_011,Electron beam powder bed fusion of Y₂O₃／γ-TiAl nanocomposite with balanced strength and toughness,business_gt,unique_loose,Properties,8,10,10,0.8,0.8,0.8
paper_011,Electron beam powder bed fusion of Y₂O₃／γ-TiAl nanocomposite with balanced strength and toughness,business_gt,raw_strict,Composition,1,12,4,0.083333,0.25,0.125
paper_011,Electron beam powder bed fusion of Y₂O₃／γ-TiAl nanocomposite with balanced strength and toughness,business_gt,raw_strict,Processing,2,57,18,0.035088,0.111111,0.053333
paper_011,Electron beam powder bed fusion of Y₂O₃／γ-TiAl nanocomposite with balanced strength and toughness,business_gt,raw_strict,Structure,6,36,27,0.166667,0.222222,0.190476
paper_011,Electron beam powder bed fusion of Y₂O₃／γ-TiAl nanocomposite with balanced strength and toughness,business_gt,raw_strict,Characterization,0,8,6,0.0,0.0,0.0
paper_011,Electron beam powder bed fusion of Y₂O₃／γ-TiAl nanocomposite with balanced strength and toughness,business_gt,raw_strict,Properties,8,10,10,0.8,0.8,0.8
paper_011,Electron beam powder bed fusion of Y₂O₃／γ-TiAl nanocomposite with balanced strength and toughness,business_gt,raw_loose,Composition,2,12,4,0.166667,0.5,0.25
paper_011,Electron beam powder bed fusion of Y₂O₃／γ-TiAl nanocomposite with balanced strength and toughness,business_gt,raw_loose,Processing,16,57,18,0.280702,0.888889,0.426667
paper_011,Electron beam powder bed fusion of Y₂O₃／γ-TiAl nanocomposite with balanced strength and toughness,business_gt,raw_loose,Structure,15,36,27,0.416667,0.555556,0.47619
paper_011,Electron beam powder bed fusion of Y₂O₃／γ-TiAl nanocomposite with balanced strength and toughness,business_gt,raw_loose,Characterization,2,8,6,0.25,0.333333,0.285714
paper_011,Electron beam powder bed fusion of Y₂O₃／γ-TiAl nanocomposite with balanced strength and toughness,business_gt,raw_loose,Properties,8,10,10,0.8,0.8,0.8
paper_011,Electron beam powder bed fusion of Y₂O₃／γ-TiAl nanocomposite with balanced strength and toughness,final_v5,unique_strict,Composition,0,6,4,0.0,0.0,0.0
paper_011,Electron beam powder bed fusion of Y₂O₃／γ-TiAl nanocomposite with balanced strength and toughness,final_v5,unique_strict,Processing,0,9,16,0.0,0.0,0.0
paper_011,Electron beam powder bed fusion of Y₂O₃／γ-TiAl nanocomposite with balanced strength and toughness,final_v5,unique_strict,Structure,3,26,27,0.115385,0.111111,0.113208
paper_011,Electron beam powder bed fusion of Y₂O₃／γ-TiAl nanocomposite with balanced strength and toughness,final_v5,unique_strict,Characterization,0,1,6,0.0,0.0,0.0
paper_011,Electron beam powder bed fusion of Y₂O₃／γ-TiAl nanocomposite with balanced strength and toughness,final_v5,unique_strict,Properties,1,4,10,0.25,0.1,0.142857
paper_011,Electron beam powder bed fusion of Y₂O₃／γ-TiAl nanocomposite with balanced strength and toughness,final_v5,unique_loose,Composition,0,6,4,0.0,0.0,0.0
paper_011,Electron beam powder bed fusion of Y₂O₃／γ-TiAl nanocomposite with balanced strength and toughness,final_v5,unique_loose,Processing,3,9,16,0.333333,0.1875,0.24
paper_011,Electron beam powder bed fusion of Y₂O₃／γ-TiAl nanocomposite with balanced strength and toughness,final_v5,unique_loose,Structure,5,26,27,0.192308,0.185185,0.188679
paper_011,Electron beam powder bed fusion of Y₂O₃／γ-TiAl nanocomposite with balanced strength and toughness,final_v5,unique_loose,Characterization,0,1,6,0.0,0.0,0.0
paper_011,Electron beam powder bed fusion of Y₂O₃／γ-TiAl nanocomposite with balanced strength and toughness,final_v5,unique_loose,Properties,3,4,10,0.75,0.3,0.428571
paper_011,Electron beam powder bed fusion of Y₂O₃／γ-TiAl nanocomposite with balanced strength and toughness,final_v5,raw_strict,Composition,0,6,4,0.0,0.0,0.0
paper_011,Electron beam powder bed fusion of Y₂O₃／γ-TiAl nanocomposite with balanced strength and toughness,final_v5,raw_strict,Processing,0,9,18,0.0,0.0,0.0
paper_011,Electron beam powder bed fusion of Y₂O₃／γ-TiAl nanocomposite with balanced strength and toughness,final_v5,raw_strict,Structure,3,26,27,0.115385,0.111111,0.113208
paper_011,Electron beam powder bed fusion of Y₂O₃／γ-TiAl nanocomposite with balanced strength and toughness,final_v5,raw_strict,Characterization,0,1,6,0.0,0.0,0.0
paper_011,Electron beam powder bed fusion of Y₂O₃／γ-TiAl nanocomposite with balanced strength and toughness,final_v5,raw_strict,Properties,1,4,10,0.25,0.1,0.142857
paper_011,Electron beam powder bed fusion of Y₂O₃／γ-TiAl nanocomposite with balanced strength and toughness,final_v5,raw_loose,Composition,0,6,4,0.0,0.0,0.0
paper_011,Electron beam powder bed fusion of Y₂O₃／γ-TiAl nanocomposite with balanced strength and toughness,final_v5,raw_loose,Processing,3,9,18,0.333333,0.166667,0.222222
paper_011,Electron beam powder bed fusion of Y₂O₃／γ-TiAl nanocomposite with balanced strength and toughness,final_v5,raw_loose,Structure,5,26,27,0.192308,0.185185,0.188679
paper_011,Electron beam powder bed fusion of Y₂O₃／γ-TiAl nanocomposite with balanced strength and toughness,final_v5,raw_loose,Characterization,0,1,6,0.0,0.0,0.0
paper_011,Electron beam powder bed fusion of Y₂O₃／γ-TiAl nanocomposite with balanced strength and toughness,final_v5,raw_loose,Properties,3,4,10,0.75,0.3,0.428571
paper_012,Enhanced creep resistance induced by minor Ti additions to a second generation nickel-based single crystal superalloy,business_gt,unique_strict,Composition,0,39,95,0.0,0.0,0.0
paper_012,Enhanced creep resistance induced by minor Ti additions to a second generation nickel-based single crystal superalloy,business_gt,unique_strict,Processing,0,22,6,0.0,0.0,0.0
paper_012,Enhanced creep resistance induced by minor Ti additions to a second generation nickel-based single crystal superalloy,business_gt,unique_strict,Structure,0,111,58,0.0,0.0,0.0
paper_012,Enhanced creep resistance induced by minor Ti additions to a second generation nickel-based single crystal superalloy,business_gt,unique_strict,Characterization,2,12,5,0.166667,0.4,0.235294
paper_012,Enhanced creep resistance induced by minor Ti additions to a second generation nickel-based single crystal superalloy,business_gt,unique_strict,Properties,6,6,6,1.0,1.0,1.0
paper_012,Enhanced creep resistance induced by minor Ti additions to a second generation nickel-based single crystal superalloy,business_gt,unique_loose,Composition,37,39,95,0.948718,0.389474,0.552239
paper_012,Enhanced creep resistance induced by minor Ti additions to a second generation nickel-based single crystal superalloy,business_gt,unique_loose,Processing,4,22,6,0.181818,0.666667,0.285714
paper_012,Enhanced creep resistance induced by minor Ti additions to a second generation nickel-based single crystal superalloy,business_gt,unique_loose,Structure,57,111,58,0.513514,0.982759,0.674556
paper_012,Enhanced creep resistance induced by minor Ti additions to a second generation nickel-based single crystal superalloy,business_gt,unique_loose,Characterization,2,12,5,0.166667,0.4,0.235294
paper_012,Enhanced creep resistance induced by minor Ti additions to a second generation nickel-based single crystal superalloy,business_gt,unique_loose,Properties,6,6,6,1.0,1.0,1.0
paper_012,Enhanced creep resistance induced by minor Ti additions to a second generation nickel-based single crystal superalloy,business_gt,raw_strict,Composition,0,48,95,0.0,0.0,0.0
paper_012,Enhanced creep resistance induced by minor Ti additions to a second generation nickel-based single crystal superalloy,business_gt,raw_strict,Processing,0,22,6,0.0,0.0,0.0
paper_012,Enhanced creep resistance induced by minor Ti additions to a second generation nickel-based single crystal superalloy,business_gt,raw_strict,Structure,0,111,58,0.0,0.0,0.0
paper_012,Enhanced creep resistance induced by minor Ti additions to a second generation nickel-based single crystal superalloy,business_gt,raw_strict,Characterization,2,12,5,0.166667,0.4,0.235294
paper_012,Enhanced creep resistance induced by minor Ti additions to a second generation nickel-based single crystal superalloy,business_gt,raw_strict,Properties,6,6,6,1.0,1.0,1.0
paper_012,Enhanced creep resistance induced by minor Ti additions to a second generation nickel-based single crystal superalloy,business_gt,raw_loose,Composition,44,48,95,0.916667,0.463158,0.615385
paper_012,Enhanced creep resistance induced by minor Ti additions to a second generation nickel-based single crystal superalloy,business_gt,raw_loose,Processing,4,22,6,0.181818,0.666667,0.285714
paper_012,Enhanced creep resistance induced by minor Ti additions to a second generation nickel-based single crystal superalloy,business_gt,raw_loose,Structure,57,111,58,0.513514,0.982759,0.674556
paper_012,Enhanced creep resistance induced by minor Ti additions to a second generation nickel-based single crystal superalloy,business_gt,raw_loose,Characterization,2,12,5,0.166667,0.4,0.235294
paper_012,Enhanced creep resistance induced by minor Ti additions to a second generation nickel-based single crystal superalloy,business_gt,raw_loose,Properties,6,6,6,1.0,1.0,1.0
paper_012,Enhanced creep resistance induced by minor Ti additions to a second generation nickel-based single crystal superalloy,final_v5,unique_strict,Composition,12,34,95,0.352941,0.126316,0.186047
paper_012,Enhanced creep resistance induced by minor Ti additions to a second generation nickel-based single crystal superalloy,final_v5,unique_strict,Processing,0,0,6,0.0,0.0,0.0
paper_012,Enhanced creep resistance induced by minor Ti additions to a second generation nickel-based single crystal superalloy,final_v5,unique_strict,Structure,0,9,58,0.0,0.0,0.0
paper_012,Enhanced creep resistance induced by minor Ti additions to a second generation nickel-based single crystal superalloy,final_v5,unique_strict,Characterization,0,2,5,0.0,0.0,0.0
paper_012,Enhanced creep resistance induced by minor Ti additions to a second generation nickel-based single crystal superalloy,final_v5,unique_strict,Properties,0,5,6,0.0,0.0,0.0
paper_012,Enhanced creep resistance induced by minor Ti additions to a second generation nickel-based single crystal superalloy,final_v5,unique_loose,Composition,26,34,95,0.764706,0.273684,0.403101
paper_012,Enhanced creep resistance induced by minor Ti additions to a second generation nickel-based single crystal superalloy,final_v5,unique_loose,Processing,0,0,6,0.0,0.0,0.0
paper_012,Enhanced creep resistance induced by minor Ti additions to a second generation nickel-based single crystal superalloy,final_v5,unique_loose,Structure,0,9,58,0.0,0.0,0.0
paper_012,Enhanced creep resistance induced by minor Ti additions to a second generation nickel-based single crystal superalloy,final_v5,unique_loose,Characterization,0,2,5,0.0,0.0,0.0
paper_012,Enhanced creep resistance induced by minor Ti additions to a second generation nickel-based single crystal superalloy,final_v5,unique_loose,Properties,2,5,6,0.4,0.333333,0.363636
paper_012,Enhanced creep resistance induced by minor Ti additions to a second generation nickel-based single crystal superalloy,final_v5,raw_strict,Composition,12,34,95,0.352941,0.126316,0.186047
paper_012,Enhanced creep resistance induced by minor Ti additions to a second generation nickel-based single crystal superalloy,final_v5,raw_strict,Processing,0,0,6,0.0,0.0,0.0
paper_012,Enhanced creep resistance induced by minor Ti additions to a second generation nickel-based single crystal superalloy,final_v5,raw_strict,Structure,0,9,58,0.0,0.0,0.0
paper_012,Enhanced creep resistance induced by minor Ti additions to a second generation nickel-based single crystal superalloy,final_v5,raw_strict,Characterization,0,2,5,0.0,0.0,0.0
paper_012,Enhanced creep resistance induced by minor Ti additions to a second generation nickel-based single crystal superalloy,final_v5,raw_strict,Properties,0,5,6,0.0,0.0,0.0
paper_012,Enhanced creep resistance induced by minor Ti additions to a second generation nickel-based single crystal superalloy,final_v5,raw_loose,Composition,26,34,95,0.764706,0.273684,0.403101
paper_012,Enhanced creep resistance induced by minor Ti additions to a second generation nickel-based single crystal superalloy,final_v5,raw_loose,Processing,0,0,6,0.0,0.0,0.0
paper_012,Enhanced creep resistance induced by minor Ti additions to a second generation nickel-based single crystal superalloy,final_v5,raw_loose,Structure,0,9,58,0.0,0.0,0.0
paper_012,Enhanced creep resistance induced by minor Ti additions to a second generation nickel-based single crystal superalloy,final_v5,raw_loose,Characterization,0,2,5,0.0,0.0,0.0
paper_012,Enhanced creep resistance induced by minor Ti additions to a second generation nickel-based single crystal superalloy,final_v5,raw_loose,Properties,2,5,6,0.4,0.333333,0.363636
paper_013,"Highly printable, strong, and ductile ordered intermetallic alloy",business_gt,unique_strict,Composition,6,13,11,0.461538,0.545455,0.5
paper_013,"Highly printable, strong, and ductile ordered intermetallic alloy",business_gt,unique_strict,Processing,0,18,10,0.0,0.0,0.0
paper_013,"Highly printable, strong, and ductile ordered intermetallic alloy",business_gt,unique_strict,Structure,0,13,22,0.0,0.0,0.0
paper_013,"Highly printable, strong, and ductile ordered intermetallic alloy",business_gt,unique_strict,Characterization,0,8,8,0.0,0.0,0.0
paper_013,"Highly printable, strong, and ductile ordered intermetallic alloy",business_gt,unique_strict,Properties,4,7,6,0.571429,0.666667,0.615385
paper_013,"Highly printable, strong, and ductile ordered intermetallic alloy",business_gt,unique_loose,Composition,11,13,11,0.846154,1.0,0.916667
paper_013,"Highly printable, strong, and ductile ordered intermetallic alloy",business_gt,unique_loose,Processing,8,18,10,0.444444,0.8,0.571429
paper_013,"Highly printable, strong, and ductile ordered intermetallic alloy",business_gt,unique_loose,Structure,6,13,22,0.461538,0.272727,0.342857
paper_013,"Highly printable, strong, and ductile ordered intermetallic alloy",business_gt,unique_loose,Characterization,2,8,8,0.25,0.25,0.25
paper_013,"Highly printable, strong, and ductile ordered intermetallic alloy",business_gt,unique_loose,Properties,4,7,6,0.571429,0.666667,0.615385
paper_013,"Highly printable, strong, and ductile ordered intermetallic alloy",business_gt,raw_strict,Composition,6,13,11,0.461538,0.545455,0.5
paper_013,"Highly printable, strong, and ductile ordered intermetallic alloy",business_gt,raw_strict,Processing,0,32,10,0.0,0.0,0.0
paper_013,"Highly printable, strong, and ductile ordered intermetallic alloy",business_gt,raw_strict,Structure,0,13,22,0.0,0.0,0.0
paper_013,"Highly printable, strong, and ductile ordered intermetallic alloy",business_gt,raw_strict,Characterization,0,9,8,0.0,0.0,0.0
paper_013,"Highly printable, strong, and ductile ordered intermetallic alloy",business_gt,raw_strict,Properties,4,7,6,0.571429,0.666667,0.615385
paper_013,"Highly printable, strong, and ductile ordered intermetallic alloy",business_gt,raw_loose,Composition,11,13,11,0.846154,1.0,0.916667
paper_013,"Highly printable, strong, and ductile ordered intermetallic alloy",business_gt,raw_loose,Processing,8,32,10,0.25,0.8,0.380952
paper_013,"Highly printable, strong, and ductile ordered intermetallic alloy",business_gt,raw_loose,Structure,6,13,22,0.461538,0.272727,0.342857
paper_013,"Highly printable, strong, and ductile ordered intermetallic alloy",business_gt,raw_loose,Characterization,2,9,8,0.222222,0.25,0.235294
paper_013,"Highly printable, strong, and ductile ordered intermetallic alloy",business_gt,raw_loose,Properties,4,7,6,0.571429,0.666667,0.615385
paper_013,"Highly printable, strong, and ductile ordered intermetallic alloy",final_v5,unique_strict,Composition,5,7,11,0.714286,0.454545,0.555556
paper_013,"Highly printable, strong, and ductile ordered intermetallic alloy",final_v5,unique_strict,Processing,0,14,10,0.0,0.0,0.0
paper_013,"Highly printable, strong, and ductile ordered intermetallic alloy",final_v5,unique_strict,Structure,1,5,22,0.2,0.045455,0.074074
paper_013,"Highly printable, strong, and ductile ordered intermetallic alloy",final_v5,unique_strict,Characterization,0,3,8,0.0,0.0,0.0
paper_013,"Highly printable, strong, and ductile ordered intermetallic alloy",final_v5,unique_strict,Properties,0,3,6,0.0,0.0,0.0
paper_013,"Highly printable, strong, and ductile ordered intermetallic alloy",final_v5,unique_loose,Composition,6,7,11,0.857143,0.545455,0.666667
paper_013,"Highly printable, strong, and ductile ordered intermetallic alloy",final_v5,unique_loose,Processing,6,14,10,0.428571,0.6,0.5
paper_013,"Highly printable, strong, and ductile ordered intermetallic alloy",final_v5,unique_loose,Structure,2,5,22,0.4,0.090909,0.148148
paper_013,"Highly printable, strong, and ductile ordered intermetallic alloy",final_v5,unique_loose,Characterization,1,3,8,0.333333,0.125,0.181818
paper_013,"Highly printable, strong, and ductile ordered intermetallic alloy",final_v5,unique_loose,Properties,1,3,6,0.333333,0.166667,0.222222
paper_013,"Highly printable, strong, and ductile ordered intermetallic alloy",final_v5,raw_strict,Composition,5,7,11,0.714286,0.454545,0.555556
paper_013,"Highly printable, strong, and ductile ordered intermetallic alloy",final_v5,raw_strict,Processing,0,14,10,0.0,0.0,0.0
paper_013,"Highly printable, strong, and ductile ordered intermetallic alloy",final_v5,raw_strict,Structure,1,5,22,0.2,0.045455,0.074074
paper_013,"Highly printable, strong, and ductile ordered intermetallic alloy",final_v5,raw_strict,Characterization,0,3,8,0.0,0.0,0.0
paper_013,"Highly printable, strong, and ductile ordered intermetallic alloy",final_v5,raw_strict,Properties,0,3,6,0.0,0.0,0.0
paper_013,"Highly printable, strong, and ductile ordered intermetallic alloy",final_v5,raw_loose,Composition,6,7,11,0.857143,0.545455,0.666667
paper_013,"Highly printable, strong, and ductile ordered intermetallic alloy",final_v5,raw_loose,Processing,6,14,10,0.428571,0.6,0.5
paper_013,"Highly printable, strong, and ductile ordered intermetallic alloy",final_v5,raw_loose,Structure,2,5,22,0.4,0.090909,0.148148
paper_013,"Highly printable, strong, and ductile ordered intermetallic alloy",final_v5,raw_loose,Characterization,1,3,8,0.333333,0.125,0.181818
paper_013,"Highly printable, strong, and ductile ordered intermetallic alloy",final_v5,raw_loose,Properties,1,3,6,0.333333,0.166667,0.222222
paper_014,High strength Al–Li alloy development for laser powder bed fusion,business_gt,unique_strict,Composition,8,57,20,0.140351,0.4,0.207792
paper_014,High strength Al–Li alloy development for laser powder bed fusion,business_gt,unique_strict,Processing,4,42,7,0.095238,0.571429,0.163265
paper_014,High strength Al–Li alloy development for laser powder bed fusion,business_gt,unique_strict,Structure,0,26,5,0.0,0.0,0.0
paper_014,High strength Al–Li alloy development for laser powder bed fusion,business_gt,unique_strict,Characterization,0,14,5,0.0,0.0,0.0
paper_014,High strength Al–Li alloy development for laser powder bed fusion,business_gt,unique_strict,Properties,3,19,3,0.157895,1.0,0.272727
paper_014,High strength Al–Li alloy development for laser powder bed fusion,business_gt,unique_loose,Composition,18,57,20,0.315789,0.9,0.467532
paper_014,High strength Al–Li alloy development for laser powder bed fusion,business_gt,unique_loose,Processing,6,42,7,0.142857,0.857143,0.244898
paper_014,High strength Al–Li alloy development for laser powder bed fusion,business_gt,unique_loose,Structure,0,26,5,0.0,0.0,0.0
paper_014,High strength Al–Li alloy development for laser powder bed fusion,business_gt,unique_loose,Characterization,0,14,5,0.0,0.0,0.0
paper_014,High strength Al–Li alloy development for laser powder bed fusion,business_gt,unique_loose,Properties,3,19,3,0.157895,1.0,0.272727
paper_014,High strength Al–Li alloy development for laser powder bed fusion,business_gt,raw_strict,Composition,8,57,28,0.140351,0.285714,0.188235
paper_014,High strength Al–Li alloy development for laser powder bed fusion,business_gt,raw_strict,Processing,4,47,7,0.085106,0.571429,0.148148
paper_014,High strength Al–Li alloy development for laser powder bed fusion,business_gt,raw_strict,Structure,0,26,5,0.0,0.0,0.0
paper_014,High strength Al–Li alloy development for laser powder bed fusion,business_gt,raw_strict,Characterization,0,18,5,0.0,0.0,0.0
paper_014,High strength Al–Li alloy development for laser powder bed fusion,business_gt,raw_strict,Properties,3,19,3,0.157895,1.0,0.272727
paper_014,High strength Al–Li alloy development for laser powder bed fusion,business_gt,raw_loose,Composition,26,57,28,0.45614,0.928571,0.611765
paper_014,High strength Al–Li alloy development for laser powder bed fusion,business_gt,raw_loose,Processing,6,47,7,0.12766,0.857143,0.222222
paper_014,High strength Al–Li alloy development for laser powder bed fusion,business_gt,raw_loose,Structure,0,26,5,0.0,0.0,0.0
paper_014,High strength Al–Li alloy development for laser powder bed fusion,business_gt,raw_loose,Characterization,0,18,5,0.0,0.0,0.0
paper_014,High strength Al–Li alloy development for laser powder bed fusion,business_gt,raw_loose,Properties,3,19,3,0.157895,1.0,0.272727
paper_014,High strength Al–Li alloy development for laser powder bed fusion,final_v5,unique_strict,Composition,10,44,20,0.227273,0.5,0.3125
paper_014,High strength Al–Li alloy development for laser powder bed fusion,final_v5,unique_strict,Processing,0,3,7,0.0,0.0,0.0
paper_014,High strength Al–Li alloy development for laser powder bed fusion,final_v5,unique_strict,Structure,0,24,5,0.0,0.0,0.0
paper_014,High strength Al–Li alloy development for laser powder bed fusion,final_v5,unique_strict,Characterization,0,4,5,0.0,0.0,0.0
paper_014,High strength Al–Li alloy development for laser powder bed fusion,final_v5,unique_strict,Properties,0,3,3,0.0,0.0,0.0
paper_014,High strength Al–Li alloy development for laser powder bed fusion,final_v5,unique_loose,Composition,18,44,20,0.409091,0.9,0.5625
paper_014,High strength Al–Li alloy development for laser powder bed fusion,final_v5,unique_loose,Processing,0,3,7,0.0,0.0,0.0
paper_014,High strength Al–Li alloy development for laser powder bed fusion,final_v5,unique_loose,Structure,0,24,5,0.0,0.0,0.0
paper_014,High strength Al–Li alloy development for laser powder bed fusion,final_v5,unique_loose,Characterization,0,4,5,0.0,0.0,0.0
paper_014,High strength Al–Li alloy development for laser powder bed fusion,final_v5,unique_loose,Properties,1,3,3,0.333333,0.333333,0.333333
paper_014,High strength Al–Li alloy development for laser powder bed fusion,final_v5,raw_strict,Composition,18,61,28,0.295082,0.642857,0.404494
paper_014,High strength Al–Li alloy development for laser powder bed fusion,final_v5,raw_strict,Processing,0,3,7,0.0,0.0,0.0
paper_014,High strength Al–Li alloy development for laser powder bed fusion,final_v5,raw_strict,Structure,0,24,5,0.0,0.0,0.0
paper_014,High strength Al–Li alloy development for laser powder bed fusion,final_v5,raw_strict,Characterization,0,4,5,0.0,0.0,0.0
paper_014,High strength Al–Li alloy development for laser powder bed fusion,final_v5,raw_strict,Properties,0,3,3,0.0,0.0,0.0
paper_014,High strength Al–Li alloy development for laser powder bed fusion,final_v5,raw_loose,Composition,26,61,28,0.42623,0.928571,0.58427
paper_014,High strength Al–Li alloy development for laser powder bed fusion,final_v5,raw_loose,Processing,0,3,7,0.0,0.0,0.0
paper_014,High strength Al–Li alloy development for laser powder bed fusion,final_v5,raw_loose,Structure,0,24,5,0.0,0.0,0.0
paper_014,High strength Al–Li alloy development for laser powder bed fusion,final_v5,raw_loose,Characterization,0,4,5,0.0,0.0,0.0
paper_014,High strength Al–Li alloy development for laser powder bed fusion,final_v5,raw_loose,Properties,1,3,3,0.333333,0.333333,0.333333
paper_015,Improving ductility via grain structure control in Sc／Zr modified Al-Cu-Li alloys by pulsed-laser powder bed fusion,business_gt,unique_strict,Composition,0,5,5,0.0,0.0,0.0
paper_015,Improving ductility via grain structure control in Sc／Zr modified Al-Cu-Li alloys by pulsed-laser powder bed fusion,business_gt,unique_strict,Processing,7,14,7,0.5,1.0,0.666667
paper_015,Improving ductility via grain structure control in Sc／Zr modified Al-Cu-Li alloys by pulsed-laser powder bed fusion,business_gt,unique_strict,Structure,10,20,18,0.5,0.555556,0.526316
paper_015,Improving ductility via grain structure control in Sc／Zr modified Al-Cu-Li alloys by pulsed-laser powder bed fusion,business_gt,unique_strict,Characterization,0,5,4,0.0,0.0,0.0
paper_015,Improving ductility via grain structure control in Sc／Zr modified Al-Cu-Li alloys by pulsed-laser powder bed fusion,business_gt,unique_strict,Properties,2,6,10,0.333333,0.2,0.25
paper_015,Improving ductility via grain structure control in Sc／Zr modified Al-Cu-Li alloys by pulsed-laser powder bed fusion,business_gt,unique_loose,Composition,4,5,5,0.8,0.8,0.8
paper_015,Improving ductility via grain structure control in Sc／Zr modified Al-Cu-Li alloys by pulsed-laser powder bed fusion,business_gt,unique_loose,Processing,7,14,7,0.5,1.0,0.666667
paper_015,Improving ductility via grain structure control in Sc／Zr modified Al-Cu-Li alloys by pulsed-laser powder bed fusion,business_gt,unique_loose,Structure,10,20,18,0.5,0.555556,0.526316
paper_015,Improving ductility via grain structure control in Sc／Zr modified Al-Cu-Li alloys by pulsed-laser powder bed fusion,business_gt,unique_loose,Characterization,3,5,4,0.6,0.75,0.666667
paper_015,Improving ductility via grain structure control in Sc／Zr modified Al-Cu-Li alloys by pulsed-laser powder bed fusion,business_gt,unique_loose,Properties,2,6,10,0.333333,0.2,0.25
paper_015,Improving ductility via grain structure control in Sc／Zr modified Al-Cu-Li alloys by pulsed-laser powder bed fusion,business_gt,raw_strict,Composition,0,5,5,0.0,0.0,0.0
paper_015,Improving ductility via grain structure control in Sc／Zr modified Al-Cu-Li alloys by pulsed-laser powder bed fusion,business_gt,raw_strict,Processing,10,20,10,0.5,1.0,0.666667
paper_015,Improving ductility via grain structure control in Sc／Zr modified Al-Cu-Li alloys by pulsed-laser powder bed fusion,business_gt,raw_strict,Structure,10,24,18,0.416667,0.555556,0.47619
paper_015,Improving ductility via grain structure control in Sc／Zr modified Al-Cu-Li alloys by pulsed-laser powder bed fusion,business_gt,raw_strict,Characterization,0,10,4,0.0,0.0,0.0
paper_015,Improving ductility via grain structure control in Sc／Zr modified Al-Cu-Li alloys by pulsed-laser powder bed fusion,business_gt,raw_strict,Properties,2,6,10,0.333333,0.2,0.25
paper_015,Improving ductility via grain structure control in Sc／Zr modified Al-Cu-Li alloys by pulsed-laser powder bed fusion,business_gt,raw_loose,Composition,4,5,5,0.8,0.8,0.8
paper_015,Improving ductility via grain structure control in Sc／Zr modified Al-Cu-Li alloys by pulsed-laser powder bed fusion,business_gt,raw_loose,Processing,10,20,10,0.5,1.0,0.666667
paper_015,Improving ductility via grain structure control in Sc／Zr modified Al-Cu-Li alloys by pulsed-laser powder bed fusion,business_gt,raw_loose,Structure,10,24,18,0.416667,0.555556,0.47619
paper_015,Improving ductility via grain structure control in Sc／Zr modified Al-Cu-Li alloys by pulsed-laser powder bed fusion,business_gt,raw_loose,Characterization,3,10,4,0.3,0.75,0.428571
paper_015,Improving ductility via grain structure control in Sc／Zr modified Al-Cu-Li alloys by pulsed-laser powder bed fusion,business_gt,raw_loose,Properties,2,6,10,0.333333,0.2,0.25
paper_015,Improving ductility via grain structure control in Sc／Zr modified Al-Cu-Li alloys by pulsed-laser powder bed fusion,final_v5,unique_strict,Composition,0,9,5,0.0,0.0,0.0
paper_015,Improving ductility via grain structure control in Sc／Zr modified Al-Cu-Li alloys by pulsed-laser powder bed fusion,final_v5,unique_strict,Processing,7,8,7,0.875,1.0,0.933333
paper_015,Improving ductility via grain structure control in Sc／Zr modified Al-Cu-Li alloys by pulsed-laser powder bed fusion,final_v5,unique_strict,Structure,9,38,18,0.236842,0.5,0.321429
paper_015,Improving ductility via grain structure control in Sc／Zr modified Al-Cu-Li alloys by pulsed-laser powder bed fusion,final_v5,unique_strict,Characterization,0,0,4,0.0,0.0,0.0
paper_015,Improving ductility via grain structure control in Sc／Zr modified Al-Cu-Li alloys by pulsed-laser powder bed fusion,final_v5,unique_strict,Properties,8,9,10,0.888889,0.8,0.842105
paper_015,Improving ductility via grain structure control in Sc／Zr modified Al-Cu-Li alloys by pulsed-laser powder bed fusion,final_v5,unique_loose,Composition,4,9,5,0.444444,0.8,0.571429
paper_015,Improving ductility via grain structure control in Sc／Zr modified Al-Cu-Li alloys by pulsed-laser powder bed fusion,final_v5,unique_loose,Processing,7,8,7,0.875,1.0,0.933333
paper_015,Improving ductility via grain structure control in Sc／Zr modified Al-Cu-Li alloys by pulsed-laser powder bed fusion,final_v5,unique_loose,Structure,9,38,18,0.236842,0.5,0.321429
paper_015,Improving ductility via grain structure control in Sc／Zr modified Al-Cu-Li alloys by pulsed-laser powder bed fusion,final_v5,unique_loose,Characterization,0,0,4,0.0,0.0,0.0
paper_015,Improving ductility via grain structure control in Sc／Zr modified Al-Cu-Li alloys by pulsed-laser powder bed fusion,final_v5,unique_loose,Properties,9,9,10,1.0,0.9,0.947368
paper_015,Improving ductility via grain structure control in Sc／Zr modified Al-Cu-Li alloys by pulsed-laser powder bed fusion,final_v5,raw_strict,Composition,0,9,5,0.0,0.0,0.0
paper_015,Improving ductility via grain structure control in Sc／Zr modified Al-Cu-Li alloys by pulsed-laser powder bed fusion,final_v5,raw_strict,Processing,10,12,10,0.833333,1.0,0.909091
paper_015,Improving ductility via grain structure control in Sc／Zr modified Al-Cu-Li alloys by pulsed-laser powder bed fusion,final_v5,raw_strict,Structure,9,38,18,0.236842,0.5,0.321429
paper_015,Improving ductility via grain structure control in Sc／Zr modified Al-Cu-Li alloys by pulsed-laser powder bed fusion,final_v5,raw_strict,Characterization,0,0,4,0.0,0.0,0.0
paper_015,Improving ductility via grain structure control in Sc／Zr modified Al-Cu-Li alloys by pulsed-laser powder bed fusion,final_v5,raw_strict,Properties,8,9,10,0.888889,0.8,0.842105
paper_015,Improving ductility via grain structure control in Sc／Zr modified Al-Cu-Li alloys by pulsed-laser powder bed fusion,final_v5,raw_loose,Composition,4,9,5,0.444444,0.8,0.571429
paper_015,Improving ductility via grain structure control in Sc／Zr modified Al-Cu-Li alloys by pulsed-laser powder bed fusion,final_v5,raw_loose,Processing,10,12,10,0.833333,1.0,0.909091
paper_015,Improving ductility via grain structure control in Sc／Zr modified Al-Cu-Li alloys by pulsed-laser powder bed fusion,final_v5,raw_loose,Structure,9,38,18,0.236842,0.5,0.321429
paper_015,Improving ductility via grain structure control in Sc／Zr modified Al-Cu-Li alloys by pulsed-laser powder bed fusion,final_v5,raw_loose,Characterization,0,0,4,0.0,0.0,0.0
paper_015,Improving ductility via grain structure control in Sc／Zr modified Al-Cu-Li alloys by pulsed-laser powder bed fusion,final_v5,raw_loose,Properties,9,9,10,1.0,0.9,0.947368
paper_016,Improving mechanical properties and machining surface quality in a Fe49Mn30Co10Cr10N1 high-entropy alloy sheet by laser-assisted grinding,business_gt,unique_strict,Composition,0,5,5,0.0,0.0,0.0
paper_016,Improving mechanical properties and machining surface quality in a Fe49Mn30Co10Cr10N1 high-entropy alloy sheet by laser-assisted grinding,business_gt,unique_strict,Processing,8,25,21,0.32,0.380952,0.347826
paper_016,Improving mechanical properties and machining surface quality in a Fe49Mn30Co10Cr10N1 high-entropy alloy sheet by laser-assisted grinding,business_gt,unique_strict,Structure,1,17,19,0.058824,0.052632,0.055556
paper_016,Improving mechanical properties and machining surface quality in a Fe49Mn30Co10Cr10N1 high-entropy alloy sheet by laser-assisted grinding,business_gt,unique_strict,Characterization,0,4,6,0.0,0.0,0.0
paper_016,Improving mechanical properties and machining surface quality in a Fe49Mn30Co10Cr10N1 high-entropy alloy sheet by laser-assisted grinding,business_gt,unique_strict,Properties,22,27,27,0.814815,0.814815,0.814815
paper_016,Improving mechanical properties and machining surface quality in a Fe49Mn30Co10Cr10N1 high-entropy alloy sheet by laser-assisted grinding,business_gt,unique_loose,Composition,5,5,5,1.0,1.0,1.0
paper_016,Improving mechanical properties and machining surface quality in a Fe49Mn30Co10Cr10N1 high-entropy alloy sheet by laser-assisted grinding,business_gt,unique_loose,Processing,11,25,21,0.44,0.52381,0.478261
paper_016,Improving mechanical properties and machining surface quality in a Fe49Mn30Co10Cr10N1 high-entropy alloy sheet by laser-assisted grinding,business_gt,unique_loose,Structure,13,17,19,0.764706,0.684211,0.722222
paper_016,Improving mechanical properties and machining surface quality in a Fe49Mn30Co10Cr10N1 high-entropy alloy sheet by laser-assisted grinding,business_gt,unique_loose,Characterization,0,4,6,0.0,0.0,0.0
paper_016,Improving mechanical properties and machining surface quality in a Fe49Mn30Co10Cr10N1 high-entropy alloy sheet by laser-assisted grinding,business_gt,unique_loose,Properties,27,27,27,1.0,1.0,1.0
paper_016,Improving mechanical properties and machining surface quality in a Fe49Mn30Co10Cr10N1 high-entropy alloy sheet by laser-assisted grinding,business_gt,raw_strict,Composition,0,5,5,0.0,0.0,0.0
paper_016,Improving mechanical properties and machining surface quality in a Fe49Mn30Co10Cr10N1 high-entropy alloy sheet by laser-assisted grinding,business_gt,raw_strict,Processing,11,64,21,0.171875,0.52381,0.258824
paper_016,Improving mechanical properties and machining surface quality in a Fe49Mn30Co10Cr10N1 high-entropy alloy sheet by laser-assisted grinding,business_gt,raw_strict,Structure,1,17,19,0.058824,0.052632,0.055556
paper_016,Improving mechanical properties and machining surface quality in a Fe49Mn30Co10Cr10N1 high-entropy alloy sheet by laser-assisted grinding,business_gt,raw_strict,Characterization,0,10,6,0.0,0.0,0.0
paper_016,Improving mechanical properties and machining surface quality in a Fe49Mn30Co10Cr10N1 high-entropy alloy sheet by laser-assisted grinding,business_gt,raw_strict,Properties,22,27,27,0.814815,0.814815,0.814815
paper_016,Improving mechanical properties and machining surface quality in a Fe49Mn30Co10Cr10N1 high-entropy alloy sheet by laser-assisted grinding,business_gt,raw_loose,Composition,5,5,5,1.0,1.0,1.0
paper_016,Improving mechanical properties and machining surface quality in a Fe49Mn30Co10Cr10N1 high-entropy alloy sheet by laser-assisted grinding,business_gt,raw_loose,Processing,11,64,21,0.171875,0.52381,0.258824
paper_016,Improving mechanical properties and machining surface quality in a Fe49Mn30Co10Cr10N1 high-entropy alloy sheet by laser-assisted grinding,business_gt,raw_loose,Structure,13,17,19,0.764706,0.684211,0.722222
paper_016,Improving mechanical properties and machining surface quality in a Fe49Mn30Co10Cr10N1 high-entropy alloy sheet by laser-assisted grinding,business_gt,raw_loose,Characterization,0,10,6,0.0,0.0,0.0
paper_016,Improving mechanical properties and machining surface quality in a Fe49Mn30Co10Cr10N1 high-entropy alloy sheet by laser-assisted grinding,business_gt,raw_loose,Properties,27,27,27,1.0,1.0,1.0
paper_016,Improving mechanical properties and machining surface quality in a Fe49Mn30Co10Cr10N1 high-entropy alloy sheet by laser-assisted grinding,final_v5,unique_strict,Composition,0,1,5,0.0,0.0,0.0
paper_016,Improving mechanical properties and machining surface quality in a Fe49Mn30Co10Cr10N1 high-entropy alloy sheet by laser-assisted grinding,final_v5,unique_strict,Processing,3,11,21,0.272727,0.142857,0.1875
paper_016,Improving mechanical properties and machining surface quality in a Fe49Mn30Co10Cr10N1 high-entropy alloy sheet by laser-assisted grinding,final_v5,unique_strict,Structure,1,10,19,0.1,0.052632,0.068966
paper_016,Improving mechanical properties and machining surface quality in a Fe49Mn30Co10Cr10N1 high-entropy alloy sheet by laser-assisted grinding,final_v5,unique_strict,Characterization,0,4,6,0.0,0.0,0.0
paper_016,Improving mechanical properties and machining surface quality in a Fe49Mn30Co10Cr10N1 high-entropy alloy sheet by laser-assisted grinding,final_v5,unique_strict,Properties,15,24,27,0.625,0.555556,0.588235
paper_016,Improving mechanical properties and machining surface quality in a Fe49Mn30Co10Cr10N1 high-entropy alloy sheet by laser-assisted grinding,final_v5,unique_loose,Composition,0,1,5,0.0,0.0,0.0
paper_016,Improving mechanical properties and machining surface quality in a Fe49Mn30Co10Cr10N1 high-entropy alloy sheet by laser-assisted grinding,final_v5,unique_loose,Processing,3,11,21,0.272727,0.142857,0.1875
paper_016,Improving mechanical properties and machining surface quality in a Fe49Mn30Co10Cr10N1 high-entropy alloy sheet by laser-assisted grinding,final_v5,unique_loose,Structure,2,10,19,0.2,0.105263,0.137931
paper_016,Improving mechanical properties and machining surface quality in a Fe49Mn30Co10Cr10N1 high-entropy alloy sheet by laser-assisted grinding,final_v5,unique_loose,Characterization,0,4,6,0.0,0.0,0.0
paper_016,Improving mechanical properties and machining surface quality in a Fe49Mn30Co10Cr10N1 high-entropy alloy sheet by laser-assisted grinding,final_v5,unique_loose,Properties,20,24,27,0.833333,0.740741,0.784314
paper_016,Improving mechanical properties and machining surface quality in a Fe49Mn30Co10Cr10N1 high-entropy alloy sheet by laser-assisted grinding,final_v5,raw_strict,Composition,0,1,5,0.0,0.0,0.0
paper_016,Improving mechanical properties and machining surface quality in a Fe49Mn30Co10Cr10N1 high-entropy alloy sheet by laser-assisted grinding,final_v5,raw_strict,Processing,3,11,21,0.272727,0.142857,0.1875
paper_016,Improving mechanical properties and machining surface quality in a Fe49Mn30Co10Cr10N1 high-entropy alloy sheet by laser-assisted grinding,final_v5,raw_strict,Structure,1,10,19,0.1,0.052632,0.068966
paper_016,Improving mechanical properties and machining surface quality in a Fe49Mn30Co10Cr10N1 high-entropy alloy sheet by laser-assisted grinding,final_v5,raw_strict,Characterization,0,4,6,0.0,0.0,0.0
paper_016,Improving mechanical properties and machining surface quality in a Fe49Mn30Co10Cr10N1 high-entropy alloy sheet by laser-assisted grinding,final_v5,raw_strict,Properties,15,24,27,0.625,0.555556,0.588235
paper_016,Improving mechanical properties and machining surface quality in a Fe49Mn30Co10Cr10N1 high-entropy alloy sheet by laser-assisted grinding,final_v5,raw_loose,Composition,0,1,5,0.0,0.0,0.0
paper_016,Improving mechanical properties and machining surface quality in a Fe49Mn30Co10Cr10N1 high-entropy alloy sheet by laser-assisted grinding,final_v5,raw_loose,Processing,3,11,21,0.272727,0.142857,0.1875
paper_016,Improving mechanical properties and machining surface quality in a Fe49Mn30Co10Cr10N1 high-entropy alloy sheet by laser-assisted grinding,final_v5,raw_loose,Structure,2,10,19,0.2,0.105263,0.137931
paper_016,Improving mechanical properties and machining surface quality in a Fe49Mn30Co10Cr10N1 high-entropy alloy sheet by laser-assisted grinding,final_v5,raw_loose,Characterization,0,4,6,0.0,0.0,0.0
paper_016,Improving mechanical properties and machining surface quality in a Fe49Mn30Co10Cr10N1 high-entropy alloy sheet by laser-assisted grinding,final_v5,raw_loose,Properties,20,24,27,0.833333,0.740741,0.784314
paper_017,In situ tuning of FCC-BCC dual phase and mechanical properties in multi-principal element alloys via laser-aided additive manufacturing,business_gt,unique_strict,Composition,0,33,21,0.0,0.0,0.0
paper_017,In situ tuning of FCC-BCC dual phase and mechanical properties in multi-principal element alloys via laser-aided additive manufacturing,business_gt,unique_strict,Processing,18,78,62,0.230769,0.290323,0.257143
paper_017,In situ tuning of FCC-BCC dual phase and mechanical properties in multi-principal element alloys via laser-aided additive manufacturing,business_gt,unique_strict,Structure,15,20,28,0.75,0.535714,0.625
paper_017,In situ tuning of FCC-BCC dual phase and mechanical properties in multi-principal element alloys via laser-aided additive manufacturing,business_gt,unique_strict,Characterization,2,30,5,0.066667,0.4,0.114286
paper_017,In situ tuning of FCC-BCC dual phase and mechanical properties in multi-principal element alloys via laser-aided additive manufacturing,business_gt,unique_strict,Properties,12,15,36,0.8,0.333333,0.470588
paper_017,In situ tuning of FCC-BCC dual phase and mechanical properties in multi-principal element alloys via laser-aided additive manufacturing,business_gt,unique_loose,Composition,3,33,21,0.090909,0.142857,0.111111
paper_017,In situ tuning of FCC-BCC dual phase and mechanical properties in multi-principal element alloys via laser-aided additive manufacturing,business_gt,unique_loose,Processing,18,78,62,0.230769,0.290323,0.257143
paper_017,In situ tuning of FCC-BCC dual phase and mechanical properties in multi-principal element alloys via laser-aided additive manufacturing,business_gt,unique_loose,Structure,15,20,28,0.75,0.535714,0.625
paper_017,In situ tuning of FCC-BCC dual phase and mechanical properties in multi-principal element alloys via laser-aided additive manufacturing,business_gt,unique_loose,Characterization,2,30,5,0.066667,0.4,0.114286
paper_017,In situ tuning of FCC-BCC dual phase and mechanical properties in multi-principal element alloys via laser-aided additive manufacturing,business_gt,unique_loose,Properties,12,15,36,0.8,0.333333,0.470588
paper_017,In situ tuning of FCC-BCC dual phase and mechanical properties in multi-principal element alloys via laser-aided additive manufacturing,business_gt,raw_strict,Composition,0,33,21,0.0,0.0,0.0
paper_017,In situ tuning of FCC-BCC dual phase and mechanical properties in multi-principal element alloys via laser-aided additive manufacturing,business_gt,raw_strict,Processing,18,78,62,0.230769,0.290323,0.257143
paper_017,In situ tuning of FCC-BCC dual phase and mechanical properties in multi-principal element alloys via laser-aided additive manufacturing,business_gt,raw_strict,Structure,15,20,28,0.75,0.535714,0.625
paper_017,In situ tuning of FCC-BCC dual phase and mechanical properties in multi-principal element alloys via laser-aided additive manufacturing,business_gt,raw_strict,Characterization,2,30,5,0.066667,0.4,0.114286
paper_017,In situ tuning of FCC-BCC dual phase and mechanical properties in multi-principal element alloys via laser-aided additive manufacturing,business_gt,raw_strict,Properties,12,15,36,0.8,0.333333,0.470588
paper_017,In situ tuning of FCC-BCC dual phase and mechanical properties in multi-principal element alloys via laser-aided additive manufacturing,business_gt,raw_loose,Composition,3,33,21,0.090909,0.142857,0.111111
paper_017,In situ tuning of FCC-BCC dual phase and mechanical properties in multi-principal element alloys via laser-aided additive manufacturing,business_gt,raw_loose,Processing,18,78,62,0.230769,0.290323,0.257143
paper_017,In situ tuning of FCC-BCC dual phase and mechanical properties in multi-principal element alloys via laser-aided additive manufacturing,business_gt,raw_loose,Structure,15,20,28,0.75,0.535714,0.625
paper_017,In situ tuning of FCC-BCC dual phase and mechanical properties in multi-principal element alloys via laser-aided additive manufacturing,business_gt,raw_loose,Characterization,2,30,5,0.066667,0.4,0.114286
paper_017,In situ tuning of FCC-BCC dual phase and mechanical properties in multi-principal element alloys via laser-aided additive manufacturing,business_gt,raw_loose,Properties,12,15,36,0.8,0.333333,0.470588
paper_017,In situ tuning of FCC-BCC dual phase and mechanical properties in multi-principal element alloys via laser-aided additive manufacturing,final_v5,unique_strict,Composition,0,9,21,0.0,0.0,0.0
paper_017,In situ tuning of FCC-BCC dual phase and mechanical properties in multi-principal element alloys via laser-aided additive manufacturing,final_v5,unique_strict,Processing,0,4,62,0.0,0.0,0.0
paper_017,In situ tuning of FCC-BCC dual phase and mechanical properties in multi-principal element alloys via laser-aided additive manufacturing,final_v5,unique_strict,Structure,6,22,28,0.272727,0.214286,0.24
paper_017,In situ tuning of FCC-BCC dual phase and mechanical properties in multi-principal element alloys via laser-aided additive manufacturing,final_v5,unique_strict,Characterization,0,0,5,0.0,0.0,0.0
paper_017,In situ tuning of FCC-BCC dual phase and mechanical properties in multi-principal element alloys via laser-aided additive manufacturing,final_v5,unique_strict,Properties,0,25,36,0.0,0.0,0.0
paper_017,In situ tuning of FCC-BCC dual phase and mechanical properties in multi-principal element alloys via laser-aided additive manufacturing,final_v5,unique_loose,Composition,9,9,21,1.0,0.428571,0.6
paper_017,In situ tuning of FCC-BCC dual phase and mechanical properties in multi-principal element alloys via laser-aided additive manufacturing,final_v5,unique_loose,Processing,0,4,62,0.0,0.0,0.0
paper_017,In situ tuning of FCC-BCC dual phase and mechanical properties in multi-principal element alloys via laser-aided additive manufacturing,final_v5,unique_loose,Structure,6,22,28,0.272727,0.214286,0.24
paper_017,In situ tuning of FCC-BCC dual phase and mechanical properties in multi-principal element alloys via laser-aided additive manufacturing,final_v5,unique_loose,Characterization,0,0,5,0.0,0.0,0.0
paper_017,In situ tuning of FCC-BCC dual phase and mechanical properties in multi-principal element alloys via laser-aided additive manufacturing,final_v5,unique_loose,Properties,2,25,36,0.08,0.055556,0.065574
paper_017,In situ tuning of FCC-BCC dual phase and mechanical properties in multi-principal element alloys via laser-aided additive manufacturing,final_v5,raw_strict,Composition,0,9,21,0.0,0.0,0.0
paper_017,In situ tuning of FCC-BCC dual phase and mechanical properties in multi-principal element alloys via laser-aided additive manufacturing,final_v5,raw_strict,Processing,0,4,62,0.0,0.0,0.0
paper_017,In situ tuning of FCC-BCC dual phase and mechanical properties in multi-principal element alloys via laser-aided additive manufacturing,final_v5,raw_strict,Structure,6,22,28,0.272727,0.214286,0.24
paper_017,In situ tuning of FCC-BCC dual phase and mechanical properties in multi-principal element alloys via laser-aided additive manufacturing,final_v5,raw_strict,Characterization,0,0,5,0.0,0.0,0.0
paper_017,In situ tuning of FCC-BCC dual phase and mechanical properties in multi-principal element alloys via laser-aided additive manufacturing,final_v5,raw_strict,Properties,0,25,36,0.0,0.0,0.0
paper_017,In situ tuning of FCC-BCC dual phase and mechanical properties in multi-principal element alloys via laser-aided additive manufacturing,final_v5,raw_loose,Composition,9,9,21,1.0,0.428571,0.6
paper_017,In situ tuning of FCC-BCC dual phase and mechanical properties in multi-principal element alloys via laser-aided additive manufacturing,final_v5,raw_loose,Processing,0,4,62,0.0,0.0,0.0
paper_017,In situ tuning of FCC-BCC dual phase and mechanical properties in multi-principal element alloys via laser-aided additive manufacturing,final_v5,raw_loose,Structure,6,22,28,0.272727,0.214286,0.24
paper_017,In situ tuning of FCC-BCC dual phase and mechanical properties in multi-principal element alloys via laser-aided additive manufacturing,final_v5,raw_loose,Characterization,0,0,5,0.0,0.0,0.0
paper_017,In situ tuning of FCC-BCC dual phase and mechanical properties in multi-principal element alloys via laser-aided additive manufacturing,final_v5,raw_loose,Properties,2,25,36,0.08,0.055556,0.065574
paper_018,Microstructural evolution and formation of fine grains during fatigue crack initiation process of laser powder bed fusion Ni-based superalloy,business_gt,unique_strict,Composition,0,32,37,0.0,0.0,0.0
paper_018,Microstructural evolution and formation of fine grains during fatigue crack initiation process of laser powder bed fusion Ni-based superalloy,business_gt,unique_strict,Processing,0,20,16,0.0,0.0,0.0
paper_018,Microstructural evolution and formation of fine grains during fatigue crack initiation process of laser powder bed fusion Ni-based superalloy,business_gt,unique_strict,Structure,0,36,40,0.0,0.0,0.0
paper_018,Microstructural evolution and formation of fine grains during fatigue crack initiation process of laser powder bed fusion Ni-based superalloy,business_gt,unique_strict,Characterization,0,7,5,0.0,0.0,0.0
paper_018,Microstructural evolution and formation of fine grains during fatigue crack initiation process of laser powder bed fusion Ni-based superalloy,business_gt,unique_strict,Properties,0,26,46,0.0,0.0,0.0
paper_018,Microstructural evolution and formation of fine grains during fatigue crack initiation process of laser powder bed fusion Ni-based superalloy,business_gt,unique_loose,Composition,32,32,37,1.0,0.864865,0.927536
paper_018,Microstructural evolution and formation of fine grains during fatigue crack initiation process of laser powder bed fusion Ni-based superalloy,business_gt,unique_loose,Processing,13,20,16,0.65,0.8125,0.722222
paper_018,Microstructural evolution and formation of fine grains during fatigue crack initiation process of laser powder bed fusion Ni-based superalloy,business_gt,unique_loose,Structure,14,36,40,0.388889,0.35,0.368421
paper_018,Microstructural evolution and formation of fine grains during fatigue crack initiation process of laser powder bed fusion Ni-based superalloy,business_gt,unique_loose,Characterization,3,7,5,0.428571,0.6,0.5
paper_018,Microstructural evolution and formation of fine grains during fatigue crack initiation process of laser powder bed fusion Ni-based superalloy,business_gt,unique_loose,Properties,25,26,46,0.961538,0.543478,0.694444
paper_018,Microstructural evolution and formation of fine grains during fatigue crack initiation process of laser powder bed fusion Ni-based superalloy,business_gt,raw_strict,Composition,0,32,37,0.0,0.0,0.0
paper_018,Microstructural evolution and formation of fine grains during fatigue crack initiation process of laser powder bed fusion Ni-based superalloy,business_gt,raw_strict,Processing,0,20,17,0.0,0.0,0.0
paper_018,Microstructural evolution and formation of fine grains during fatigue crack initiation process of laser powder bed fusion Ni-based superalloy,business_gt,raw_strict,Structure,0,37,40,0.0,0.0,0.0
paper_018,Microstructural evolution and formation of fine grains during fatigue crack initiation process of laser powder bed fusion Ni-based superalloy,business_gt,raw_strict,Characterization,0,7,5,0.0,0.0,0.0
paper_018,Microstructural evolution and formation of fine grains during fatigue crack initiation process of laser powder bed fusion Ni-based superalloy,business_gt,raw_strict,Properties,0,26,47,0.0,0.0,0.0
paper_018,Microstructural evolution and formation of fine grains during fatigue crack initiation process of laser powder bed fusion Ni-based superalloy,business_gt,raw_loose,Composition,32,32,37,1.0,0.864865,0.927536
paper_018,Microstructural evolution and formation of fine grains during fatigue crack initiation process of laser powder bed fusion Ni-based superalloy,business_gt,raw_loose,Processing,13,20,17,0.65,0.764706,0.702703
paper_018,Microstructural evolution and formation of fine grains during fatigue crack initiation process of laser powder bed fusion Ni-based superalloy,business_gt,raw_loose,Structure,14,37,40,0.378378,0.35,0.363636
paper_018,Microstructural evolution and formation of fine grains during fatigue crack initiation process of laser powder bed fusion Ni-based superalloy,business_gt,raw_loose,Characterization,3,7,5,0.428571,0.6,0.5
paper_018,Microstructural evolution and formation of fine grains during fatigue crack initiation process of laser powder bed fusion Ni-based superalloy,business_gt,raw_loose,Properties,26,26,47,1.0,0.553191,0.712329
paper_018,Microstructural evolution and formation of fine grains during fatigue crack initiation process of laser powder bed fusion Ni-based superalloy,final_v5,unique_strict,Composition,0,8,37,0.0,0.0,0.0
paper_018,Microstructural evolution and formation of fine grains during fatigue crack initiation process of laser powder bed fusion Ni-based superalloy,final_v5,unique_strict,Processing,6,7,16,0.857143,0.375,0.521739
paper_018,Microstructural evolution and formation of fine grains during fatigue crack initiation process of laser powder bed fusion Ni-based superalloy,final_v5,unique_strict,Structure,0,25,40,0.0,0.0,0.0
paper_018,Microstructural evolution and formation of fine grains during fatigue crack initiation process of laser powder bed fusion Ni-based superalloy,final_v5,unique_strict,Characterization,0,0,5,0.0,0.0,0.0
paper_018,Microstructural evolution and formation of fine grains during fatigue crack initiation process of laser powder bed fusion Ni-based superalloy,final_v5,unique_strict,Properties,0,9,46,0.0,0.0,0.0
paper_018,Microstructural evolution and formation of fine grains during fatigue crack initiation process of laser powder bed fusion Ni-based superalloy,final_v5,unique_loose,Composition,8,8,37,1.0,0.216216,0.355556
paper_018,Microstructural evolution and formation of fine grains during fatigue crack initiation process of laser powder bed fusion Ni-based superalloy,final_v5,unique_loose,Processing,6,7,16,0.857143,0.375,0.521739
paper_018,Microstructural evolution and formation of fine grains during fatigue crack initiation process of laser powder bed fusion Ni-based superalloy,final_v5,unique_loose,Structure,0,25,40,0.0,0.0,0.0
paper_018,Microstructural evolution and formation of fine grains during fatigue crack initiation process of laser powder bed fusion Ni-based superalloy,final_v5,unique_loose,Characterization,0,0,5,0.0,0.0,0.0
paper_018,Microstructural evolution and formation of fine grains during fatigue crack initiation process of laser powder bed fusion Ni-based superalloy,final_v5,unique_loose,Properties,9,9,46,1.0,0.195652,0.327273
paper_018,Microstructural evolution and formation of fine grains during fatigue crack initiation process of laser powder bed fusion Ni-based superalloy,final_v5,raw_strict,Composition,0,8,37,0.0,0.0,0.0
paper_018,Microstructural evolution and formation of fine grains during fatigue crack initiation process of laser powder bed fusion Ni-based superalloy,final_v5,raw_strict,Processing,6,7,17,0.857143,0.352941,0.5
paper_018,Microstructural evolution and formation of fine grains during fatigue crack initiation process of laser powder bed fusion Ni-based superalloy,final_v5,raw_strict,Structure,0,25,40,0.0,0.0,0.0
paper_018,Microstructural evolution and formation of fine grains during fatigue crack initiation process of laser powder bed fusion Ni-based superalloy,final_v5,raw_strict,Characterization,0,0,5,0.0,0.0,0.0
paper_018,Microstructural evolution and formation of fine grains during fatigue crack initiation process of laser powder bed fusion Ni-based superalloy,final_v5,raw_strict,Properties,0,9,47,0.0,0.0,0.0
paper_018,Microstructural evolution and formation of fine grains during fatigue crack initiation process of laser powder bed fusion Ni-based superalloy,final_v5,raw_loose,Composition,8,8,37,1.0,0.216216,0.355556
paper_018,Microstructural evolution and formation of fine grains during fatigue crack initiation process of laser powder bed fusion Ni-based superalloy,final_v5,raw_loose,Processing,6,7,17,0.857143,0.352941,0.5
paper_018,Microstructural evolution and formation of fine grains during fatigue crack initiation process of laser powder bed fusion Ni-based superalloy,final_v5,raw_loose,Structure,0,25,40,0.0,0.0,0.0
paper_018,Microstructural evolution and formation of fine grains during fatigue crack initiation process of laser powder bed fusion Ni-based superalloy,final_v5,raw_loose,Characterization,0,0,5,0.0,0.0,0.0
paper_018,Microstructural evolution and formation of fine grains during fatigue crack initiation process of laser powder bed fusion Ni-based superalloy,final_v5,raw_loose,Properties,9,9,47,1.0,0.191489,0.321429
paper_019,Microstructural evolution and mechanical properties of differently heat-treated binder jet printed samples from gas- and water-atomized alloy 625 powders,business_gt,unique_strict,Composition,0,38,164,0.0,0.0,0.0
paper_019,Microstructural evolution and mechanical properties of differently heat-treated binder jet printed samples from gas- and water-atomized alloy 625 powders,business_gt,unique_strict,Processing,11,31,22,0.354839,0.5,0.415094
paper_019,Microstructural evolution and mechanical properties of differently heat-treated binder jet printed samples from gas- and water-atomized alloy 625 powders,business_gt,unique_strict,Structure,3,40,98,0.075,0.030612,0.043478
paper_019,Microstructural evolution and mechanical properties of differently heat-treated binder jet printed samples from gas- and water-atomized alloy 625 powders,business_gt,unique_strict,Characterization,0,6,7,0.0,0.0,0.0
paper_019,Microstructural evolution and mechanical properties of differently heat-treated binder jet printed samples from gas- and water-atomized alloy 625 powders,business_gt,unique_strict,Properties,26,30,40,0.866667,0.65,0.742857
paper_019,Microstructural evolution and mechanical properties of differently heat-treated binder jet printed samples from gas- and water-atomized alloy 625 powders,business_gt,unique_loose,Composition,28,38,164,0.736842,0.170732,0.277228
paper_019,Microstructural evolution and mechanical properties of differently heat-treated binder jet printed samples from gas- and water-atomized alloy 625 powders,business_gt,unique_loose,Processing,13,31,22,0.419355,0.590909,0.490566
paper_019,Microstructural evolution and mechanical properties of differently heat-treated binder jet printed samples from gas- and water-atomized alloy 625 powders,business_gt,unique_loose,Structure,35,40,98,0.875,0.357143,0.507246
paper_019,Microstructural evolution and mechanical properties of differently heat-treated binder jet printed samples from gas- and water-atomized alloy 625 powders,business_gt,unique_loose,Characterization,1,6,7,0.166667,0.142857,0.153846
paper_019,Microstructural evolution and mechanical properties of differently heat-treated binder jet printed samples from gas- and water-atomized alloy 625 powders,business_gt,unique_loose,Properties,30,30,40,1.0,0.75,0.857143
paper_019,Microstructural evolution and mechanical properties of differently heat-treated binder jet printed samples from gas- and water-atomized alloy 625 powders,business_gt,raw_strict,Composition,0,40,164,0.0,0.0,0.0
paper_019,Microstructural evolution and mechanical properties of differently heat-treated binder jet printed samples from gas- and water-atomized alloy 625 powders,business_gt,raw_strict,Processing,32,140,36,0.228571,0.888889,0.363636
paper_019,Microstructural evolution and mechanical properties of differently heat-treated binder jet printed samples from gas- and water-atomized alloy 625 powders,business_gt,raw_strict,Structure,5,46,98,0.108696,0.05102,0.069444
paper_019,Microstructural evolution and mechanical properties of differently heat-treated binder jet printed samples from gas- and water-atomized alloy 625 powders,business_gt,raw_strict,Characterization,1,17,7,0.058824,0.142857,0.083333
paper_019,Microstructural evolution and mechanical properties of differently heat-treated binder jet printed samples from gas- and water-atomized alloy 625 powders,business_gt,raw_strict,Properties,26,30,40,0.866667,0.65,0.742857
paper_019,Microstructural evolution and mechanical properties of differently heat-treated binder jet printed samples from gas- and water-atomized alloy 625 powders,business_gt,raw_loose,Composition,29,40,164,0.725,0.176829,0.284314
paper_019,Microstructural evolution and mechanical properties of differently heat-treated binder jet printed samples from gas- and water-atomized alloy 625 powders,business_gt,raw_loose,Processing,35,140,36,0.25,0.972222,0.397727
paper_019,Microstructural evolution and mechanical properties of differently heat-treated binder jet printed samples from gas- and water-atomized alloy 625 powders,business_gt,raw_loose,Structure,38,46,98,0.826087,0.387755,0.527778
paper_019,Microstructural evolution and mechanical properties of differently heat-treated binder jet printed samples from gas- and water-atomized alloy 625 powders,business_gt,raw_loose,Characterization,1,17,7,0.058824,0.142857,0.083333
paper_019,Microstructural evolution and mechanical properties of differently heat-treated binder jet printed samples from gas- and water-atomized alloy 625 powders,business_gt,raw_loose,Properties,30,30,40,1.0,0.75,0.857143
paper_019,Microstructural evolution and mechanical properties of differently heat-treated binder jet printed samples from gas- and water-atomized alloy 625 powders,final_v5,unique_strict,Composition,0,8,164,0.0,0.0,0.0
paper_019,Microstructural evolution and mechanical properties of differently heat-treated binder jet printed samples from gas- and water-atomized alloy 625 powders,final_v5,unique_strict,Processing,1,10,22,0.1,0.045455,0.0625
paper_019,Microstructural evolution and mechanical properties of differently heat-treated binder jet printed samples from gas- and water-atomized alloy 625 powders,final_v5,unique_strict,Structure,18,33,98,0.545455,0.183673,0.274809
paper_019,Microstructural evolution and mechanical properties of differently heat-treated binder jet printed samples from gas- and water-atomized alloy 625 powders,final_v5,unique_strict,Characterization,0,0,7,0.0,0.0,0.0
paper_019,Microstructural evolution and mechanical properties of differently heat-treated binder jet printed samples from gas- and water-atomized alloy 625 powders,final_v5,unique_strict,Properties,15,24,40,0.625,0.375,0.46875
paper_019,Microstructural evolution and mechanical properties of differently heat-treated binder jet printed samples from gas- and water-atomized alloy 625 powders,final_v5,unique_loose,Composition,8,8,164,1.0,0.04878,0.093023
paper_019,Microstructural evolution and mechanical properties of differently heat-treated binder jet printed samples from gas- and water-atomized alloy 625 powders,final_v5,unique_loose,Processing,3,10,22,0.3,0.136364,0.1875
paper_019,Microstructural evolution and mechanical properties of differently heat-treated binder jet printed samples from gas- and water-atomized alloy 625 powders,final_v5,unique_loose,Structure,18,33,98,0.545455,0.183673,0.274809
paper_019,Microstructural evolution and mechanical properties of differently heat-treated binder jet printed samples from gas- and water-atomized alloy 625 powders,final_v5,unique_loose,Characterization,0,0,7,0.0,0.0,0.0
paper_019,Microstructural evolution and mechanical properties of differently heat-treated binder jet printed samples from gas- and water-atomized alloy 625 powders,final_v5,unique_loose,Properties,19,24,40,0.791667,0.475,0.59375
paper_019,Microstructural evolution and mechanical properties of differently heat-treated binder jet printed samples from gas- and water-atomized alloy 625 powders,final_v5,raw_strict,Composition,0,8,164,0.0,0.0,0.0
paper_019,Microstructural evolution and mechanical properties of differently heat-treated binder jet printed samples from gas- and water-atomized alloy 625 powders,final_v5,raw_strict,Processing,6,13,36,0.461538,0.166667,0.244898
paper_019,Microstructural evolution and mechanical properties of differently heat-treated binder jet printed samples from gas- and water-atomized alloy 625 powders,final_v5,raw_strict,Structure,18,33,98,0.545455,0.183673,0.274809
paper_019,Microstructural evolution and mechanical properties of differently heat-treated binder jet printed samples from gas- and water-atomized alloy 625 powders,final_v5,raw_strict,Characterization,0,0,7,0.0,0.0,0.0
paper_019,Microstructural evolution and mechanical properties of differently heat-treated binder jet printed samples from gas- and water-atomized alloy 625 powders,final_v5,raw_strict,Properties,15,24,40,0.625,0.375,0.46875
paper_019,Microstructural evolution and mechanical properties of differently heat-treated binder jet printed samples from gas- and water-atomized alloy 625 powders,final_v5,raw_loose,Composition,8,8,164,1.0,0.04878,0.093023
paper_019,Microstructural evolution and mechanical properties of differently heat-treated binder jet printed samples from gas- and water-atomized alloy 625 powders,final_v5,raw_loose,Processing,6,13,36,0.461538,0.166667,0.244898
paper_019,Microstructural evolution and mechanical properties of differently heat-treated binder jet printed samples from gas- and water-atomized alloy 625 powders,final_v5,raw_loose,Structure,18,33,98,0.545455,0.183673,0.274809
paper_019,Microstructural evolution and mechanical properties of differently heat-treated binder jet printed samples from gas- and water-atomized alloy 625 powders,final_v5,raw_loose,Characterization,0,0,7,0.0,0.0,0.0
paper_019,Microstructural evolution and mechanical properties of differently heat-treated binder jet printed samples from gas- and water-atomized alloy 625 powders,final_v5,raw_loose,Properties,19,24,40,0.791667,0.475,0.59375
paper_020,Nanotwinned precipitates induced ultra-strong AlCoCrFeNi_{2.1} eutectic high-entropy alloy through additive manufacturing,business_gt,unique_strict,Composition,0,10,20,0.0,0.0,0.0
paper_020,Nanotwinned precipitates induced ultra-strong AlCoCrFeNi_{2.1} eutectic high-entropy alloy through additive manufacturing,business_gt,unique_strict,Processing,0,20,22,0.0,0.0,0.0
paper_020,Nanotwinned precipitates induced ultra-strong AlCoCrFeNi_{2.1} eutectic high-entropy alloy through additive manufacturing,business_gt,unique_strict,Structure,0,22,28,0.0,0.0,0.0
paper_020,Nanotwinned precipitates induced ultra-strong AlCoCrFeNi_{2.1} eutectic high-entropy alloy through additive manufacturing,business_gt,unique_strict,Characterization,0,6,6,0.0,0.0,0.0
paper_020,Nanotwinned precipitates induced ultra-strong AlCoCrFeNi_{2.1} eutectic high-entropy alloy through additive manufacturing,business_gt,unique_strict,Properties,0,7,13,0.0,0.0,0.0
paper_020,Nanotwinned precipitates induced ultra-strong AlCoCrFeNi_{2.1} eutectic high-entropy alloy through additive manufacturing,business_gt,unique_loose,Composition,10,10,20,1.0,0.5,0.666667
paper_020,Nanotwinned precipitates induced ultra-strong AlCoCrFeNi_{2.1} eutectic high-entropy alloy through additive manufacturing,business_gt,unique_loose,Processing,12,20,22,0.6,0.545455,0.571429
paper_020,Nanotwinned precipitates induced ultra-strong AlCoCrFeNi_{2.1} eutectic high-entropy alloy through additive manufacturing,business_gt,unique_loose,Structure,12,22,28,0.545455,0.428571,0.48
paper_020,Nanotwinned precipitates induced ultra-strong AlCoCrFeNi_{2.1} eutectic high-entropy alloy through additive manufacturing,business_gt,unique_loose,Characterization,3,6,6,0.5,0.5,0.5
paper_020,Nanotwinned precipitates induced ultra-strong AlCoCrFeNi_{2.1} eutectic high-entropy alloy through additive manufacturing,business_gt,unique_loose,Properties,6,7,13,0.857143,0.461538,0.6
paper_020,Nanotwinned precipitates induced ultra-strong AlCoCrFeNi_{2.1} eutectic high-entropy alloy through additive manufacturing,business_gt,raw_strict,Composition,0,10,20,0.0,0.0,0.0
paper_020,Nanotwinned precipitates induced ultra-strong AlCoCrFeNi_{2.1} eutectic high-entropy alloy through additive manufacturing,business_gt,raw_strict,Processing,0,67,22,0.0,0.0,0.0
paper_020,Nanotwinned precipitates induced ultra-strong AlCoCrFeNi_{2.1} eutectic high-entropy alloy through additive manufacturing,business_gt,raw_strict,Structure,0,22,28,0.0,0.0,0.0
paper_020,Nanotwinned precipitates induced ultra-strong AlCoCrFeNi_{2.1} eutectic high-entropy alloy through additive manufacturing,business_gt,raw_strict,Characterization,0,8,6,0.0,0.0,0.0
paper_020,Nanotwinned precipitates induced ultra-strong AlCoCrFeNi_{2.1} eutectic high-entropy alloy through additive manufacturing,business_gt,raw_strict,Properties,0,7,13,0.0,0.0,0.0
paper_020,Nanotwinned precipitates induced ultra-strong AlCoCrFeNi_{2.1} eutectic high-entropy alloy through additive manufacturing,business_gt,raw_loose,Composition,10,10,20,1.0,0.5,0.666667
paper_020,Nanotwinned precipitates induced ultra-strong AlCoCrFeNi_{2.1} eutectic high-entropy alloy through additive manufacturing,business_gt,raw_loose,Processing,16,67,22,0.238806,0.727273,0.359551
paper_020,Nanotwinned precipitates induced ultra-strong AlCoCrFeNi_{2.1} eutectic high-entropy alloy through additive manufacturing,business_gt,raw_loose,Structure,12,22,28,0.545455,0.428571,0.48
paper_020,Nanotwinned precipitates induced ultra-strong AlCoCrFeNi_{2.1} eutectic high-entropy alloy through additive manufacturing,business_gt,raw_loose,Characterization,3,8,6,0.375,0.5,0.428571
paper_020,Nanotwinned precipitates induced ultra-strong AlCoCrFeNi_{2.1} eutectic high-entropy alloy through additive manufacturing,business_gt,raw_loose,Properties,6,7,13,0.857143,0.461538,0.6
paper_020,Nanotwinned precipitates induced ultra-strong AlCoCrFeNi_{2.1} eutectic high-entropy alloy through additive manufacturing,final_v5,unique_strict,Composition,0,5,20,0.0,0.0,0.0
paper_020,Nanotwinned precipitates induced ultra-strong AlCoCrFeNi_{2.1} eutectic high-entropy alloy through additive manufacturing,final_v5,unique_strict,Processing,0,3,22,0.0,0.0,0.0
paper_020,Nanotwinned precipitates induced ultra-strong AlCoCrFeNi_{2.1} eutectic high-entropy alloy through additive manufacturing,final_v5,unique_strict,Structure,0,11,28,0.0,0.0,0.0
paper_020,Nanotwinned precipitates induced ultra-strong AlCoCrFeNi_{2.1} eutectic high-entropy alloy through additive manufacturing,final_v5,unique_strict,Characterization,0,1,6,0.0,0.0,0.0
paper_020,Nanotwinned precipitates induced ultra-strong AlCoCrFeNi_{2.1} eutectic high-entropy alloy through additive manufacturing,final_v5,unique_strict,Properties,0,4,13,0.0,0.0,0.0
paper_020,Nanotwinned precipitates induced ultra-strong AlCoCrFeNi_{2.1} eutectic high-entropy alloy through additive manufacturing,final_v5,unique_loose,Composition,5,5,20,1.0,0.25,0.4
paper_020,Nanotwinned precipitates induced ultra-strong AlCoCrFeNi_{2.1} eutectic high-entropy alloy through additive manufacturing,final_v5,unique_loose,Processing,2,3,22,0.666667,0.090909,0.16
paper_020,Nanotwinned precipitates induced ultra-strong AlCoCrFeNi_{2.1} eutectic high-entropy alloy through additive manufacturing,final_v5,unique_loose,Structure,2,11,28,0.181818,0.071429,0.102564
paper_020,Nanotwinned precipitates induced ultra-strong AlCoCrFeNi_{2.1} eutectic high-entropy alloy through additive manufacturing,final_v5,unique_loose,Characterization,0,1,6,0.0,0.0,0.0
paper_020,Nanotwinned precipitates induced ultra-strong AlCoCrFeNi_{2.1} eutectic high-entropy alloy through additive manufacturing,final_v5,unique_loose,Properties,2,4,13,0.5,0.153846,0.235294
paper_020,Nanotwinned precipitates induced ultra-strong AlCoCrFeNi_{2.1} eutectic high-entropy alloy through additive manufacturing,final_v5,raw_strict,Composition,0,5,20,0.0,0.0,0.0
paper_020,Nanotwinned precipitates induced ultra-strong AlCoCrFeNi_{2.1} eutectic high-entropy alloy through additive manufacturing,final_v5,raw_strict,Processing,0,3,22,0.0,0.0,0.0
paper_020,Nanotwinned precipitates induced ultra-strong AlCoCrFeNi_{2.1} eutectic high-entropy alloy through additive manufacturing,final_v5,raw_strict,Structure,0,11,28,0.0,0.0,0.0
paper_020,Nanotwinned precipitates induced ultra-strong AlCoCrFeNi_{2.1} eutectic high-entropy alloy through additive manufacturing,final_v5,raw_strict,Characterization,0,1,6,0.0,0.0,0.0
paper_020,Nanotwinned precipitates induced ultra-strong AlCoCrFeNi_{2.1} eutectic high-entropy alloy through additive manufacturing,final_v5,raw_strict,Properties,0,4,13,0.0,0.0,0.0
paper_020,Nanotwinned precipitates induced ultra-strong AlCoCrFeNi_{2.1} eutectic high-entropy alloy through additive manufacturing,final_v5,raw_loose,Composition,5,5,20,1.0,0.25,0.4
paper_020,Nanotwinned precipitates induced ultra-strong AlCoCrFeNi_{2.1} eutectic high-entropy alloy through additive manufacturing,final_v5,raw_loose,Processing,2,3,22,0.666667,0.090909,0.16
paper_020,Nanotwinned precipitates induced ultra-strong AlCoCrFeNi_{2.1} eutectic high-entropy alloy through additive manufacturing,final_v5,raw_loose,Structure,2,11,28,0.181818,0.071429,0.102564
paper_020,Nanotwinned precipitates induced ultra-strong AlCoCrFeNi_{2.1} eutectic high-entropy alloy through additive manufacturing,final_v5,raw_loose,Characterization,0,1,6,0.0,0.0,0.0
paper_020,Nanotwinned precipitates induced ultra-strong AlCoCrFeNi_{2.1} eutectic high-entropy alloy through additive manufacturing,final_v5,raw_loose,Properties,2,4,13,0.5,0.153846,0.235294
paper_021,On the effect of boron on grain boundary character in a new polycrystalline superalloy,business_gt,unique_strict,Composition,0,72,81,0.0,0.0,0.0
paper_021,On the effect of boron on grain boundary character in a new polycrystalline superalloy,business_gt,unique_strict,Processing,1,60,11,0.016667,0.090909,0.028169
paper_021,On the effect of boron on grain boundary character in a new polycrystalline superalloy,business_gt,unique_strict,Structure,0,45,55,0.0,0.0,0.0
paper_021,On the effect of boron on grain boundary character in a new polycrystalline superalloy,business_gt,unique_strict,Characterization,0,24,7,0.0,0.0,0.0
paper_021,On the effect of boron on grain boundary character in a new polycrystalline superalloy,business_gt,unique_strict,Properties,0,0,6,0.0,0.0,0.0
paper_021,On the effect of boron on grain boundary character in a new polycrystalline superalloy,business_gt,unique_loose,Composition,65,72,81,0.902778,0.802469,0.849673
paper_021,On the effect of boron on grain boundary character in a new polycrystalline superalloy,business_gt,unique_loose,Processing,6,60,11,0.1,0.545455,0.169014
paper_021,On the effect of boron on grain boundary character in a new polycrystalline superalloy,business_gt,unique_loose,Structure,2,45,55,0.044444,0.036364,0.04
paper_021,On the effect of boron on grain boundary character in a new polycrystalline superalloy,business_gt,unique_loose,Characterization,4,24,7,0.166667,0.571429,0.258065
paper_021,On the effect of boron on grain boundary character in a new polycrystalline superalloy,business_gt,unique_loose,Properties,0,0,6,0.0,0.0,0.0
paper_021,On the effect of boron on grain boundary character in a new polycrystalline superalloy,business_gt,raw_strict,Composition,0,72,88,0.0,0.0,0.0
paper_021,On the effect of boron on grain boundary character in a new polycrystalline superalloy,business_gt,raw_strict,Processing,1,60,12,0.016667,0.083333,0.027778
paper_021,On the effect of boron on grain boundary character in a new polycrystalline superalloy,business_gt,raw_strict,Structure,0,45,55,0.0,0.0,0.0
paper_021,On the effect of boron on grain boundary character in a new polycrystalline superalloy,business_gt,raw_strict,Characterization,0,24,7,0.0,0.0,0.0
paper_021,On the effect of boron on grain boundary character in a new polycrystalline superalloy,business_gt,raw_strict,Properties,0,0,6,0.0,0.0,0.0
paper_021,On the effect of boron on grain boundary character in a new polycrystalline superalloy,business_gt,raw_loose,Composition,72,72,88,1.0,0.818182,0.9
paper_021,On the effect of boron on grain boundary character in a new polycrystalline superalloy,business_gt,raw_loose,Processing,6,60,12,0.1,0.5,0.166667
paper_021,On the effect of boron on grain boundary character in a new polycrystalline superalloy,business_gt,raw_loose,Structure,2,45,55,0.044444,0.036364,0.04
paper_021,On the effect of boron on grain boundary character in a new polycrystalline superalloy,business_gt,raw_loose,Characterization,4,24,7,0.166667,0.571429,0.258065
paper_021,On the effect of boron on grain boundary character in a new polycrystalline superalloy,business_gt,raw_loose,Properties,0,0,6,0.0,0.0,0.0
paper_021,On the effect of boron on grain boundary character in a new polycrystalline superalloy,final_v5,unique_strict,Composition,21,33,81,0.636364,0.259259,0.368421
paper_021,On the effect of boron on grain boundary character in a new polycrystalline superalloy,final_v5,unique_strict,Processing,0,2,11,0.0,0.0,0.0
paper_021,On the effect of boron on grain boundary character in a new polycrystalline superalloy,final_v5,unique_strict,Structure,5,14,55,0.357143,0.090909,0.144928
paper_021,On the effect of boron on grain boundary character in a new polycrystalline superalloy,final_v5,unique_strict,Characterization,0,1,7,0.0,0.0,0.0
paper_021,On the effect of boron on grain boundary character in a new polycrystalline superalloy,final_v5,unique_strict,Properties,0,1,6,0.0,0.0,0.0
paper_021,On the effect of boron on grain boundary character in a new polycrystalline superalloy,final_v5,unique_loose,Composition,28,33,81,0.848485,0.345679,0.491228
paper_021,On the effect of boron on grain boundary character in a new polycrystalline superalloy,final_v5,unique_loose,Processing,0,2,11,0.0,0.0,0.0
paper_021,On the effect of boron on grain boundary character in a new polycrystalline superalloy,final_v5,unique_loose,Structure,5,14,55,0.357143,0.090909,0.144928
paper_021,On the effect of boron on grain boundary character in a new polycrystalline superalloy,final_v5,unique_loose,Characterization,0,1,7,0.0,0.0,0.0
paper_021,On the effect of boron on grain boundary character in a new polycrystalline superalloy,final_v5,unique_loose,Properties,1,1,6,1.0,0.166667,0.285714
paper_021,On the effect of boron on grain boundary character in a new polycrystalline superalloy,final_v5,raw_strict,Composition,25,33,88,0.757576,0.284091,0.413223
paper_021,On the effect of boron on grain boundary character in a new polycrystalline superalloy,final_v5,raw_strict,Processing,0,2,12,0.0,0.0,0.0
paper_021,On the effect of boron on grain boundary character in a new polycrystalline superalloy,final_v5,raw_strict,Structure,5,14,55,0.357143,0.090909,0.144928
paper_021,On the effect of boron on grain boundary character in a new polycrystalline superalloy,final_v5,raw_strict,Characterization,0,1,7,0.0,0.0,0.0
paper_021,On the effect of boron on grain boundary character in a new polycrystalline superalloy,final_v5,raw_strict,Properties,0,1,6,0.0,0.0,0.0
paper_021,On the effect of boron on grain boundary character in a new polycrystalline superalloy,final_v5,raw_loose,Composition,32,33,88,0.969697,0.363636,0.528926
paper_021,On the effect of boron on grain boundary character in a new polycrystalline superalloy,final_v5,raw_loose,Processing,0,2,12,0.0,0.0,0.0
paper_021,On the effect of boron on grain boundary character in a new polycrystalline superalloy,final_v5,raw_loose,Structure,5,14,55,0.357143,0.090909,0.144928
paper_021,On the effect of boron on grain boundary character in a new polycrystalline superalloy,final_v5,raw_loose,Characterization,0,1,7,0.0,0.0,0.0
paper_021,On the effect of boron on grain boundary character in a new polycrystalline superalloy,final_v5,raw_loose,Properties,1,1,6,1.0,0.166667,0.285714
paper_022,Peculiar microstructural evolution and tensile properties of β-containing γ-TiAl alloys fabricated by electron beam melting,business_gt,unique_strict,Composition,3,15,12,0.2,0.25,0.222222
paper_022,Peculiar microstructural evolution and tensile properties of β-containing γ-TiAl alloys fabricated by electron beam melting,business_gt,unique_strict,Processing,0,10,13,0.0,0.0,0.0
paper_022,Peculiar microstructural evolution and tensile properties of β-containing γ-TiAl alloys fabricated by electron beam melting,business_gt,unique_strict,Structure,8,20,21,0.4,0.380952,0.390244
paper_022,Peculiar microstructural evolution and tensile properties of β-containing γ-TiAl alloys fabricated by electron beam melting,business_gt,unique_strict,Characterization,0,6,10,0.0,0.0,0.0
paper_022,Peculiar microstructural evolution and tensile properties of β-containing γ-TiAl alloys fabricated by electron beam melting,business_gt,unique_strict,Properties,2,11,13,0.181818,0.153846,0.166667
paper_022,Peculiar microstructural evolution and tensile properties of β-containing γ-TiAl alloys fabricated by electron beam melting,business_gt,unique_loose,Composition,9,15,12,0.6,0.75,0.666667
paper_022,Peculiar microstructural evolution and tensile properties of β-containing γ-TiAl alloys fabricated by electron beam melting,business_gt,unique_loose,Processing,1,10,13,0.1,0.076923,0.086957
paper_022,Peculiar microstructural evolution and tensile properties of β-containing γ-TiAl alloys fabricated by electron beam melting,business_gt,unique_loose,Structure,8,20,21,0.4,0.380952,0.390244
paper_022,Peculiar microstructural evolution and tensile properties of β-containing γ-TiAl alloys fabricated by electron beam melting,business_gt,unique_loose,Characterization,0,6,10,0.0,0.0,0.0
paper_022,Peculiar microstructural evolution and tensile properties of β-containing γ-TiAl alloys fabricated by electron beam melting,business_gt,unique_loose,Properties,3,11,13,0.272727,0.230769,0.25
paper_022,Peculiar microstructural evolution and tensile properties of β-containing γ-TiAl alloys fabricated by electron beam melting,business_gt,raw_strict,Composition,3,35,12,0.085714,0.25,0.12766
paper_022,Peculiar microstructural evolution and tensile properties of β-containing γ-TiAl alloys fabricated by electron beam melting,business_gt,raw_strict,Processing,0,25,13,0.0,0.0,0.0
paper_022,Peculiar microstructural evolution and tensile properties of β-containing γ-TiAl alloys fabricated by electron beam melting,business_gt,raw_strict,Structure,8,22,21,0.363636,0.380952,0.372093
paper_022,Peculiar microstructural evolution and tensile properties of β-containing γ-TiAl alloys fabricated by electron beam melting,business_gt,raw_strict,Characterization,0,17,10,0.0,0.0,0.0
paper_022,Peculiar microstructural evolution and tensile properties of β-containing γ-TiAl alloys fabricated by electron beam melting,business_gt,raw_strict,Properties,2,16,13,0.125,0.153846,0.137931
paper_022,Peculiar microstructural evolution and tensile properties of β-containing γ-TiAl alloys fabricated by electron beam melting,business_gt,raw_loose,Composition,9,35,12,0.257143,0.75,0.382979
paper_022,Peculiar microstructural evolution and tensile properties of β-containing γ-TiAl alloys fabricated by electron beam melting,business_gt,raw_loose,Processing,1,25,13,0.04,0.076923,0.052632
paper_022,Peculiar microstructural evolution and tensile properties of β-containing γ-TiAl alloys fabricated by electron beam melting,business_gt,raw_loose,Structure,8,22,21,0.363636,0.380952,0.372093
paper_022,Peculiar microstructural evolution and tensile properties of β-containing γ-TiAl alloys fabricated by electron beam melting,business_gt,raw_loose,Characterization,0,17,10,0.0,0.0,0.0
paper_022,Peculiar microstructural evolution and tensile properties of β-containing γ-TiAl alloys fabricated by electron beam melting,business_gt,raw_loose,Properties,3,16,13,0.1875,0.230769,0.206897
paper_022,Peculiar microstructural evolution and tensile properties of β-containing γ-TiAl alloys fabricated by electron beam melting,final_v5,unique_strict,Composition,6,15,12,0.4,0.5,0.444444
paper_022,Peculiar microstructural evolution and tensile properties of β-containing γ-TiAl alloys fabricated by electron beam melting,final_v5,unique_strict,Processing,0,1,13,0.0,0.0,0.0
paper_022,Peculiar microstructural evolution and tensile properties of β-containing γ-TiAl alloys fabricated by electron beam melting,final_v5,unique_strict,Structure,0,4,21,0.0,0.0,0.0
paper_022,Peculiar microstructural evolution and tensile properties of β-containing γ-TiAl alloys fabricated by electron beam melting,final_v5,unique_strict,Characterization,0,0,10,0.0,0.0,0.0
paper_022,Peculiar microstructural evolution and tensile properties of β-containing γ-TiAl alloys fabricated by electron beam melting,final_v5,unique_strict,Properties,0,3,13,0.0,0.0,0.0
paper_022,Peculiar microstructural evolution and tensile properties of β-containing γ-TiAl alloys fabricated by electron beam melting,final_v5,unique_loose,Composition,10,15,12,0.666667,0.833333,0.740741
paper_022,Peculiar microstructural evolution and tensile properties of β-containing γ-TiAl alloys fabricated by electron beam melting,final_v5,unique_loose,Processing,0,1,13,0.0,0.0,0.0
paper_022,Peculiar microstructural evolution and tensile properties of β-containing γ-TiAl alloys fabricated by electron beam melting,final_v5,unique_loose,Structure,0,4,21,0.0,0.0,0.0
paper_022,Peculiar microstructural evolution and tensile properties of β-containing γ-TiAl alloys fabricated by electron beam melting,final_v5,unique_loose,Characterization,0,0,10,0.0,0.0,0.0
paper_022,Peculiar microstructural evolution and tensile properties of β-containing γ-TiAl alloys fabricated by electron beam melting,final_v5,unique_loose,Properties,0,3,13,0.0,0.0,0.0
paper_022,Peculiar microstructural evolution and tensile properties of β-containing γ-TiAl alloys fabricated by electron beam melting,final_v5,raw_strict,Composition,6,16,12,0.375,0.5,0.428571
paper_022,Peculiar microstructural evolution and tensile properties of β-containing γ-TiAl alloys fabricated by electron beam melting,final_v5,raw_strict,Processing,0,1,13,0.0,0.0,0.0
paper_022,Peculiar microstructural evolution and tensile properties of β-containing γ-TiAl alloys fabricated by electron beam melting,final_v5,raw_strict,Structure,0,4,21,0.0,0.0,0.0
paper_022,Peculiar microstructural evolution and tensile properties of β-containing γ-TiAl alloys fabricated by electron beam melting,final_v5,raw_strict,Characterization,0,0,10,0.0,0.0,0.0
paper_022,Peculiar microstructural evolution and tensile properties of β-containing γ-TiAl alloys fabricated by electron beam melting,final_v5,raw_strict,Properties,0,3,13,0.0,0.0,0.0
paper_022,Peculiar microstructural evolution and tensile properties of β-containing γ-TiAl alloys fabricated by electron beam melting,final_v5,raw_loose,Composition,10,16,12,0.625,0.833333,0.714286
paper_022,Peculiar microstructural evolution and tensile properties of β-containing γ-TiAl alloys fabricated by electron beam melting,final_v5,raw_loose,Processing,0,1,13,0.0,0.0,0.0
paper_022,Peculiar microstructural evolution and tensile properties of β-containing γ-TiAl alloys fabricated by electron beam melting,final_v5,raw_loose,Structure,0,4,21,0.0,0.0,0.0
paper_022,Peculiar microstructural evolution and tensile properties of β-containing γ-TiAl alloys fabricated by electron beam melting,final_v5,raw_loose,Characterization,0,0,10,0.0,0.0,0.0
paper_022,Peculiar microstructural evolution and tensile properties of β-containing γ-TiAl alloys fabricated by electron beam melting,final_v5,raw_loose,Properties,0,3,13,0.0,0.0,0.0
paper_023,"Powder bed binder jet printed alloy 625: Densification, microstructure and mechanical properties",business_gt,unique_strict,Composition,22,60,120,0.366667,0.183333,0.244444
paper_023,"Powder bed binder jet printed alloy 625: Densification, microstructure and mechanical properties",business_gt,unique_strict,Processing,0,24,26,0.0,0.0,0.0
paper_023,"Powder bed binder jet printed alloy 625: Densification, microstructure and mechanical properties",business_gt,unique_strict,Structure,4,46,54,0.086957,0.074074,0.08
paper_023,"Powder bed binder jet printed alloy 625: Densification, microstructure and mechanical properties",business_gt,unique_strict,Characterization,0,0,23,0.0,0.0,0.0
paper_023,"Powder bed binder jet printed alloy 625: Densification, microstructure and mechanical properties",business_gt,unique_strict,Properties,0,10,12,0.0,0.0,0.0
paper_023,"Powder bed binder jet printed alloy 625: Densification, microstructure and mechanical properties",business_gt,unique_loose,Composition,35,60,120,0.583333,0.291667,0.388889
paper_023,"Powder bed binder jet printed alloy 625: Densification, microstructure and mechanical properties",business_gt,unique_loose,Processing,13,24,26,0.541667,0.5,0.52
paper_023,"Powder bed binder jet printed alloy 625: Densification, microstructure and mechanical properties",business_gt,unique_loose,Structure,20,46,54,0.434783,0.37037,0.4
paper_023,"Powder bed binder jet printed alloy 625: Densification, microstructure and mechanical properties",business_gt,unique_loose,Characterization,0,0,23,0.0,0.0,0.0
paper_023,"Powder bed binder jet printed alloy 625: Densification, microstructure and mechanical properties",business_gt,unique_loose,Properties,7,10,12,0.7,0.583333,0.636364
paper_023,"Powder bed binder jet printed alloy 625: Densification, microstructure and mechanical properties",business_gt,raw_strict,Composition,22,132,120,0.166667,0.183333,0.174603
paper_023,"Powder bed binder jet printed alloy 625: Densification, microstructure and mechanical properties",business_gt,raw_strict,Processing,0,128,26,0.0,0.0,0.0
paper_023,"Powder bed binder jet printed alloy 625: Densification, microstructure and mechanical properties",business_gt,raw_strict,Structure,4,46,54,0.086957,0.074074,0.08
paper_023,"Powder bed binder jet printed alloy 625: Densification, microstructure and mechanical properties",business_gt,raw_strict,Characterization,0,0,23,0.0,0.0,0.0
paper_023,"Powder bed binder jet printed alloy 625: Densification, microstructure and mechanical properties",business_gt,raw_strict,Properties,0,10,12,0.0,0.0,0.0
paper_023,"Powder bed binder jet printed alloy 625: Densification, microstructure and mechanical properties",business_gt,raw_loose,Composition,35,132,120,0.265152,0.291667,0.277778
paper_023,"Powder bed binder jet printed alloy 625: Densification, microstructure and mechanical properties",business_gt,raw_loose,Processing,19,128,26,0.148438,0.730769,0.246753
paper_023,"Powder bed binder jet printed alloy 625: Densification, microstructure and mechanical properties",business_gt,raw_loose,Structure,20,46,54,0.434783,0.37037,0.4
paper_023,"Powder bed binder jet printed alloy 625: Densification, microstructure and mechanical properties",business_gt,raw_loose,Characterization,0,0,23,0.0,0.0,0.0
paper_023,"Powder bed binder jet printed alloy 625: Densification, microstructure and mechanical properties",business_gt,raw_loose,Properties,7,10,12,0.7,0.583333,0.636364
paper_023,"Powder bed binder jet printed alloy 625: Densification, microstructure and mechanical properties",final_v5,unique_strict,Composition,32,49,120,0.653061,0.266667,0.378698
paper_023,"Powder bed binder jet printed alloy 625: Densification, microstructure and mechanical properties",final_v5,unique_strict,Processing,0,6,26,0.0,0.0,0.0
paper_023,"Powder bed binder jet printed alloy 625: Densification, microstructure and mechanical properties",final_v5,unique_strict,Structure,0,13,54,0.0,0.0,0.0
paper_023,"Powder bed binder jet printed alloy 625: Densification, microstructure and mechanical properties",final_v5,unique_strict,Characterization,0,0,23,0.0,0.0,0.0
paper_023,"Powder bed binder jet printed alloy 625: Densification, microstructure and mechanical properties",final_v5,unique_strict,Properties,0,8,12,0.0,0.0,0.0
paper_023,"Powder bed binder jet printed alloy 625: Densification, microstructure and mechanical properties",final_v5,unique_loose,Composition,49,49,120,1.0,0.408333,0.579882
paper_023,"Powder bed binder jet printed alloy 625: Densification, microstructure and mechanical properties",final_v5,unique_loose,Processing,4,6,26,0.666667,0.153846,0.25
paper_023,"Powder bed binder jet printed alloy 625: Densification, microstructure and mechanical properties",final_v5,unique_loose,Structure,1,13,54,0.076923,0.018519,0.029851
paper_023,"Powder bed binder jet printed alloy 625: Densification, microstructure and mechanical properties",final_v5,unique_loose,Characterization,0,0,23,0.0,0.0,0.0
paper_023,"Powder bed binder jet printed alloy 625: Densification, microstructure and mechanical properties",final_v5,unique_loose,Properties,3,8,12,0.375,0.25,0.3
paper_023,"Powder bed binder jet printed alloy 625: Densification, microstructure and mechanical properties",final_v5,raw_strict,Composition,32,49,120,0.653061,0.266667,0.378698
paper_023,"Powder bed binder jet printed alloy 625: Densification, microstructure and mechanical properties",final_v5,raw_strict,Processing,0,8,26,0.0,0.0,0.0
paper_023,"Powder bed binder jet printed alloy 625: Densification, microstructure and mechanical properties",final_v5,raw_strict,Structure,0,13,54,0.0,0.0,0.0
paper_023,"Powder bed binder jet printed alloy 625: Densification, microstructure and mechanical properties",final_v5,raw_strict,Characterization,0,0,23,0.0,0.0,0.0
paper_023,"Powder bed binder jet printed alloy 625: Densification, microstructure and mechanical properties",final_v5,raw_strict,Properties,0,8,12,0.0,0.0,0.0
paper_023,"Powder bed binder jet printed alloy 625: Densification, microstructure and mechanical properties",final_v5,raw_loose,Composition,49,49,120,1.0,0.408333,0.579882
paper_023,"Powder bed binder jet printed alloy 625: Densification, microstructure and mechanical properties",final_v5,raw_loose,Processing,4,8,26,0.5,0.153846,0.235294
paper_023,"Powder bed binder jet printed alloy 625: Densification, microstructure and mechanical properties",final_v5,raw_loose,Structure,1,13,54,0.076923,0.018519,0.029851
paper_023,"Powder bed binder jet printed alloy 625: Densification, microstructure and mechanical properties",final_v5,raw_loose,Characterization,0,0,23,0.0,0.0,0.0
paper_023,"Powder bed binder jet printed alloy 625: Densification, microstructure and mechanical properties",final_v5,raw_loose,Properties,3,8,12,0.375,0.25,0.3
paper_024,Powder recycling for electron beam powder bed fusion of TiAl alloy,business_gt,unique_strict,Composition,1,41,16,0.02439,0.0625,0.035088
paper_024,Powder recycling for electron beam powder bed fusion of TiAl alloy,business_gt,unique_strict,Processing,0,20,26,0.0,0.0,0.0
paper_024,Powder recycling for electron beam powder bed fusion of TiAl alloy,business_gt,unique_strict,Structure,0,26,41,0.0,0.0,0.0
paper_024,Powder recycling for electron beam powder bed fusion of TiAl alloy,business_gt,unique_strict,Characterization,0,5,11,0.0,0.0,0.0
paper_024,Powder recycling for electron beam powder bed fusion of TiAl alloy,business_gt,unique_strict,Properties,0,0,4,0.0,0.0,0.0
paper_024,Powder recycling for electron beam powder bed fusion of TiAl alloy,business_gt,unique_loose,Composition,8,41,16,0.195122,0.5,0.280702
paper_024,Powder recycling for electron beam powder bed fusion of TiAl alloy,business_gt,unique_loose,Processing,8,20,26,0.4,0.307692,0.347826
paper_024,Powder recycling for electron beam powder bed fusion of TiAl alloy,business_gt,unique_loose,Structure,3,26,41,0.115385,0.073171,0.089552
paper_024,Powder recycling for electron beam powder bed fusion of TiAl alloy,business_gt,unique_loose,Characterization,0,5,11,0.0,0.0,0.0
paper_024,Powder recycling for electron beam powder bed fusion of TiAl alloy,business_gt,unique_loose,Properties,0,0,4,0.0,0.0,0.0
paper_024,Powder recycling for electron beam powder bed fusion of TiAl alloy,business_gt,raw_strict,Composition,1,46,16,0.021739,0.0625,0.032258
paper_024,Powder recycling for electron beam powder bed fusion of TiAl alloy,business_gt,raw_strict,Processing,0,160,26,0.0,0.0,0.0
paper_024,Powder recycling for electron beam powder bed fusion of TiAl alloy,business_gt,raw_strict,Structure,0,45,41,0.0,0.0,0.0
paper_024,Powder recycling for electron beam powder bed fusion of TiAl alloy,business_gt,raw_strict,Characterization,0,23,11,0.0,0.0,0.0
paper_024,Powder recycling for electron beam powder bed fusion of TiAl alloy,business_gt,raw_strict,Properties,0,0,4,0.0,0.0,0.0
paper_024,Powder recycling for electron beam powder bed fusion of TiAl alloy,business_gt,raw_loose,Composition,8,46,16,0.173913,0.5,0.258065
paper_024,Powder recycling for electron beam powder bed fusion of TiAl alloy,business_gt,raw_loose,Processing,8,160,26,0.05,0.307692,0.086022
paper_024,Powder recycling for electron beam powder bed fusion of TiAl alloy,business_gt,raw_loose,Structure,4,45,41,0.088889,0.097561,0.093023
paper_024,Powder recycling for electron beam powder bed fusion of TiAl alloy,business_gt,raw_loose,Characterization,0,23,11,0.0,0.0,0.0
paper_024,Powder recycling for electron beam powder bed fusion of TiAl alloy,business_gt,raw_loose,Properties,0,0,4,0.0,0.0,0.0
paper_024,Powder recycling for electron beam powder bed fusion of TiAl alloy,final_v5,unique_strict,Composition,8,38,16,0.210526,0.5,0.296296
paper_024,Powder recycling for electron beam powder bed fusion of TiAl alloy,final_v5,unique_strict,Processing,0,27,26,0.0,0.0,0.0
paper_024,Powder recycling for electron beam powder bed fusion of TiAl alloy,final_v5,unique_strict,Structure,1,37,41,0.027027,0.02439,0.025641
paper_024,Powder recycling for electron beam powder bed fusion of TiAl alloy,final_v5,unique_strict,Characterization,0,1,11,0.0,0.0,0.0
paper_024,Powder recycling for electron beam powder bed fusion of TiAl alloy,final_v5,unique_strict,Properties,0,0,4,0.0,0.0,0.0
paper_024,Powder recycling for electron beam powder bed fusion of TiAl alloy,final_v5,unique_loose,Composition,8,38,16,0.210526,0.5,0.296296
paper_024,Powder recycling for electron beam powder bed fusion of TiAl alloy,final_v5,unique_loose,Processing,2,27,26,0.074074,0.076923,0.075472
paper_024,Powder recycling for electron beam powder bed fusion of TiAl alloy,final_v5,unique_loose,Structure,1,37,41,0.027027,0.02439,0.025641
paper_024,Powder recycling for electron beam powder bed fusion of TiAl alloy,final_v5,unique_loose,Characterization,0,1,11,0.0,0.0,0.0
paper_024,Powder recycling for electron beam powder bed fusion of TiAl alloy,final_v5,unique_loose,Properties,0,0,4,0.0,0.0,0.0
paper_024,Powder recycling for electron beam powder bed fusion of TiAl alloy,final_v5,raw_strict,Composition,8,38,16,0.210526,0.5,0.296296
paper_024,Powder recycling for electron beam powder bed fusion of TiAl alloy,final_v5,raw_strict,Processing,0,27,26,0.0,0.0,0.0
paper_024,Powder recycling for electron beam powder bed fusion of TiAl alloy,final_v5,raw_strict,Structure,1,40,41,0.025,0.02439,0.024691
paper_024,Powder recycling for electron beam powder bed fusion of TiAl alloy,final_v5,raw_strict,Characterization,0,1,11,0.0,0.0,0.0
paper_024,Powder recycling for electron beam powder bed fusion of TiAl alloy,final_v5,raw_strict,Properties,0,0,4,0.0,0.0,0.0
paper_024,Powder recycling for electron beam powder bed fusion of TiAl alloy,final_v5,raw_loose,Composition,8,38,16,0.210526,0.5,0.296296
paper_024,Powder recycling for electron beam powder bed fusion of TiAl alloy,final_v5,raw_loose,Processing,2,27,26,0.074074,0.076923,0.075472
paper_024,Powder recycling for electron beam powder bed fusion of TiAl alloy,final_v5,raw_loose,Structure,1,40,41,0.025,0.02439,0.024691
paper_024,Powder recycling for electron beam powder bed fusion of TiAl alloy,final_v5,raw_loose,Characterization,0,1,11,0.0,0.0,0.0
paper_024,Powder recycling for electron beam powder bed fusion of TiAl alloy,final_v5,raw_loose,Properties,0,0,4,0.0,0.0,0.0
paper_025,Process-Structure-Property Considerations for Wire-Based Directed Energy Deposition of Ti-6Al-4V,business_gt,unique_strict,Composition,3,19,31,0.157895,0.096774,0.12
paper_025,Process-Structure-Property Considerations for Wire-Based Directed Energy Deposition of Ti-6Al-4V,business_gt,unique_strict,Processing,0,20,18,0.0,0.0,0.0
paper_025,Process-Structure-Property Considerations for Wire-Based Directed Energy Deposition of Ti-6Al-4V,business_gt,unique_strict,Structure,4,20,21,0.2,0.190476,0.195122
paper_025,Process-Structure-Property Considerations for Wire-Based Directed Energy Deposition of Ti-6Al-4V,business_gt,unique_strict,Characterization,0,6,11,0.0,0.0,0.0
paper_025,Process-Structure-Property Considerations for Wire-Based Directed Energy Deposition of Ti-6Al-4V,business_gt,unique_strict,Properties,0,3,24,0.0,0.0,0.0
paper_025,Process-Structure-Property Considerations for Wire-Based Directed Energy Deposition of Ti-6Al-4V,business_gt,unique_loose,Composition,13,19,31,0.684211,0.419355,0.52
paper_025,Process-Structure-Property Considerations for Wire-Based Directed Energy Deposition of Ti-6Al-4V,business_gt,unique_loose,Processing,10,20,18,0.5,0.555556,0.526316
paper_025,Process-Structure-Property Considerations for Wire-Based Directed Energy Deposition of Ti-6Al-4V,business_gt,unique_loose,Structure,12,20,21,0.6,0.571429,0.585366
paper_025,Process-Structure-Property Considerations for Wire-Based Directed Energy Deposition of Ti-6Al-4V,business_gt,unique_loose,Characterization,0,6,11,0.0,0.0,0.0
paper_025,Process-Structure-Property Considerations for Wire-Based Directed Energy Deposition of Ti-6Al-4V,business_gt,unique_loose,Properties,0,3,24,0.0,0.0,0.0
paper_025,Process-Structure-Property Considerations for Wire-Based Directed Energy Deposition of Ti-6Al-4V,business_gt,raw_strict,Composition,3,23,31,0.130435,0.096774,0.111111
paper_025,Process-Structure-Property Considerations for Wire-Based Directed Energy Deposition of Ti-6Al-4V,business_gt,raw_strict,Processing,0,20,18,0.0,0.0,0.0
paper_025,Process-Structure-Property Considerations for Wire-Based Directed Energy Deposition of Ti-6Al-4V,business_gt,raw_strict,Structure,4,23,21,0.173913,0.190476,0.181818
paper_025,Process-Structure-Property Considerations for Wire-Based Directed Energy Deposition of Ti-6Al-4V,business_gt,raw_strict,Characterization,0,16,11,0.0,0.0,0.0
paper_025,Process-Structure-Property Considerations for Wire-Based Directed Energy Deposition of Ti-6Al-4V,business_gt,raw_strict,Properties,0,3,24,0.0,0.0,0.0
paper_025,Process-Structure-Property Considerations for Wire-Based Directed Energy Deposition of Ti-6Al-4V,business_gt,raw_loose,Composition,15,23,31,0.652174,0.483871,0.555556
paper_025,Process-Structure-Property Considerations for Wire-Based Directed Energy Deposition of Ti-6Al-4V,business_gt,raw_loose,Processing,10,20,18,0.5,0.555556,0.526316
paper_025,Process-Structure-Property Considerations for Wire-Based Directed Energy Deposition of Ti-6Al-4V,business_gt,raw_loose,Structure,14,23,21,0.608696,0.666667,0.636364
paper_025,Process-Structure-Property Considerations for Wire-Based Directed Energy Deposition of Ti-6Al-4V,business_gt,raw_loose,Characterization,0,16,11,0.0,0.0,0.0
paper_025,Process-Structure-Property Considerations for Wire-Based Directed Energy Deposition of Ti-6Al-4V,business_gt,raw_loose,Properties,0,3,24,0.0,0.0,0.0
paper_025,Process-Structure-Property Considerations for Wire-Based Directed Energy Deposition of Ti-6Al-4V,final_v5,unique_strict,Composition,0,11,31,0.0,0.0,0.0
paper_025,Process-Structure-Property Considerations for Wire-Based Directed Energy Deposition of Ti-6Al-4V,final_v5,unique_strict,Processing,4,15,18,0.266667,0.222222,0.242424
paper_025,Process-Structure-Property Considerations for Wire-Based Directed Energy Deposition of Ti-6Al-4V,final_v5,unique_strict,Structure,3,9,21,0.333333,0.142857,0.2
paper_025,Process-Structure-Property Considerations for Wire-Based Directed Energy Deposition of Ti-6Al-4V,final_v5,unique_strict,Characterization,0,1,11,0.0,0.0,0.0
paper_025,Process-Structure-Property Considerations for Wire-Based Directed Energy Deposition of Ti-6Al-4V,final_v5,unique_strict,Properties,0,0,24,0.0,0.0,0.0
paper_025,Process-Structure-Property Considerations for Wire-Based Directed Energy Deposition of Ti-6Al-4V,final_v5,unique_loose,Composition,6,11,31,0.545455,0.193548,0.285714
paper_025,Process-Structure-Property Considerations for Wire-Based Directed Energy Deposition of Ti-6Al-4V,final_v5,unique_loose,Processing,4,15,18,0.266667,0.222222,0.242424
paper_025,Process-Structure-Property Considerations for Wire-Based Directed Energy Deposition of Ti-6Al-4V,final_v5,unique_loose,Structure,3,9,21,0.333333,0.142857,0.2
paper_025,Process-Structure-Property Considerations for Wire-Based Directed Energy Deposition of Ti-6Al-4V,final_v5,unique_loose,Characterization,0,1,11,0.0,0.0,0.0
paper_025,Process-Structure-Property Considerations for Wire-Based Directed Energy Deposition of Ti-6Al-4V,final_v5,unique_loose,Properties,0,0,24,0.0,0.0,0.0
paper_025,Process-Structure-Property Considerations for Wire-Based Directed Energy Deposition of Ti-6Al-4V,final_v5,raw_strict,Composition,0,11,31,0.0,0.0,0.0
paper_025,Process-Structure-Property Considerations for Wire-Based Directed Energy Deposition of Ti-6Al-4V,final_v5,raw_strict,Processing,4,15,18,0.266667,0.222222,0.242424
paper_025,Process-Structure-Property Considerations for Wire-Based Directed Energy Deposition of Ti-6Al-4V,final_v5,raw_strict,Structure,3,9,21,0.333333,0.142857,0.2
paper_025,Process-Structure-Property Considerations for Wire-Based Directed Energy Deposition of Ti-6Al-4V,final_v5,raw_strict,Characterization,0,1,11,0.0,0.0,0.0
paper_025,Process-Structure-Property Considerations for Wire-Based Directed Energy Deposition of Ti-6Al-4V,final_v5,raw_strict,Properties,0,0,24,0.0,0.0,0.0
paper_025,Process-Structure-Property Considerations for Wire-Based Directed Energy Deposition of Ti-6Al-4V,final_v5,raw_loose,Composition,6,11,31,0.545455,0.193548,0.285714
paper_025,Process-Structure-Property Considerations for Wire-Based Directed Energy Deposition of Ti-6Al-4V,final_v5,raw_loose,Processing,4,15,18,0.266667,0.222222,0.242424
paper_025,Process-Structure-Property Considerations for Wire-Based Directed Energy Deposition of Ti-6Al-4V,final_v5,raw_loose,Structure,3,9,21,0.333333,0.142857,0.2
paper_025,Process-Structure-Property Considerations for Wire-Based Directed Energy Deposition of Ti-6Al-4V,final_v5,raw_loose,Characterization,0,1,11,0.0,0.0,0.0
paper_025,Process-Structure-Property Considerations for Wire-Based Directed Energy Deposition of Ti-6Al-4V,final_v5,raw_loose,Properties,0,0,24,0.0,0.0,0.0
paper_026,Strain controlled fatigue behaviour of a wire + arc additive manufactured Ti-6Al-4V,business_gt,unique_strict,Composition,0,0,0,1.0,1.0,1.0
paper_026,Strain controlled fatigue behaviour of a wire + arc additive manufactured Ti-6Al-4V,business_gt,unique_strict,Processing,0,7,13,0.0,0.0,0.0
paper_026,Strain controlled fatigue behaviour of a wire + arc additive manufactured Ti-6Al-4V,business_gt,unique_strict,Structure,1,8,9,0.125,0.111111,0.117647
paper_026,Strain controlled fatigue behaviour of a wire + arc additive manufactured Ti-6Al-4V,business_gt,unique_strict,Characterization,0,4,17,0.0,0.0,0.0
paper_026,Strain controlled fatigue behaviour of a wire + arc additive manufactured Ti-6Al-4V,business_gt,unique_strict,Properties,0,22,30,0.0,0.0,0.0
paper_026,Strain controlled fatigue behaviour of a wire + arc additive manufactured Ti-6Al-4V,business_gt,unique_loose,Composition,0,0,0,1.0,1.0,1.0
paper_026,Strain controlled fatigue behaviour of a wire + arc additive manufactured Ti-6Al-4V,business_gt,unique_loose,Processing,4,7,13,0.571429,0.307692,0.4
paper_026,Strain controlled fatigue behaviour of a wire + arc additive manufactured Ti-6Al-4V,business_gt,unique_loose,Structure,4,8,9,0.5,0.444444,0.470588
paper_026,Strain controlled fatigue behaviour of a wire + arc additive manufactured Ti-6Al-4V,business_gt,unique_loose,Characterization,0,4,17,0.0,0.0,0.0
paper_026,Strain controlled fatigue behaviour of a wire + arc additive manufactured Ti-6Al-4V,business_gt,unique_loose,Properties,22,22,30,1.0,0.733333,0.846154
paper_026,Strain controlled fatigue behaviour of a wire + arc additive manufactured Ti-6Al-4V,business_gt,raw_strict,Composition,0,0,0,1.0,1.0,1.0
paper_026,Strain controlled fatigue behaviour of a wire + arc additive manufactured Ti-6Al-4V,business_gt,raw_strict,Processing,0,14,13,0.0,0.0,0.0
paper_026,Strain controlled fatigue behaviour of a wire + arc additive manufactured Ti-6Al-4V,business_gt,raw_strict,Structure,1,8,9,0.125,0.111111,0.117647
paper_026,Strain controlled fatigue behaviour of a wire + arc additive manufactured Ti-6Al-4V,business_gt,raw_strict,Characterization,0,8,17,0.0,0.0,0.0
paper_026,Strain controlled fatigue behaviour of a wire + arc additive manufactured Ti-6Al-4V,business_gt,raw_strict,Properties,0,22,30,0.0,0.0,0.0
paper_026,Strain controlled fatigue behaviour of a wire + arc additive manufactured Ti-6Al-4V,business_gt,raw_loose,Composition,0,0,0,1.0,1.0,1.0
paper_026,Strain controlled fatigue behaviour of a wire + arc additive manufactured Ti-6Al-4V,business_gt,raw_loose,Processing,4,14,13,0.285714,0.307692,0.296296
paper_026,Strain controlled fatigue behaviour of a wire + arc additive manufactured Ti-6Al-4V,business_gt,raw_loose,Structure,4,8,9,0.5,0.444444,0.470588
paper_026,Strain controlled fatigue behaviour of a wire + arc additive manufactured Ti-6Al-4V,business_gt,raw_loose,Characterization,0,8,17,0.0,0.0,0.0
paper_026,Strain controlled fatigue behaviour of a wire + arc additive manufactured Ti-6Al-4V,business_gt,raw_loose,Properties,22,22,30,1.0,0.733333,0.846154
paper_026,Strain controlled fatigue behaviour of a wire + arc additive manufactured Ti-6Al-4V,final_v5,unique_strict,Composition,0,0,0,1.0,1.0,1.0
paper_026,Strain controlled fatigue behaviour of a wire + arc additive manufactured Ti-6Al-4V,final_v5,unique_strict,Processing,0,0,13,0.0,0.0,0.0
paper_026,Strain controlled fatigue behaviour of a wire + arc additive manufactured Ti-6Al-4V,final_v5,unique_strict,Structure,0,8,9,0.0,0.0,0.0
paper_026,Strain controlled fatigue behaviour of a wire + arc additive manufactured Ti-6Al-4V,final_v5,unique_strict,Characterization,0,1,17,0.0,0.0,0.0
paper_026,Strain controlled fatigue behaviour of a wire + arc additive manufactured Ti-6Al-4V,final_v5,unique_strict,Properties,0,0,30,0.0,0.0,0.0
paper_026,Strain controlled fatigue behaviour of a wire + arc additive manufactured Ti-6Al-4V,final_v5,unique_loose,Composition,0,0,0,1.0,1.0,1.0
paper_026,Strain controlled fatigue behaviour of a wire + arc additive manufactured Ti-6Al-4V,final_v5,unique_loose,Processing,0,0,13,0.0,0.0,0.0
paper_026,Strain controlled fatigue behaviour of a wire + arc additive manufactured Ti-6Al-4V,final_v5,unique_loose,Structure,0,8,9,0.0,0.0,0.0
paper_026,Strain controlled fatigue behaviour of a wire + arc additive manufactured Ti-6Al-4V,final_v5,unique_loose,Characterization,0,1,17,0.0,0.0,0.0
paper_026,Strain controlled fatigue behaviour of a wire + arc additive manufactured Ti-6Al-4V,final_v5,unique_loose,Properties,0,0,30,0.0,0.0,0.0
paper_026,Strain controlled fatigue behaviour of a wire + arc additive manufactured Ti-6Al-4V,final_v5,raw_strict,Composition,0,0,0,1.0,1.0,1.0
paper_026,Strain controlled fatigue behaviour of a wire + arc additive manufactured Ti-6Al-4V,final_v5,raw_strict,Processing,0,0,13,0.0,0.0,0.0
paper_026,Strain controlled fatigue behaviour of a wire + arc additive manufactured Ti-6Al-4V,final_v5,raw_strict,Structure,0,8,9,0.0,0.0,0.0
paper_026,Strain controlled fatigue behaviour of a wire + arc additive manufactured Ti-6Al-4V,final_v5,raw_strict,Characterization,0,1,17,0.0,0.0,0.0
paper_026,Strain controlled fatigue behaviour of a wire + arc additive manufactured Ti-6Al-4V,final_v5,raw_strict,Properties,0,0,30,0.0,0.0,0.0
paper_026,Strain controlled fatigue behaviour of a wire + arc additive manufactured Ti-6Al-4V,final_v5,raw_loose,Composition,0,0,0,1.0,1.0,1.0
paper_026,Strain controlled fatigue behaviour of a wire + arc additive manufactured Ti-6Al-4V,final_v5,raw_loose,Processing,0,0,13,0.0,0.0,0.0
paper_026,Strain controlled fatigue behaviour of a wire + arc additive manufactured Ti-6Al-4V,final_v5,raw_loose,Structure,0,8,9,0.0,0.0,0.0
paper_026,Strain controlled fatigue behaviour of a wire + arc additive manufactured Ti-6Al-4V,final_v5,raw_loose,Characterization,0,1,17,0.0,0.0,0.0
paper_026,Strain controlled fatigue behaviour of a wire + arc additive manufactured Ti-6Al-4V,final_v5,raw_loose,Properties,0,0,30,0.0,0.0,0.0
paper_027,Superior corrosion resistance and its origins in an additively manufactured Co-Cr-Ni-Al-Ti high-entropy alloy with nano-lamellar precipitates,business_gt,unique_strict,Composition,5,15,18,0.333333,0.277778,0.30303
paper_027,Superior corrosion resistance and its origins in an additively manufactured Co-Cr-Ni-Al-Ti high-entropy alloy with nano-lamellar precipitates,business_gt,unique_strict,Processing,7,11,9,0.636364,0.777778,0.7
paper_027,Superior corrosion resistance and its origins in an additively manufactured Co-Cr-Ni-Al-Ti high-entropy alloy with nano-lamellar precipitates,business_gt,unique_strict,Structure,3,15,18,0.2,0.166667,0.181818
paper_027,Superior corrosion resistance and its origins in an additively manufactured Co-Cr-Ni-Al-Ti high-entropy alloy with nano-lamellar precipitates,business_gt,unique_strict,Characterization,0,0,14,0.0,0.0,0.0
paper_027,Superior corrosion resistance and its origins in an additively manufactured Co-Cr-Ni-Al-Ti high-entropy alloy with nano-lamellar precipitates,business_gt,unique_strict,Properties,6,22,24,0.272727,0.25,0.26087
paper_027,Superior corrosion resistance and its origins in an additively manufactured Co-Cr-Ni-Al-Ti high-entropy alloy with nano-lamellar precipitates,business_gt,unique_loose,Composition,15,15,18,1.0,0.833333,0.909091
paper_027,Superior corrosion resistance and its origins in an additively manufactured Co-Cr-Ni-Al-Ti high-entropy alloy with nano-lamellar precipitates,business_gt,unique_loose,Processing,7,11,9,0.636364,0.777778,0.7
paper_027,Superior corrosion resistance and its origins in an additively manufactured Co-Cr-Ni-Al-Ti high-entropy alloy with nano-lamellar precipitates,business_gt,unique_loose,Structure,7,15,18,0.466667,0.388889,0.424242
paper_027,Superior corrosion resistance and its origins in an additively manufactured Co-Cr-Ni-Al-Ti high-entropy alloy with nano-lamellar precipitates,business_gt,unique_loose,Characterization,0,0,14,0.0,0.0,0.0
paper_027,Superior corrosion resistance and its origins in an additively manufactured Co-Cr-Ni-Al-Ti high-entropy alloy with nano-lamellar precipitates,business_gt,unique_loose,Properties,10,22,24,0.454545,0.416667,0.434783
paper_027,Superior corrosion resistance and its origins in an additively manufactured Co-Cr-Ni-Al-Ti high-entropy alloy with nano-lamellar precipitates,business_gt,raw_strict,Composition,5,15,18,0.333333,0.277778,0.30303
paper_027,Superior corrosion resistance and its origins in an additively manufactured Co-Cr-Ni-Al-Ti high-entropy alloy with nano-lamellar precipitates,business_gt,raw_strict,Processing,7,18,9,0.388889,0.777778,0.518519
paper_027,Superior corrosion resistance and its origins in an additively manufactured Co-Cr-Ni-Al-Ti high-entropy alloy with nano-lamellar precipitates,business_gt,raw_strict,Structure,3,15,18,0.2,0.166667,0.181818
paper_027,Superior corrosion resistance and its origins in an additively manufactured Co-Cr-Ni-Al-Ti high-entropy alloy with nano-lamellar precipitates,business_gt,raw_strict,Characterization,0,0,14,0.0,0.0,0.0
paper_027,Superior corrosion resistance and its origins in an additively manufactured Co-Cr-Ni-Al-Ti high-entropy alloy with nano-lamellar precipitates,business_gt,raw_strict,Properties,6,22,24,0.272727,0.25,0.26087
paper_027,Superior corrosion resistance and its origins in an additively manufactured Co-Cr-Ni-Al-Ti high-entropy alloy with nano-lamellar precipitates,business_gt,raw_loose,Composition,15,15,18,1.0,0.833333,0.909091
paper_027,Superior corrosion resistance and its origins in an additively manufactured Co-Cr-Ni-Al-Ti high-entropy alloy with nano-lamellar precipitates,business_gt,raw_loose,Processing,7,18,9,0.388889,0.777778,0.518519
paper_027,Superior corrosion resistance and its origins in an additively manufactured Co-Cr-Ni-Al-Ti high-entropy alloy with nano-lamellar precipitates,business_gt,raw_loose,Structure,7,15,18,0.466667,0.388889,0.424242
paper_027,Superior corrosion resistance and its origins in an additively manufactured Co-Cr-Ni-Al-Ti high-entropy alloy with nano-lamellar precipitates,business_gt,raw_loose,Characterization,0,0,14,0.0,0.0,0.0
paper_027,Superior corrosion resistance and its origins in an additively manufactured Co-Cr-Ni-Al-Ti high-entropy alloy with nano-lamellar precipitates,business_gt,raw_loose,Properties,10,22,24,0.454545,0.416667,0.434783
paper_027,Superior corrosion resistance and its origins in an additively manufactured Co-Cr-Ni-Al-Ti high-entropy alloy with nano-lamellar precipitates,final_v5,unique_strict,Composition,0,5,18,0.0,0.0,0.0
paper_027,Superior corrosion resistance and its origins in an additively manufactured Co-Cr-Ni-Al-Ti high-entropy alloy with nano-lamellar precipitates,final_v5,unique_strict,Processing,0,1,9,0.0,0.0,0.0
paper_027,Superior corrosion resistance and its origins in an additively manufactured Co-Cr-Ni-Al-Ti high-entropy alloy with nano-lamellar precipitates,final_v5,unique_strict,Structure,3,22,18,0.136364,0.166667,0.15
paper_027,Superior corrosion resistance and its origins in an additively manufactured Co-Cr-Ni-Al-Ti high-entropy alloy with nano-lamellar precipitates,final_v5,unique_strict,Characterization,0,0,14,0.0,0.0,0.0
paper_027,Superior corrosion resistance and its origins in an additively manufactured Co-Cr-Ni-Al-Ti high-entropy alloy with nano-lamellar precipitates,final_v5,unique_strict,Properties,0,24,24,0.0,0.0,0.0
paper_027,Superior corrosion resistance and its origins in an additively manufactured Co-Cr-Ni-Al-Ti high-entropy alloy with nano-lamellar precipitates,final_v5,unique_loose,Composition,0,5,18,0.0,0.0,0.0
paper_027,Superior corrosion resistance and its origins in an additively manufactured Co-Cr-Ni-Al-Ti high-entropy alloy with nano-lamellar precipitates,final_v5,unique_loose,Processing,0,1,9,0.0,0.0,0.0
paper_027,Superior corrosion resistance and its origins in an additively manufactured Co-Cr-Ni-Al-Ti high-entropy alloy with nano-lamellar precipitates,final_v5,unique_loose,Structure,4,22,18,0.181818,0.222222,0.2
paper_027,Superior corrosion resistance and its origins in an additively manufactured Co-Cr-Ni-Al-Ti high-entropy alloy with nano-lamellar precipitates,final_v5,unique_loose,Characterization,0,0,14,0.0,0.0,0.0
paper_027,Superior corrosion resistance and its origins in an additively manufactured Co-Cr-Ni-Al-Ti high-entropy alloy with nano-lamellar precipitates,final_v5,unique_loose,Properties,0,24,24,0.0,0.0,0.0
paper_027,Superior corrosion resistance and its origins in an additively manufactured Co-Cr-Ni-Al-Ti high-entropy alloy with nano-lamellar precipitates,final_v5,raw_strict,Composition,0,5,18,0.0,0.0,0.0
paper_027,Superior corrosion resistance and its origins in an additively manufactured Co-Cr-Ni-Al-Ti high-entropy alloy with nano-lamellar precipitates,final_v5,raw_strict,Processing,0,1,9,0.0,0.0,0.0
paper_027,Superior corrosion resistance and its origins in an additively manufactured Co-Cr-Ni-Al-Ti high-entropy alloy with nano-lamellar precipitates,final_v5,raw_strict,Structure,3,22,18,0.136364,0.166667,0.15
paper_027,Superior corrosion resistance and its origins in an additively manufactured Co-Cr-Ni-Al-Ti high-entropy alloy with nano-lamellar precipitates,final_v5,raw_strict,Characterization,0,0,14,0.0,0.0,0.0
paper_027,Superior corrosion resistance and its origins in an additively manufactured Co-Cr-Ni-Al-Ti high-entropy alloy with nano-lamellar precipitates,final_v5,raw_strict,Properties,0,24,24,0.0,0.0,0.0
paper_027,Superior corrosion resistance and its origins in an additively manufactured Co-Cr-Ni-Al-Ti high-entropy alloy with nano-lamellar precipitates,final_v5,raw_loose,Composition,0,5,18,0.0,0.0,0.0
paper_027,Superior corrosion resistance and its origins in an additively manufactured Co-Cr-Ni-Al-Ti high-entropy alloy with nano-lamellar precipitates,final_v5,raw_loose,Processing,0,1,9,0.0,0.0,0.0
paper_027,Superior corrosion resistance and its origins in an additively manufactured Co-Cr-Ni-Al-Ti high-entropy alloy with nano-lamellar precipitates,final_v5,raw_loose,Structure,4,22,18,0.181818,0.222222,0.2
paper_027,Superior corrosion resistance and its origins in an additively manufactured Co-Cr-Ni-Al-Ti high-entropy alloy with nano-lamellar precipitates,final_v5,raw_loose,Characterization,0,0,14,0.0,0.0,0.0
paper_027,Superior corrosion resistance and its origins in an additively manufactured Co-Cr-Ni-Al-Ti high-entropy alloy with nano-lamellar precipitates,final_v5,raw_loose,Properties,0,24,24,0.0,0.0,0.0
paper_028,Tailoring thickness debit for high-temperature fatigue resistance of Inconel 718 superalloy fabricated by laser powder bed fusion,business_gt,unique_strict,Composition,0,0,0,1.0,1.0,1.0
paper_028,Tailoring thickness debit for high-temperature fatigue resistance of Inconel 718 superalloy fabricated by laser powder bed fusion,business_gt,unique_strict,Processing,3,26,23,0.115385,0.130435,0.122449
paper_028,Tailoring thickness debit for high-temperature fatigue resistance of Inconel 718 superalloy fabricated by laser powder bed fusion,business_gt,unique_strict,Structure,0,20,14,0.0,0.0,0.0
paper_028,Tailoring thickness debit for high-temperature fatigue resistance of Inconel 718 superalloy fabricated by laser powder bed fusion,business_gt,unique_strict,Characterization,0,5,3,0.0,0.0,0.0
paper_028,Tailoring thickness debit for high-temperature fatigue resistance of Inconel 718 superalloy fabricated by laser powder bed fusion,business_gt,unique_strict,Properties,6,6,24,1.0,0.25,0.4
paper_028,Tailoring thickness debit for high-temperature fatigue resistance of Inconel 718 superalloy fabricated by laser powder bed fusion,business_gt,unique_loose,Composition,0,0,0,1.0,1.0,1.0
paper_028,Tailoring thickness debit for high-temperature fatigue resistance of Inconel 718 superalloy fabricated by laser powder bed fusion,business_gt,unique_loose,Processing,12,26,23,0.461538,0.521739,0.489796
paper_028,Tailoring thickness debit for high-temperature fatigue resistance of Inconel 718 superalloy fabricated by laser powder bed fusion,business_gt,unique_loose,Structure,5,20,14,0.25,0.357143,0.294118
paper_028,Tailoring thickness debit for high-temperature fatigue resistance of Inconel 718 superalloy fabricated by laser powder bed fusion,business_gt,unique_loose,Characterization,0,5,3,0.0,0.0,0.0
paper_028,Tailoring thickness debit for high-temperature fatigue resistance of Inconel 718 superalloy fabricated by laser powder bed fusion,business_gt,unique_loose,Properties,6,6,24,1.0,0.25,0.4
paper_028,Tailoring thickness debit for high-temperature fatigue resistance of Inconel 718 superalloy fabricated by laser powder bed fusion,business_gt,raw_strict,Composition,0,0,0,1.0,1.0,1.0
paper_028,Tailoring thickness debit for high-temperature fatigue resistance of Inconel 718 superalloy fabricated by laser powder bed fusion,business_gt,raw_strict,Processing,4,50,23,0.08,0.173913,0.109589
paper_028,Tailoring thickness debit for high-temperature fatigue resistance of Inconel 718 superalloy fabricated by laser powder bed fusion,business_gt,raw_strict,Structure,0,20,14,0.0,0.0,0.0
paper_028,Tailoring thickness debit for high-temperature fatigue resistance of Inconel 718 superalloy fabricated by laser powder bed fusion,business_gt,raw_strict,Characterization,0,10,3,0.0,0.0,0.0
paper_028,Tailoring thickness debit for high-temperature fatigue resistance of Inconel 718 superalloy fabricated by laser powder bed fusion,business_gt,raw_strict,Properties,6,6,24,1.0,0.25,0.4
paper_028,Tailoring thickness debit for high-temperature fatigue resistance of Inconel 718 superalloy fabricated by laser powder bed fusion,business_gt,raw_loose,Composition,0,0,0,1.0,1.0,1.0
paper_028,Tailoring thickness debit for high-temperature fatigue resistance of Inconel 718 superalloy fabricated by laser powder bed fusion,business_gt,raw_loose,Processing,13,50,23,0.26,0.565217,0.356164
paper_028,Tailoring thickness debit for high-temperature fatigue resistance of Inconel 718 superalloy fabricated by laser powder bed fusion,business_gt,raw_loose,Structure,5,20,14,0.25,0.357143,0.294118
paper_028,Tailoring thickness debit for high-temperature fatigue resistance of Inconel 718 superalloy fabricated by laser powder bed fusion,business_gt,raw_loose,Characterization,0,10,3,0.0,0.0,0.0
paper_028,Tailoring thickness debit for high-temperature fatigue resistance of Inconel 718 superalloy fabricated by laser powder bed fusion,business_gt,raw_loose,Properties,6,6,24,1.0,0.25,0.4
paper_028,Tailoring thickness debit for high-temperature fatigue resistance of Inconel 718 superalloy fabricated by laser powder bed fusion,final_v5,unique_strict,Composition,0,0,0,1.0,1.0,1.0
paper_028,Tailoring thickness debit for high-temperature fatigue resistance of Inconel 718 superalloy fabricated by laser powder bed fusion,final_v5,unique_strict,Processing,3,5,23,0.6,0.130435,0.214286
paper_028,Tailoring thickness debit for high-temperature fatigue resistance of Inconel 718 superalloy fabricated by laser powder bed fusion,final_v5,unique_strict,Structure,2,14,14,0.142857,0.142857,0.142857
paper_028,Tailoring thickness debit for high-temperature fatigue resistance of Inconel 718 superalloy fabricated by laser powder bed fusion,final_v5,unique_strict,Characterization,0,0,3,0.0,0.0,0.0
paper_028,Tailoring thickness debit for high-temperature fatigue resistance of Inconel 718 superalloy fabricated by laser powder bed fusion,final_v5,unique_strict,Properties,0,10,24,0.0,0.0,0.0
paper_028,Tailoring thickness debit for high-temperature fatigue resistance of Inconel 718 superalloy fabricated by laser powder bed fusion,final_v5,unique_loose,Composition,0,0,0,1.0,1.0,1.0
paper_028,Tailoring thickness debit for high-temperature fatigue resistance of Inconel 718 superalloy fabricated by laser powder bed fusion,final_v5,unique_loose,Processing,3,5,23,0.6,0.130435,0.214286
paper_028,Tailoring thickness debit for high-temperature fatigue resistance of Inconel 718 superalloy fabricated by laser powder bed fusion,final_v5,unique_loose,Structure,2,14,14,0.142857,0.142857,0.142857
paper_028,Tailoring thickness debit for high-temperature fatigue resistance of Inconel 718 superalloy fabricated by laser powder bed fusion,final_v5,unique_loose,Characterization,0,0,3,0.0,0.0,0.0
paper_028,Tailoring thickness debit for high-temperature fatigue resistance of Inconel 718 superalloy fabricated by laser powder bed fusion,final_v5,unique_loose,Properties,6,10,24,0.6,0.25,0.352941
paper_028,Tailoring thickness debit for high-temperature fatigue resistance of Inconel 718 superalloy fabricated by laser powder bed fusion,final_v5,raw_strict,Composition,0,0,0,1.0,1.0,1.0
paper_028,Tailoring thickness debit for high-temperature fatigue resistance of Inconel 718 superalloy fabricated by laser powder bed fusion,final_v5,raw_strict,Processing,3,7,23,0.428571,0.130435,0.2
paper_028,Tailoring thickness debit for high-temperature fatigue resistance of Inconel 718 superalloy fabricated by laser powder bed fusion,final_v5,raw_strict,Structure,2,15,14,0.133333,0.142857,0.137931
paper_028,Tailoring thickness debit for high-temperature fatigue resistance of Inconel 718 superalloy fabricated by laser powder bed fusion,final_v5,raw_strict,Characterization,0,0,3,0.0,0.0,0.0
paper_028,Tailoring thickness debit for high-temperature fatigue resistance of Inconel 718 superalloy fabricated by laser powder bed fusion,final_v5,raw_strict,Properties,0,10,24,0.0,0.0,0.0
paper_028,Tailoring thickness debit for high-temperature fatigue resistance of Inconel 718 superalloy fabricated by laser powder bed fusion,final_v5,raw_loose,Composition,0,0,0,1.0,1.0,1.0
paper_028,Tailoring thickness debit for high-temperature fatigue resistance of Inconel 718 superalloy fabricated by laser powder bed fusion,final_v5,raw_loose,Processing,3,7,23,0.428571,0.130435,0.2
paper_028,Tailoring thickness debit for high-temperature fatigue resistance of Inconel 718 superalloy fabricated by laser powder bed fusion,final_v5,raw_loose,Structure,2,15,14,0.133333,0.142857,0.137931
paper_028,Tailoring thickness debit for high-temperature fatigue resistance of Inconel 718 superalloy fabricated by laser powder bed fusion,final_v5,raw_loose,Characterization,0,0,3,0.0,0.0,0.0
paper_028,Tailoring thickness debit for high-temperature fatigue resistance of Inconel 718 superalloy fabricated by laser powder bed fusion,final_v5,raw_loose,Properties,6,10,24,0.6,0.25,0.352941
paper_029,"The Effect of Interlayer Delay on the Heat Accumulation, Microstructures, and Properties in Laser Hot Wire Directed Energy Deposition of Ti-6Al-4V Single-Wall",business_gt,unique_strict,Composition,0,7,9,0.0,0.0,0.0
paper_029,"The Effect of Interlayer Delay on the Heat Accumulation, Microstructures, and Properties in Laser Hot Wire Directed Energy Deposition of Ti-6Al-4V Single-Wall",business_gt,unique_strict,Processing,2,11,39,0.181818,0.051282,0.08
paper_029,"The Effect of Interlayer Delay on the Heat Accumulation, Microstructures, and Properties in Laser Hot Wire Directed Energy Deposition of Ti-6Al-4V Single-Wall",business_gt,unique_strict,Structure,0,5,12,0.0,0.0,0.0
paper_029,"The Effect of Interlayer Delay on the Heat Accumulation, Microstructures, and Properties in Laser Hot Wire Directed Energy Deposition of Ti-6Al-4V Single-Wall",business_gt,unique_strict,Characterization,0,3,39,0.0,0.0,0.0
paper_029,"The Effect of Interlayer Delay on the Heat Accumulation, Microstructures, and Properties in Laser Hot Wire Directed Energy Deposition of Ti-6Al-4V Single-Wall",business_gt,unique_strict,Properties,0,54,57,0.0,0.0,0.0
paper_029,"The Effect of Interlayer Delay on the Heat Accumulation, Microstructures, and Properties in Laser Hot Wire Directed Energy Deposition of Ti-6Al-4V Single-Wall",business_gt,unique_loose,Composition,7,7,9,1.0,0.777778,0.875
paper_029,"The Effect of Interlayer Delay on the Heat Accumulation, Microstructures, and Properties in Laser Hot Wire Directed Energy Deposition of Ti-6Al-4V Single-Wall",business_gt,unique_loose,Processing,6,11,39,0.545455,0.153846,0.24
paper_029,"The Effect of Interlayer Delay on the Heat Accumulation, Microstructures, and Properties in Laser Hot Wire Directed Energy Deposition of Ti-6Al-4V Single-Wall",business_gt,unique_loose,Structure,5,5,12,1.0,0.416667,0.588235
paper_029,"The Effect of Interlayer Delay on the Heat Accumulation, Microstructures, and Properties in Laser Hot Wire Directed Energy Deposition of Ti-6Al-4V Single-Wall",business_gt,unique_loose,Characterization,2,3,39,0.666667,0.051282,0.095238
paper_029,"The Effect of Interlayer Delay on the Heat Accumulation, Microstructures, and Properties in Laser Hot Wire Directed Energy Deposition of Ti-6Al-4V Single-Wall",business_gt,unique_loose,Properties,51,54,57,0.944444,0.894737,0.918919
paper_029,"The Effect of Interlayer Delay on the Heat Accumulation, Microstructures, and Properties in Laser Hot Wire Directed Energy Deposition of Ti-6Al-4V Single-Wall",business_gt,raw_strict,Composition,0,7,11,0.0,0.0,0.0
paper_029,"The Effect of Interlayer Delay on the Heat Accumulation, Microstructures, and Properties in Laser Hot Wire Directed Energy Deposition of Ti-6Al-4V Single-Wall",business_gt,raw_strict,Processing,2,27,39,0.074074,0.051282,0.060606
paper_029,"The Effect of Interlayer Delay on the Heat Accumulation, Microstructures, and Properties in Laser Hot Wire Directed Energy Deposition of Ti-6Al-4V Single-Wall",business_gt,raw_strict,Structure,0,9,15,0.0,0.0,0.0
paper_029,"The Effect of Interlayer Delay on the Heat Accumulation, Microstructures, and Properties in Laser Hot Wire Directed Energy Deposition of Ti-6Al-4V Single-Wall",business_gt,raw_strict,Characterization,0,7,39,0.0,0.0,0.0
paper_029,"The Effect of Interlayer Delay on the Heat Accumulation, Microstructures, and Properties in Laser Hot Wire Directed Energy Deposition of Ti-6Al-4V Single-Wall",business_gt,raw_strict,Properties,0,55,61,0.0,0.0,0.0
paper_029,"The Effect of Interlayer Delay on the Heat Accumulation, Microstructures, and Properties in Laser Hot Wire Directed Energy Deposition of Ti-6Al-4V Single-Wall",business_gt,raw_loose,Composition,7,7,11,1.0,0.636364,0.777778
paper_029,"The Effect of Interlayer Delay on the Heat Accumulation, Microstructures, and Properties in Laser Hot Wire Directed Energy Deposition of Ti-6Al-4V Single-Wall",business_gt,raw_loose,Processing,6,27,39,0.222222,0.153846,0.181818
paper_029,"The Effect of Interlayer Delay on the Heat Accumulation, Microstructures, and Properties in Laser Hot Wire Directed Energy Deposition of Ti-6Al-4V Single-Wall",business_gt,raw_loose,Structure,5,9,15,0.555556,0.333333,0.416667
paper_029,"The Effect of Interlayer Delay on the Heat Accumulation, Microstructures, and Properties in Laser Hot Wire Directed Energy Deposition of Ti-6Al-4V Single-Wall",business_gt,raw_loose,Characterization,2,7,39,0.285714,0.051282,0.086957
paper_029,"The Effect of Interlayer Delay on the Heat Accumulation, Microstructures, and Properties in Laser Hot Wire Directed Energy Deposition of Ti-6Al-4V Single-Wall",business_gt,raw_loose,Properties,51,55,61,0.927273,0.836066,0.87931
paper_029,"The Effect of Interlayer Delay on the Heat Accumulation, Microstructures, and Properties in Laser Hot Wire Directed Energy Deposition of Ti-6Al-4V Single-Wall",final_v5,unique_strict,Composition,0,7,9,0.0,0.0,0.0
paper_029,"The Effect of Interlayer Delay on the Heat Accumulation, Microstructures, and Properties in Laser Hot Wire Directed Energy Deposition of Ti-6Al-4V Single-Wall",final_v5,unique_strict,Processing,0,2,39,0.0,0.0,0.0
paper_029,"The Effect of Interlayer Delay on the Heat Accumulation, Microstructures, and Properties in Laser Hot Wire Directed Energy Deposition of Ti-6Al-4V Single-Wall",final_v5,unique_strict,Structure,0,4,12,0.0,0.0,0.0
paper_029,"The Effect of Interlayer Delay on the Heat Accumulation, Microstructures, and Properties in Laser Hot Wire Directed Energy Deposition of Ti-6Al-4V Single-Wall",final_v5,unique_strict,Characterization,0,1,39,0.0,0.0,0.0
paper_029,"The Effect of Interlayer Delay on the Heat Accumulation, Microstructures, and Properties in Laser Hot Wire Directed Energy Deposition of Ti-6Al-4V Single-Wall",final_v5,unique_strict,Properties,44,48,57,0.916667,0.77193,0.838095
paper_029,"The Effect of Interlayer Delay on the Heat Accumulation, Microstructures, and Properties in Laser Hot Wire Directed Energy Deposition of Ti-6Al-4V Single-Wall",final_v5,unique_loose,Composition,7,7,9,1.0,0.777778,0.875
paper_029,"The Effect of Interlayer Delay on the Heat Accumulation, Microstructures, and Properties in Laser Hot Wire Directed Energy Deposition of Ti-6Al-4V Single-Wall",final_v5,unique_loose,Processing,0,2,39,0.0,0.0,0.0
paper_029,"The Effect of Interlayer Delay on the Heat Accumulation, Microstructures, and Properties in Laser Hot Wire Directed Energy Deposition of Ti-6Al-4V Single-Wall",final_v5,unique_loose,Structure,0,4,12,0.0,0.0,0.0
paper_029,"The Effect of Interlayer Delay on the Heat Accumulation, Microstructures, and Properties in Laser Hot Wire Directed Energy Deposition of Ti-6Al-4V Single-Wall",final_v5,unique_loose,Characterization,0,1,39,0.0,0.0,0.0
paper_029,"The Effect of Interlayer Delay on the Heat Accumulation, Microstructures, and Properties in Laser Hot Wire Directed Energy Deposition of Ti-6Al-4V Single-Wall",final_v5,unique_loose,Properties,47,48,57,0.979167,0.824561,0.895238
paper_029,"The Effect of Interlayer Delay on the Heat Accumulation, Microstructures, and Properties in Laser Hot Wire Directed Energy Deposition of Ti-6Al-4V Single-Wall",final_v5,raw_strict,Composition,0,7,11,0.0,0.0,0.0
paper_029,"The Effect of Interlayer Delay on the Heat Accumulation, Microstructures, and Properties in Laser Hot Wire Directed Energy Deposition of Ti-6Al-4V Single-Wall",final_v5,raw_strict,Processing,0,2,39,0.0,0.0,0.0
paper_029,"The Effect of Interlayer Delay on the Heat Accumulation, Microstructures, and Properties in Laser Hot Wire Directed Energy Deposition of Ti-6Al-4V Single-Wall",final_v5,raw_strict,Structure,0,4,15,0.0,0.0,0.0
paper_029,"The Effect of Interlayer Delay on the Heat Accumulation, Microstructures, and Properties in Laser Hot Wire Directed Energy Deposition of Ti-6Al-4V Single-Wall",final_v5,raw_strict,Characterization,0,1,39,0.0,0.0,0.0
paper_029,"The Effect of Interlayer Delay on the Heat Accumulation, Microstructures, and Properties in Laser Hot Wire Directed Energy Deposition of Ti-6Al-4V Single-Wall",final_v5,raw_strict,Properties,44,48,61,0.916667,0.721311,0.807339
paper_029,"The Effect of Interlayer Delay on the Heat Accumulation, Microstructures, and Properties in Laser Hot Wire Directed Energy Deposition of Ti-6Al-4V Single-Wall",final_v5,raw_loose,Composition,7,7,11,1.0,0.636364,0.777778
paper_029,"The Effect of Interlayer Delay on the Heat Accumulation, Microstructures, and Properties in Laser Hot Wire Directed Energy Deposition of Ti-6Al-4V Single-Wall",final_v5,raw_loose,Processing,0,2,39,0.0,0.0,0.0
paper_029,"The Effect of Interlayer Delay on the Heat Accumulation, Microstructures, and Properties in Laser Hot Wire Directed Energy Deposition of Ti-6Al-4V Single-Wall",final_v5,raw_loose,Structure,0,4,15,0.0,0.0,0.0
paper_029,"The Effect of Interlayer Delay on the Heat Accumulation, Microstructures, and Properties in Laser Hot Wire Directed Energy Deposition of Ti-6Al-4V Single-Wall",final_v5,raw_loose,Characterization,0,1,39,0.0,0.0,0.0
paper_029,"The Effect of Interlayer Delay on the Heat Accumulation, Microstructures, and Properties in Laser Hot Wire Directed Energy Deposition of Ti-6Al-4V Single-Wall",final_v5,raw_loose,Properties,47,48,61,0.979167,0.770492,0.862385
paper_030,Variant Selection and Macrozone in Ti-6Al-4V Walls during Laser Hot Wire Direct Energy Deposition,business_gt,unique_strict,Composition,0,7,7,0.0,0.0,0.0
paper_030,Variant Selection and Macrozone in Ti-6Al-4V Walls during Laser Hot Wire Direct Energy Deposition,business_gt,unique_strict,Processing,0,16,21,0.0,0.0,0.0
paper_030,Variant Selection and Macrozone in Ti-6Al-4V Walls during Laser Hot Wire Direct Energy Deposition,business_gt,unique_strict,Structure,0,9,46,0.0,0.0,0.0
paper_030,Variant Selection and Macrozone in Ti-6Al-4V Walls during Laser Hot Wire Direct Energy Deposition,business_gt,unique_strict,Characterization,0,3,6,0.0,0.0,0.0
paper_030,Variant Selection and Macrozone in Ti-6Al-4V Walls during Laser Hot Wire Direct Energy Deposition,business_gt,unique_strict,Properties,0,0,0,1.0,1.0,1.0
paper_030,Variant Selection and Macrozone in Ti-6Al-4V Walls during Laser Hot Wire Direct Energy Deposition,business_gt,unique_loose,Composition,7,7,7,1.0,1.0,1.0
paper_030,Variant Selection and Macrozone in Ti-6Al-4V Walls during Laser Hot Wire Direct Energy Deposition,business_gt,unique_loose,Processing,11,16,21,0.6875,0.52381,0.594595
paper_030,Variant Selection and Macrozone in Ti-6Al-4V Walls during Laser Hot Wire Direct Energy Deposition,business_gt,unique_loose,Structure,0,9,46,0.0,0.0,0.0
paper_030,Variant Selection and Macrozone in Ti-6Al-4V Walls during Laser Hot Wire Direct Energy Deposition,business_gt,unique_loose,Characterization,0,3,6,0.0,0.0,0.0
paper_030,Variant Selection and Macrozone in Ti-6Al-4V Walls during Laser Hot Wire Direct Energy Deposition,business_gt,unique_loose,Properties,0,0,0,1.0,1.0,1.0
paper_030,Variant Selection and Macrozone in Ti-6Al-4V Walls during Laser Hot Wire Direct Energy Deposition,business_gt,raw_strict,Composition,0,7,7,0.0,0.0,0.0
paper_030,Variant Selection and Macrozone in Ti-6Al-4V Walls during Laser Hot Wire Direct Energy Deposition,business_gt,raw_strict,Processing,0,42,57,0.0,0.0,0.0
paper_030,Variant Selection and Macrozone in Ti-6Al-4V Walls during Laser Hot Wire Direct Energy Deposition,business_gt,raw_strict,Structure,0,29,60,0.0,0.0,0.0
paper_030,Variant Selection and Macrozone in Ti-6Al-4V Walls during Laser Hot Wire Direct Energy Deposition,business_gt,raw_strict,Characterization,0,6,26,0.0,0.0,0.0
paper_030,Variant Selection and Macrozone in Ti-6Al-4V Walls during Laser Hot Wire Direct Energy Deposition,business_gt,raw_strict,Properties,0,0,0,1.0,1.0,1.0
paper_030,Variant Selection and Macrozone in Ti-6Al-4V Walls during Laser Hot Wire Direct Energy Deposition,business_gt,raw_loose,Composition,7,7,7,1.0,1.0,1.0
paper_030,Variant Selection and Macrozone in Ti-6Al-4V Walls during Laser Hot Wire Direct Energy Deposition,business_gt,raw_loose,Processing,30,42,57,0.714286,0.526316,0.606061
paper_030,Variant Selection and Macrozone in Ti-6Al-4V Walls during Laser Hot Wire Direct Energy Deposition,business_gt,raw_loose,Structure,0,29,60,0.0,0.0,0.0
paper_030,Variant Selection and Macrozone in Ti-6Al-4V Walls during Laser Hot Wire Direct Energy Deposition,business_gt,raw_loose,Characterization,0,6,26,0.0,0.0,0.0
paper_030,Variant Selection and Macrozone in Ti-6Al-4V Walls during Laser Hot Wire Direct Energy Deposition,business_gt,raw_loose,Properties,0,0,0,1.0,1.0,1.0
paper_030,Variant Selection and Macrozone in Ti-6Al-4V Walls during Laser Hot Wire Direct Energy Deposition,final_v5,unique_strict,Composition,0,7,7,0.0,0.0,0.0
paper_030,Variant Selection and Macrozone in Ti-6Al-4V Walls during Laser Hot Wire Direct Energy Deposition,final_v5,unique_strict,Processing,13,46,21,0.282609,0.619048,0.38806
paper_030,Variant Selection and Macrozone in Ti-6Al-4V Walls during Laser Hot Wire Direct Energy Deposition,final_v5,unique_strict,Structure,0,11,46,0.0,0.0,0.0
paper_030,Variant Selection and Macrozone in Ti-6Al-4V Walls during Laser Hot Wire Direct Energy Deposition,final_v5,unique_strict,Characterization,0,4,6,0.0,0.0,0.0
paper_030,Variant Selection and Macrozone in Ti-6Al-4V Walls during Laser Hot Wire Direct Energy Deposition,final_v5,unique_strict,Properties,0,0,0,1.0,1.0,1.0
paper_030,Variant Selection and Macrozone in Ti-6Al-4V Walls during Laser Hot Wire Direct Energy Deposition,final_v5,unique_loose,Composition,7,7,7,1.0,1.0,1.0
paper_030,Variant Selection and Macrozone in Ti-6Al-4V Walls during Laser Hot Wire Direct Energy Deposition,final_v5,unique_loose,Processing,13,46,21,0.282609,0.619048,0.38806
paper_030,Variant Selection and Macrozone in Ti-6Al-4V Walls during Laser Hot Wire Direct Energy Deposition,final_v5,unique_loose,Structure,1,11,46,0.090909,0.021739,0.035088
paper_030,Variant Selection and Macrozone in Ti-6Al-4V Walls during Laser Hot Wire Direct Energy Deposition,final_v5,unique_loose,Characterization,0,4,6,0.0,0.0,0.0
paper_030,Variant Selection and Macrozone in Ti-6Al-4V Walls during Laser Hot Wire Direct Energy Deposition,final_v5,unique_loose,Properties,0,0,0,1.0,1.0,1.0
paper_030,Variant Selection and Macrozone in Ti-6Al-4V Walls during Laser Hot Wire Direct Energy Deposition,final_v5,raw_strict,Composition,0,7,7,0.0,0.0,0.0
paper_030,Variant Selection and Macrozone in Ti-6Al-4V Walls during Laser Hot Wire Direct Energy Deposition,final_v5,raw_strict,Processing,36,53,57,0.679245,0.631579,0.654545
paper_030,Variant Selection and Macrozone in Ti-6Al-4V Walls during Laser Hot Wire Direct Energy Deposition,final_v5,raw_strict,Structure,0,11,60,0.0,0.0,0.0
paper_030,Variant Selection and Macrozone in Ti-6Al-4V Walls during Laser Hot Wire Direct Energy Deposition,final_v5,raw_strict,Characterization,0,4,26,0.0,0.0,0.0
paper_030,Variant Selection and Macrozone in Ti-6Al-4V Walls during Laser Hot Wire Direct Energy Deposition,final_v5,raw_strict,Properties,0,0,0,1.0,1.0,1.0
paper_030,Variant Selection and Macrozone in Ti-6Al-4V Walls during Laser Hot Wire Direct Energy Deposition,final_v5,raw_loose,Composition,7,7,7,1.0,1.0,1.0
paper_030,Variant Selection and Macrozone in Ti-6Al-4V Walls during Laser Hot Wire Direct Energy Deposition,final_v5,raw_loose,Processing,36,53,57,0.679245,0.631579,0.654545
paper_030,Variant Selection and Macrozone in Ti-6Al-4V Walls during Laser Hot Wire Direct Energy Deposition,final_v5,raw_loose,Structure,1,11,60,0.090909,0.016667,0.028169
paper_030,Variant Selection and Macrozone in Ti-6Al-4V Walls during Laser Hot Wire Direct Energy Deposition,final_v5,raw_loose,Characterization,0,4,26,0.0,0.0,0.0
paper_030,Variant Selection and Macrozone in Ti-6Al-4V Walls during Laser Hot Wire Direct Energy Deposition,final_v5,raw_loose,Properties,0,0,0,1.0,1.0,1.0
