paper_id,paper_key,system,mode,axis,matched,system_count,expert_count,precision,recall,f1
paper_001,Achieving superior elevated temperature properties in additive manufactured nickel-based superalloys through unique alloy design,business_gt,unique_strict,Composition,22,24,24,0.916667,0.916667,0.916667
paper_001,Achieving superior elevated temperature properties in additive manufactured nickel-based superalloys through unique alloy design,business_gt,unique_strict,Processing,7,32,15,0.21875,0.466667,0.297872
paper_001,Achieving superior elevated temperature properties in additive manufactured nickel-based superalloys through unique alloy design,business_gt,unique_strict,Structure,9,20,12,0.45,0.75,0.5625
paper_001,Achieving superior elevated temperature properties in additive manufactured nickel-based superalloys through unique alloy design,business_gt,unique_strict,Characterization,0,30,7,0.0,0.0,0.0
paper_001,Achieving superior elevated temperature properties in additive manufactured nickel-based superalloys through unique alloy design,business_gt,unique_strict,Properties,12,14,18,0.857143,0.666667,0.75
paper_001,Achieving superior elevated temperature properties in additive manufactured nickel-based superalloys through unique alloy design,business_gt,unique_loose,Composition,22,24,24,0.916667,0.916667,0.916667
paper_001,Achieving superior elevated temperature properties in additive manufactured nickel-based superalloys through unique alloy design,business_gt,unique_loose,Processing,12,32,15,0.375,0.8,0.510638
paper_001,Achieving superior elevated temperature properties in additive manufactured nickel-based superalloys through unique alloy design,business_gt,unique_loose,Structure,9,20,12,0.45,0.75,0.5625
paper_001,Achieving superior elevated temperature properties in additive manufactured nickel-based superalloys through unique alloy design,business_gt,unique_loose,Characterization,4,30,7,0.133333,0.571429,0.216216
paper_001,Achieving superior elevated temperature properties in additive manufactured nickel-based superalloys through unique alloy design,business_gt,unique_loose,Properties,12,14,18,0.857143,0.666667,0.75
paper_001,Achieving superior elevated temperature properties in additive manufactured nickel-based superalloys through unique alloy design,business_gt,raw_strict,Composition,22,24,24,0.916667,0.916667,0.916667
paper_001,Achieving superior elevated temperature properties in additive manufactured nickel-based superalloys through unique alloy design,business_gt,raw_strict,Processing,7,93,15,0.075269,0.466667,0.12963
paper_001,Achieving superior elevated temperature properties in additive manufactured nickel-based superalloys through unique alloy design,business_gt,raw_strict,Structure,9,20,12,0.45,0.75,0.5625
paper_001,Achieving superior elevated temperature properties in additive manufactured nickel-based superalloys through unique alloy design,business_gt,raw_strict,Characterization,0,36,7,0.0,0.0,0.0
paper_001,Achieving superior elevated temperature properties in additive manufactured nickel-based superalloys through unique alloy design,business_gt,raw_strict,Properties,12,14,18,0.857143,0.666667,0.75
paper_001,Achieving superior elevated temperature properties in additive manufactured nickel-based superalloys through unique alloy design,business_gt,raw_loose,Composition,22,24,24,0.916667,0.916667,0.916667
paper_001,Achieving superior elevated temperature properties in additive manufactured nickel-based superalloys through unique alloy design,business_gt,raw_loose,Processing,12,93,15,0.129032,0.8,0.222222
paper_001,Achieving superior elevated temperature properties in additive manufactured nickel-based superalloys through unique alloy design,business_gt,raw_loose,Structure,9,20,12,0.45,0.75,0.5625
paper_001,Achieving superior elevated temperature properties in additive manufactured nickel-based superalloys through unique alloy design,business_gt,raw_loose,Characterization,4,36,7,0.111111,0.571429,0.186047
paper_001,Achieving superior elevated temperature properties in additive manufactured nickel-based superalloys through unique alloy design,business_gt,raw_loose,Properties,12,14,18,0.857143,0.666667,0.75
paper_001,Achieving superior elevated temperature properties in additive manufactured nickel-based superalloys through unique alloy design,final_v5,unique_strict,Composition,22,28,24,0.785714,0.916667,0.846154
paper_001,Achieving superior elevated temperature properties in additive manufactured nickel-based superalloys through unique alloy design,final_v5,unique_strict,Processing,10,31,15,0.322581,0.666667,0.434783
paper_001,Achieving superior elevated temperature properties in additive manufactured nickel-based superalloys through unique alloy design,final_v5,unique_strict,Structure,3,124,12,0.024194,0.25,0.044118
paper_001,Achieving superior elevated temperature properties in additive manufactured nickel-based superalloys through unique alloy design,final_v5,unique_strict,Characterization,4,45,7,0.088889,0.571429,0.153846
paper_001,Achieving superior elevated temperature properties in additive manufactured nickel-based superalloys through unique alloy design,final_v5,unique_strict,Properties,12,46,18,0.26087,0.666667,0.375
paper_001,Achieving superior elevated temperature properties in additive manufactured nickel-based superalloys through unique alloy design,final_v5,unique_loose,Composition,22,28,24,0.785714,0.916667,0.846154
paper_001,Achieving superior elevated temperature properties in additive manufactured nickel-based superalloys through unique alloy design,final_v5,unique_loose,Processing,10,31,15,0.322581,0.666667,0.434783
paper_001,Achieving superior elevated temperature properties in additive manufactured nickel-based superalloys through unique alloy design,final_v5,unique_loose,Structure,6,124,12,0.048387,0.5,0.088235
paper_001,Achieving superior elevated temperature properties in additive manufactured nickel-based superalloys through unique alloy design,final_v5,unique_loose,Characterization,4,45,7,0.088889,0.571429,0.153846
paper_001,Achieving superior elevated temperature properties in additive manufactured nickel-based superalloys through unique alloy design,final_v5,unique_loose,Properties,12,46,18,0.26087,0.666667,0.375
paper_001,Achieving superior elevated temperature properties in additive manufactured nickel-based superalloys through unique alloy design,final_v5,raw_strict,Composition,22,29,24,0.758621,0.916667,0.830189
paper_001,Achieving superior elevated temperature properties in additive manufactured nickel-based superalloys through unique alloy design,final_v5,raw_strict,Processing,10,31,15,0.322581,0.666667,0.434783
paper_001,Achieving superior elevated temperature properties in additive manufactured nickel-based superalloys through unique alloy design,final_v5,raw_strict,Structure,3,124,12,0.024194,0.25,0.044118
paper_001,Achieving superior elevated temperature properties in additive manufactured nickel-based superalloys through unique alloy design,final_v5,raw_strict,Characterization,4,45,7,0.088889,0.571429,0.153846
paper_001,Achieving superior elevated temperature properties in additive manufactured nickel-based superalloys through unique alloy design,final_v5,raw_strict,Properties,12,46,18,0.26087,0.666667,0.375
paper_001,Achieving superior elevated temperature properties in additive manufactured nickel-based superalloys through unique alloy design,final_v5,raw_loose,Composition,22,29,24,0.758621,0.916667,0.830189
paper_001,Achieving superior elevated temperature properties in additive manufactured nickel-based superalloys through unique alloy design,final_v5,raw_loose,Processing,10,31,15,0.322581,0.666667,0.434783
paper_001,Achieving superior elevated temperature properties in additive manufactured nickel-based superalloys through unique alloy design,final_v5,raw_loose,Structure,6,124,12,0.048387,0.5,0.088235
paper_001,Achieving superior elevated temperature properties in additive manufactured nickel-based superalloys through unique alloy design,final_v5,raw_loose,Characterization,4,45,7,0.088889,0.571429,0.153846
paper_001,Achieving superior elevated temperature properties in additive manufactured nickel-based superalloys through unique alloy design,final_v5,raw_loose,Properties,12,46,18,0.26087,0.666667,0.375
paper_002,Achieving superior high-temperature mechanical properties in Al-Cu-Li-Sc-Zr alloy with nano-scale microstructure via laser additive manufacturing,business_gt,unique_strict,Composition,5,5,5,1.0,1.0,1.0
paper_002,Achieving superior high-temperature mechanical properties in Al-Cu-Li-Sc-Zr alloy with nano-scale microstructure via laser additive manufacturing,business_gt,unique_strict,Processing,7,14,9,0.5,0.777778,0.608696
paper_002,Achieving superior high-temperature mechanical properties in Al-Cu-Li-Sc-Zr alloy with nano-scale microstructure via laser additive manufacturing,business_gt,unique_strict,Structure,11,24,12,0.458333,0.916667,0.611111
paper_002,Achieving superior high-temperature mechanical properties in Al-Cu-Li-Sc-Zr alloy with nano-scale microstructure via laser additive manufacturing,business_gt,unique_strict,Characterization,3,6,5,0.5,0.6,0.545455
paper_002,Achieving superior high-temperature mechanical properties in Al-Cu-Li-Sc-Zr alloy with nano-scale microstructure via laser additive manufacturing,business_gt,unique_strict,Properties,16,16,22,1.0,0.727273,0.842105
paper_002,Achieving superior high-temperature mechanical properties in Al-Cu-Li-Sc-Zr alloy with nano-scale microstructure via laser additive manufacturing,business_gt,unique_loose,Composition,5,5,5,1.0,1.0,1.0
paper_002,Achieving superior high-temperature mechanical properties in Al-Cu-Li-Sc-Zr alloy with nano-scale microstructure via laser additive manufacturing,business_gt,unique_loose,Processing,7,14,9,0.5,0.777778,0.608696
paper_002,Achieving superior high-temperature mechanical properties in Al-Cu-Li-Sc-Zr alloy with nano-scale microstructure via laser additive manufacturing,business_gt,unique_loose,Structure,11,24,12,0.458333,0.916667,0.611111
paper_002,Achieving superior high-temperature mechanical properties in Al-Cu-Li-Sc-Zr alloy with nano-scale microstructure via laser additive manufacturing,business_gt,unique_loose,Characterization,3,6,5,0.5,0.6,0.545455
paper_002,Achieving superior high-temperature mechanical properties in Al-Cu-Li-Sc-Zr alloy with nano-scale microstructure via laser additive manufacturing,business_gt,unique_loose,Properties,16,16,22,1.0,0.727273,0.842105
paper_002,Achieving superior high-temperature mechanical properties in Al-Cu-Li-Sc-Zr alloy with nano-scale microstructure via laser additive manufacturing,business_gt,raw_strict,Composition,5,5,5,1.0,1.0,1.0
paper_002,Achieving superior high-temperature mechanical properties in Al-Cu-Li-Sc-Zr alloy with nano-scale microstructure via laser additive manufacturing,business_gt,raw_strict,Processing,7,22,9,0.318182,0.777778,0.451613
paper_002,Achieving superior high-temperature mechanical properties in Al-Cu-Li-Sc-Zr alloy with nano-scale microstructure via laser additive manufacturing,business_gt,raw_strict,Structure,11,24,12,0.458333,0.916667,0.611111
paper_002,Achieving superior high-temperature mechanical properties in Al-Cu-Li-Sc-Zr alloy with nano-scale microstructure via laser additive manufacturing,business_gt,raw_strict,Characterization,3,12,5,0.25,0.6,0.352941
paper_002,Achieving superior high-temperature mechanical properties in Al-Cu-Li-Sc-Zr alloy with nano-scale microstructure via laser additive manufacturing,business_gt,raw_strict,Properties,16,16,22,1.0,0.727273,0.842105
paper_002,Achieving superior high-temperature mechanical properties in Al-Cu-Li-Sc-Zr alloy with nano-scale microstructure via laser additive manufacturing,business_gt,raw_loose,Composition,5,5,5,1.0,1.0,1.0
paper_002,Achieving superior high-temperature mechanical properties in Al-Cu-Li-Sc-Zr alloy with nano-scale microstructure via laser additive manufacturing,business_gt,raw_loose,Processing,7,22,9,0.318182,0.777778,0.451613
paper_002,Achieving superior high-temperature mechanical properties in Al-Cu-Li-Sc-Zr alloy with nano-scale microstructure via laser additive manufacturing,business_gt,raw_loose,Structure,11,24,12,0.458333,0.916667,0.611111
paper_002,Achieving superior high-temperature mechanical properties in Al-Cu-Li-Sc-Zr alloy with nano-scale microstructure via laser additive manufacturing,business_gt,raw_loose,Characterization,3,12,5,0.25,0.6,0.352941
paper_002,Achieving superior high-temperature mechanical properties in Al-Cu-Li-Sc-Zr alloy with nano-scale microstructure via laser additive manufacturing,business_gt,raw_loose,Properties,16,16,22,1.0,0.727273,0.842105
paper_002,Achieving superior high-temperature mechanical properties in Al-Cu-Li-Sc-Zr alloy with nano-scale microstructure via laser additive manufacturing,final_v5,unique_strict,Composition,0,11,5,0.0,0.0,0.0
paper_002,Achieving superior high-temperature mechanical properties in Al-Cu-Li-Sc-Zr alloy with nano-scale microstructure via laser additive manufacturing,final_v5,unique_strict,Processing,5,14,9,0.357143,0.555556,0.434783
paper_002,Achieving superior high-temperature mechanical properties in Al-Cu-Li-Sc-Zr alloy with nano-scale microstructure via laser additive manufacturing,final_v5,unique_strict,Structure,2,50,12,0.04,0.166667,0.064516
paper_002,Achieving superior high-temperature mechanical properties in Al-Cu-Li-Sc-Zr alloy with nano-scale microstructure via laser additive manufacturing,final_v5,unique_strict,Characterization,0,10,5,0.0,0.0,0.0
paper_002,Achieving superior high-temperature mechanical properties in Al-Cu-Li-Sc-Zr alloy with nano-scale microstructure via laser additive manufacturing,final_v5,unique_strict,Properties,13,25,22,0.52,0.590909,0.553191
paper_002,Achieving superior high-temperature mechanical properties in Al-Cu-Li-Sc-Zr alloy with nano-scale microstructure via laser additive manufacturing,final_v5,unique_loose,Composition,5,11,5,0.454545,1.0,0.625
paper_002,Achieving superior high-temperature mechanical properties in Al-Cu-Li-Sc-Zr alloy with nano-scale microstructure via laser additive manufacturing,final_v5,unique_loose,Processing,5,14,9,0.357143,0.555556,0.434783
paper_002,Achieving superior high-temperature mechanical properties in Al-Cu-Li-Sc-Zr alloy with nano-scale microstructure via laser additive manufacturing,final_v5,unique_loose,Structure,2,50,12,0.04,0.166667,0.064516
paper_002,Achieving superior high-temperature mechanical properties in Al-Cu-Li-Sc-Zr alloy with nano-scale microstructure via laser additive manufacturing,final_v5,unique_loose,Characterization,1,10,5,0.1,0.2,0.133333
paper_002,Achieving superior high-temperature mechanical properties in Al-Cu-Li-Sc-Zr alloy with nano-scale microstructure via laser additive manufacturing,final_v5,unique_loose,Properties,16,25,22,0.64,0.727273,0.680851
paper_002,Achieving superior high-temperature mechanical properties in Al-Cu-Li-Sc-Zr alloy with nano-scale microstructure via laser additive manufacturing,final_v5,raw_strict,Composition,0,11,5,0.0,0.0,0.0
paper_002,Achieving superior high-temperature mechanical properties in Al-Cu-Li-Sc-Zr alloy with nano-scale microstructure via laser additive manufacturing,final_v5,raw_strict,Processing,5,14,9,0.357143,0.555556,0.434783
paper_002,Achieving superior high-temperature mechanical properties in Al-Cu-Li-Sc-Zr alloy with nano-scale microstructure via laser additive manufacturing,final_v5,raw_strict,Structure,2,50,12,0.04,0.166667,0.064516
paper_002,Achieving superior high-temperature mechanical properties in Al-Cu-Li-Sc-Zr alloy with nano-scale microstructure via laser additive manufacturing,final_v5,raw_strict,Characterization,0,10,5,0.0,0.0,0.0
paper_002,Achieving superior high-temperature mechanical properties in Al-Cu-Li-Sc-Zr alloy with nano-scale microstructure via laser additive manufacturing,final_v5,raw_strict,Properties,13,25,22,0.52,0.590909,0.553191
paper_002,Achieving superior high-temperature mechanical properties in Al-Cu-Li-Sc-Zr alloy with nano-scale microstructure via laser additive manufacturing,final_v5,raw_loose,Composition,5,11,5,0.454545,1.0,0.625
paper_002,Achieving superior high-temperature mechanical properties in Al-Cu-Li-Sc-Zr alloy with nano-scale microstructure via laser additive manufacturing,final_v5,raw_loose,Processing,5,14,9,0.357143,0.555556,0.434783
paper_002,Achieving superior high-temperature mechanical properties in Al-Cu-Li-Sc-Zr alloy with nano-scale microstructure via laser additive manufacturing,final_v5,raw_loose,Structure,2,50,12,0.04,0.166667,0.064516
paper_002,Achieving superior high-temperature mechanical properties in Al-Cu-Li-Sc-Zr alloy with nano-scale microstructure via laser additive manufacturing,final_v5,raw_loose,Characterization,1,10,5,0.1,0.2,0.133333
paper_002,Achieving superior high-temperature mechanical properties in Al-Cu-Li-Sc-Zr alloy with nano-scale microstructure via laser additive manufacturing,final_v5,raw_loose,Properties,16,25,22,0.64,0.727273,0.680851
paper_003,Active learning framework to optimize process parameters for additive-manufactured Ti-6Al-4V with high strength and ductility,business_gt,unique_strict,Composition,0,3,1,0.0,0.0,0.0
paper_003,Active learning framework to optimize process parameters for additive-manufactured Ti-6Al-4V with high strength and ductility,business_gt,unique_strict,Processing,26,52,31,0.5,0.83871,0.626506
paper_003,Active learning framework to optimize process parameters for additive-manufactured Ti-6Al-4V with high strength and ductility,business_gt,unique_strict,Structure,0,10,12,0.0,0.0,0.0
paper_003,Active learning framework to optimize process parameters for additive-manufactured Ti-6Al-4V with high strength and ductility,business_gt,unique_strict,Characterization,0,8,7,0.0,0.0,0.0
paper_003,Active learning framework to optimize process parameters for additive-manufactured Ti-6Al-4V with high strength and ductility,business_gt,unique_strict,Properties,20,24,20,0.833333,1.0,0.909091
paper_003,Active learning framework to optimize process parameters for additive-manufactured Ti-6Al-4V with high strength and ductility,business_gt,unique_loose,Composition,0,3,1,0.0,0.0,0.0
paper_003,Active learning framework to optimize process parameters for additive-manufactured Ti-6Al-4V with high strength and ductility,business_gt,unique_loose,Processing,29,52,31,0.557692,0.935484,0.698795
paper_003,Active learning framework to optimize process parameters for additive-manufactured Ti-6Al-4V with high strength and ductility,business_gt,unique_loose,Structure,8,10,12,0.8,0.666667,0.727273
paper_003,Active learning framework to optimize process parameters for additive-manufactured Ti-6Al-4V with high strength and ductility,business_gt,unique_loose,Characterization,1,8,7,0.125,0.142857,0.133333
paper_003,Active learning framework to optimize process parameters for additive-manufactured Ti-6Al-4V with high strength and ductility,business_gt,unique_loose,Properties,20,24,20,0.833333,1.0,0.909091
paper_003,Active learning framework to optimize process parameters for additive-manufactured Ti-6Al-4V with high strength and ductility,business_gt,raw_strict,Composition,0,3,1,0.0,0.0,0.0
paper_003,Active learning framework to optimize process parameters for additive-manufactured Ti-6Al-4V with high strength and ductility,business_gt,raw_strict,Processing,48,136,51,0.352941,0.941176,0.513369
paper_003,Active learning framework to optimize process parameters for additive-manufactured Ti-6Al-4V with high strength and ductility,business_gt,raw_strict,Structure,0,12,12,0.0,0.0,0.0
paper_003,Active learning framework to optimize process parameters for additive-manufactured Ti-6Al-4V with high strength and ductility,business_gt,raw_strict,Characterization,0,32,7,0.0,0.0,0.0
paper_003,Active learning framework to optimize process parameters for additive-manufactured Ti-6Al-4V with high strength and ductility,business_gt,raw_strict,Properties,20,24,20,0.833333,1.0,0.909091
paper_003,Active learning framework to optimize process parameters for additive-manufactured Ti-6Al-4V with high strength and ductility,business_gt,raw_loose,Composition,0,3,1,0.0,0.0,0.0
paper_003,Active learning framework to optimize process parameters for additive-manufactured Ti-6Al-4V with high strength and ductility,business_gt,raw_loose,Processing,51,136,51,0.375,1.0,0.545455
paper_003,Active learning framework to optimize process parameters for additive-manufactured Ti-6Al-4V with high strength and ductility,business_gt,raw_loose,Structure,8,12,12,0.666667,0.666667,0.666667
paper_003,Active learning framework to optimize process parameters for additive-manufactured Ti-6Al-4V with high strength and ductility,business_gt,raw_loose,Characterization,1,32,7,0.03125,0.142857,0.051282
paper_003,Active learning framework to optimize process parameters for additive-manufactured Ti-6Al-4V with high strength and ductility,business_gt,raw_loose,Properties,20,24,20,0.833333,1.0,0.909091
paper_003,Active learning framework to optimize process parameters for additive-manufactured Ti-6Al-4V with high strength and ductility,final_v5,unique_strict,Composition,0,0,1,0.0,0.0,0.0
paper_003,Active learning framework to optimize process parameters for additive-manufactured Ti-6Al-4V with high strength and ductility,final_v5,unique_strict,Processing,28,61,31,0.459016,0.903226,0.608696
paper_003,Active learning framework to optimize process parameters for additive-manufactured Ti-6Al-4V with high strength and ductility,final_v5,unique_strict,Structure,0,22,12,0.0,0.0,0.0
paper_003,Active learning framework to optimize process parameters for additive-manufactured Ti-6Al-4V with high strength and ductility,final_v5,unique_strict,Characterization,0,10,7,0.0,0.0,0.0
paper_003,Active learning framework to optimize process parameters for additive-manufactured Ti-6Al-4V with high strength and ductility,final_v5,unique_strict,Properties,20,44,20,0.454545,1.0,0.625
paper_003,Active learning framework to optimize process parameters for additive-manufactured Ti-6Al-4V with high strength and ductility,final_v5,unique_loose,Composition,0,0,1,0.0,0.0,0.0
paper_003,Active learning framework to optimize process parameters for additive-manufactured Ti-6Al-4V with high strength and ductility,final_v5,unique_loose,Processing,31,61,31,0.508197,1.0,0.673913
paper_003,Active learning framework to optimize process parameters for additive-manufactured Ti-6Al-4V with high strength and ductility,final_v5,unique_loose,Structure,0,22,12,0.0,0.0,0.0
paper_003,Active learning framework to optimize process parameters for additive-manufactured Ti-6Al-4V with high strength and ductility,final_v5,unique_loose,Characterization,1,10,7,0.1,0.142857,0.117647
paper_003,Active learning framework to optimize process parameters for additive-manufactured Ti-6Al-4V with high strength and ductility,final_v5,unique_loose,Properties,20,44,20,0.454545,1.0,0.625
paper_003,Active learning framework to optimize process parameters for additive-manufactured Ti-6Al-4V with high strength and ductility,final_v5,raw_strict,Composition,0,0,1,0.0,0.0,0.0
paper_003,Active learning framework to optimize process parameters for additive-manufactured Ti-6Al-4V with high strength and ductility,final_v5,raw_strict,Processing,48,87,51,0.551724,0.941176,0.695652
paper_003,Active learning framework to optimize process parameters for additive-manufactured Ti-6Al-4V with high strength and ductility,final_v5,raw_strict,Structure,0,38,12,0.0,0.0,0.0
paper_003,Active learning framework to optimize process parameters for additive-manufactured Ti-6Al-4V with high strength and ductility,final_v5,raw_strict,Characterization,0,16,7,0.0,0.0,0.0
paper_003,Active learning framework to optimize process parameters for additive-manufactured Ti-6Al-4V with high strength and ductility,final_v5,raw_strict,Properties,20,45,20,0.444444,1.0,0.615385
paper_003,Active learning framework to optimize process parameters for additive-manufactured Ti-6Al-4V with high strength and ductility,final_v5,raw_loose,Composition,0,0,1,0.0,0.0,0.0
paper_003,Active learning framework to optimize process parameters for additive-manufactured Ti-6Al-4V with high strength and ductility,final_v5,raw_loose,Processing,51,87,51,0.586207,1.0,0.73913
paper_003,Active learning framework to optimize process parameters for additive-manufactured Ti-6Al-4V with high strength and ductility,final_v5,raw_loose,Structure,0,38,12,0.0,0.0,0.0
paper_003,Active learning framework to optimize process parameters for additive-manufactured Ti-6Al-4V with high strength and ductility,final_v5,raw_loose,Characterization,1,16,7,0.0625,0.142857,0.086957
paper_003,Active learning framework to optimize process parameters for additive-manufactured Ti-6Al-4V with high strength and ductility,final_v5,raw_loose,Properties,20,45,20,0.444444,1.0,0.615385
paper_004,Additively manufactured heterogeneous precipitation-strengthened high-entropy alloys with high strength and ductility,business_gt,unique_strict,Composition,6,23,24,0.26087,0.25,0.255319
paper_004,Additively manufactured heterogeneous precipitation-strengthened high-entropy alloys with high strength and ductility,business_gt,unique_strict,Processing,0,16,11,0.0,0.0,0.0
paper_004,Additively manufactured heterogeneous precipitation-strengthened high-entropy alloys with high strength and ductility,business_gt,unique_strict,Structure,2,14,8,0.142857,0.25,0.181818
paper_004,Additively manufactured heterogeneous precipitation-strengthened high-entropy alloys with high strength and ductility,business_gt,unique_strict,Characterization,0,18,7,0.0,0.0,0.0
paper_004,Additively manufactured heterogeneous precipitation-strengthened high-entropy alloys with high strength and ductility,business_gt,unique_strict,Properties,0,12,12,0.0,0.0,0.0
paper_004,Additively manufactured heterogeneous precipitation-strengthened high-entropy alloys with high strength and ductility,business_gt,unique_loose,Composition,23,23,24,1.0,0.958333,0.978723
paper_004,Additively manufactured heterogeneous precipitation-strengthened high-entropy alloys with high strength and ductility,business_gt,unique_loose,Processing,8,16,11,0.5,0.727273,0.592593
paper_004,Additively manufactured heterogeneous precipitation-strengthened high-entropy alloys with high strength and ductility,business_gt,unique_loose,Structure,3,14,8,0.214286,0.375,0.272727
paper_004,Additively manufactured heterogeneous precipitation-strengthened high-entropy alloys with high strength and ductility,business_gt,unique_loose,Characterization,3,18,7,0.166667,0.428571,0.24
paper_004,Additively manufactured heterogeneous precipitation-strengthened high-entropy alloys with high strength and ductility,business_gt,unique_loose,Properties,8,12,12,0.666667,0.666667,0.666667
paper_004,Additively manufactured heterogeneous precipitation-strengthened high-entropy alloys with high strength and ductility,business_gt,raw_strict,Composition,6,24,24,0.25,0.25,0.25
paper_004,Additively manufactured heterogeneous precipitation-strengthened high-entropy alloys with high strength and ductility,business_gt,raw_strict,Processing,0,28,11,0.0,0.0,0.0
paper_004,Additively manufactured heterogeneous precipitation-strengthened high-entropy alloys with high strength and ductility,business_gt,raw_strict,Structure,2,14,8,0.142857,0.25,0.181818
paper_004,Additively manufactured heterogeneous precipitation-strengthened high-entropy alloys with high strength and ductility,business_gt,raw_strict,Characterization,0,36,7,0.0,0.0,0.0
paper_004,Additively manufactured heterogeneous precipitation-strengthened high-entropy alloys with high strength and ductility,business_gt,raw_strict,Properties,0,12,12,0.0,0.0,0.0
paper_004,Additively manufactured heterogeneous precipitation-strengthened high-entropy alloys with high strength and ductility,business_gt,raw_loose,Composition,24,24,24,1.0,1.0,1.0
paper_004,Additively manufactured heterogeneous precipitation-strengthened high-entropy alloys with high strength and ductility,business_gt,raw_loose,Processing,8,28,11,0.285714,0.727273,0.410256
paper_004,Additively manufactured heterogeneous precipitation-strengthened high-entropy alloys with high strength and ductility,business_gt,raw_loose,Structure,3,14,8,0.214286,0.375,0.272727
paper_004,Additively manufactured heterogeneous precipitation-strengthened high-entropy alloys with high strength and ductility,business_gt,raw_loose,Characterization,3,36,7,0.083333,0.428571,0.139535
paper_004,Additively manufactured heterogeneous precipitation-strengthened high-entropy alloys with high strength and ductility,business_gt,raw_loose,Properties,8,12,12,0.666667,0.666667,0.666667
paper_004,Additively manufactured heterogeneous precipitation-strengthened high-entropy alloys with high strength and ductility,final_v5,unique_strict,Composition,0,17,24,0.0,0.0,0.0
paper_004,Additively manufactured heterogeneous precipitation-strengthened high-entropy alloys with high strength and ductility,final_v5,unique_strict,Processing,5,19,11,0.263158,0.454545,0.333333
paper_004,Additively manufactured heterogeneous precipitation-strengthened high-entropy alloys with high strength and ductility,final_v5,unique_strict,Structure,1,55,8,0.018182,0.125,0.031746
paper_004,Additively manufactured heterogeneous precipitation-strengthened high-entropy alloys with high strength and ductility,final_v5,unique_strict,Characterization,2,22,7,0.090909,0.285714,0.137931
paper_004,Additively manufactured heterogeneous precipitation-strengthened high-entropy alloys with high strength and ductility,final_v5,unique_strict,Properties,0,21,12,0.0,0.0,0.0
paper_004,Additively manufactured heterogeneous precipitation-strengthened high-entropy alloys with high strength and ductility,final_v5,unique_loose,Composition,9,17,24,0.529412,0.375,0.439024
paper_004,Additively manufactured heterogeneous precipitation-strengthened high-entropy alloys with high strength and ductility,final_v5,unique_loose,Processing,5,19,11,0.263158,0.454545,0.333333
paper_004,Additively manufactured heterogeneous precipitation-strengthened high-entropy alloys with high strength and ductility,final_v5,unique_loose,Structure,1,55,8,0.018182,0.125,0.031746
paper_004,Additively manufactured heterogeneous precipitation-strengthened high-entropy alloys with high strength and ductility,final_v5,unique_loose,Characterization,4,22,7,0.181818,0.571429,0.275862
paper_004,Additively manufactured heterogeneous precipitation-strengthened high-entropy alloys with high strength and ductility,final_v5,unique_loose,Properties,6,21,12,0.285714,0.5,0.363636
paper_004,Additively manufactured heterogeneous precipitation-strengthened high-entropy alloys with high strength and ductility,final_v5,raw_strict,Composition,0,17,24,0.0,0.0,0.0
paper_004,Additively manufactured heterogeneous precipitation-strengthened high-entropy alloys with high strength and ductility,final_v5,raw_strict,Processing,5,19,11,0.263158,0.454545,0.333333
paper_004,Additively manufactured heterogeneous precipitation-strengthened high-entropy alloys with high strength and ductility,final_v5,raw_strict,Structure,1,55,8,0.018182,0.125,0.031746
paper_004,Additively manufactured heterogeneous precipitation-strengthened high-entropy alloys with high strength and ductility,final_v5,raw_strict,Characterization,2,22,7,0.090909,0.285714,0.137931
paper_004,Additively manufactured heterogeneous precipitation-strengthened high-entropy alloys with high strength and ductility,final_v5,raw_strict,Properties,0,21,12,0.0,0.0,0.0
paper_004,Additively manufactured heterogeneous precipitation-strengthened high-entropy alloys with high strength and ductility,final_v5,raw_loose,Composition,9,17,24,0.529412,0.375,0.439024
paper_004,Additively manufactured heterogeneous precipitation-strengthened high-entropy alloys with high strength and ductility,final_v5,raw_loose,Processing,5,19,11,0.263158,0.454545,0.333333
paper_004,Additively manufactured heterogeneous precipitation-strengthened high-entropy alloys with high strength and ductility,final_v5,raw_loose,Structure,1,55,8,0.018182,0.125,0.031746
paper_004,Additively manufactured heterogeneous precipitation-strengthened high-entropy alloys with high strength and ductility,final_v5,raw_loose,Characterization,4,22,7,0.181818,0.571429,0.275862
paper_004,Additively manufactured heterogeneous precipitation-strengthened high-entropy alloys with high strength and ductility,final_v5,raw_loose,Properties,6,21,12,0.285714,0.5,0.363636
paper_005,"Additive manufacturing of an ultrastrong, deformable Al alloy with nanoscale intermetallics",business_gt,unique_strict,Composition,5,15,5,0.333333,1.0,0.5
paper_005,"Additive manufacturing of an ultrastrong, deformable Al alloy with nanoscale intermetallics",business_gt,unique_strict,Processing,0,20,9,0.0,0.0,0.0
paper_005,"Additive manufacturing of an ultrastrong, deformable Al alloy with nanoscale intermetallics",business_gt,unique_strict,Structure,0,21,12,0.0,0.0,0.0
paper_005,"Additive manufacturing of an ultrastrong, deformable Al alloy with nanoscale intermetallics",business_gt,unique_strict,Characterization,0,25,5,0.0,0.0,0.0
paper_005,"Additive manufacturing of an ultrastrong, deformable Al alloy with nanoscale intermetallics",business_gt,unique_strict,Properties,0,13,10,0.0,0.0,0.0
paper_005,"Additive manufacturing of an ultrastrong, deformable Al alloy with nanoscale intermetallics",business_gt,unique_loose,Composition,5,15,5,0.333333,1.0,0.5
paper_005,"Additive manufacturing of an ultrastrong, deformable Al alloy with nanoscale intermetallics",business_gt,unique_loose,Processing,6,20,9,0.3,0.666667,0.413793
paper_005,"Additive manufacturing of an ultrastrong, deformable Al alloy with nanoscale intermetallics",business_gt,unique_loose,Structure,7,21,12,0.333333,0.583333,0.424242
paper_005,"Additive manufacturing of an ultrastrong, deformable Al alloy with nanoscale intermetallics",business_gt,unique_loose,Characterization,2,25,5,0.08,0.4,0.133333
paper_005,"Additive manufacturing of an ultrastrong, deformable Al alloy with nanoscale intermetallics",business_gt,unique_loose,Properties,0,13,10,0.0,0.0,0.0
paper_005,"Additive manufacturing of an ultrastrong, deformable Al alloy with nanoscale intermetallics",business_gt,raw_strict,Composition,5,15,5,0.333333,1.0,0.5
paper_005,"Additive manufacturing of an ultrastrong, deformable Al alloy with nanoscale intermetallics",business_gt,raw_strict,Processing,0,42,9,0.0,0.0,0.0
paper_005,"Additive manufacturing of an ultrastrong, deformable Al alloy with nanoscale intermetallics",business_gt,raw_strict,Structure,0,21,12,0.0,0.0,0.0
paper_005,"Additive manufacturing of an ultrastrong, deformable Al alloy with nanoscale intermetallics",business_gt,raw_strict,Characterization,0,25,5,0.0,0.0,0.0
paper_005,"Additive manufacturing of an ultrastrong, deformable Al alloy with nanoscale intermetallics",business_gt,raw_strict,Properties,0,15,11,0.0,0.0,0.0
paper_005,"Additive manufacturing of an ultrastrong, deformable Al alloy with nanoscale intermetallics",business_gt,raw_loose,Composition,5,15,5,0.333333,1.0,0.5
paper_005,"Additive manufacturing of an ultrastrong, deformable Al alloy with nanoscale intermetallics",business_gt,raw_loose,Processing,6,42,9,0.142857,0.666667,0.235294
paper_005,"Additive manufacturing of an ultrastrong, deformable Al alloy with nanoscale intermetallics",business_gt,raw_loose,Structure,7,21,12,0.333333,0.583333,0.424242
paper_005,"Additive manufacturing of an ultrastrong, deformable Al alloy with nanoscale intermetallics",business_gt,raw_loose,Characterization,2,25,5,0.08,0.4,0.133333
paper_005,"Additive manufacturing of an ultrastrong, deformable Al alloy with nanoscale intermetallics",business_gt,raw_loose,Properties,0,15,11,0.0,0.0,0.0
paper_005,"Additive manufacturing of an ultrastrong, deformable Al alloy with nanoscale intermetallics",final_v5,unique_strict,Composition,0,35,5,0.0,0.0,0.0
paper_005,"Additive manufacturing of an ultrastrong, deformable Al alloy with nanoscale intermetallics",final_v5,unique_strict,Processing,0,19,9,0.0,0.0,0.0
paper_005,"Additive manufacturing of an ultrastrong, deformable Al alloy with nanoscale intermetallics",final_v5,unique_strict,Structure,0,97,12,0.0,0.0,0.0
paper_005,"Additive manufacturing of an ultrastrong, deformable Al alloy with nanoscale intermetallics",final_v5,unique_strict,Characterization,0,28,5,0.0,0.0,0.0
paper_005,"Additive manufacturing of an ultrastrong, deformable Al alloy with nanoscale intermetallics",final_v5,unique_strict,Properties,0,20,10,0.0,0.0,0.0
paper_005,"Additive manufacturing of an ultrastrong, deformable Al alloy with nanoscale intermetallics",final_v5,unique_loose,Composition,5,35,5,0.142857,1.0,0.25
paper_005,"Additive manufacturing of an ultrastrong, deformable Al alloy with nanoscale intermetallics",final_v5,unique_loose,Processing,8,19,9,0.421053,0.888889,0.571429
paper_005,"Additive manufacturing of an ultrastrong, deformable Al alloy with nanoscale intermetallics",final_v5,unique_loose,Structure,4,97,12,0.041237,0.333333,0.073394
paper_005,"Additive manufacturing of an ultrastrong, deformable Al alloy with nanoscale intermetallics",final_v5,unique_loose,Characterization,3,28,5,0.107143,0.6,0.181818
paper_005,"Additive manufacturing of an ultrastrong, deformable Al alloy with nanoscale intermetallics",final_v5,unique_loose,Properties,0,20,10,0.0,0.0,0.0
paper_005,"Additive manufacturing of an ultrastrong, deformable Al alloy with nanoscale intermetallics",final_v5,raw_strict,Composition,0,35,5,0.0,0.0,0.0
paper_005,"Additive manufacturing of an ultrastrong, deformable Al alloy with nanoscale intermetallics",final_v5,raw_strict,Processing,0,19,9,0.0,0.0,0.0
paper_005,"Additive manufacturing of an ultrastrong, deformable Al alloy with nanoscale intermetallics",final_v5,raw_strict,Structure,0,97,12,0.0,0.0,0.0
paper_005,"Additive manufacturing of an ultrastrong, deformable Al alloy with nanoscale intermetallics",final_v5,raw_strict,Characterization,0,28,5,0.0,0.0,0.0
paper_005,"Additive manufacturing of an ultrastrong, deformable Al alloy with nanoscale intermetallics",final_v5,raw_strict,Properties,0,20,11,0.0,0.0,0.0
paper_005,"Additive manufacturing of an ultrastrong, deformable Al alloy with nanoscale intermetallics",final_v5,raw_loose,Composition,5,35,5,0.142857,1.0,0.25
paper_005,"Additive manufacturing of an ultrastrong, deformable Al alloy with nanoscale intermetallics",final_v5,raw_loose,Processing,8,19,9,0.421053,0.888889,0.571429
paper_005,"Additive manufacturing of an ultrastrong, deformable Al alloy with nanoscale intermetallics",final_v5,raw_loose,Structure,4,97,12,0.041237,0.333333,0.073394
paper_005,"Additive manufacturing of an ultrastrong, deformable Al alloy with nanoscale intermetallics",final_v5,raw_loose,Characterization,3,28,5,0.107143,0.6,0.181818
paper_005,"Additive manufacturing of an ultrastrong, deformable Al alloy with nanoscale intermetallics",final_v5,raw_loose,Properties,0,20,11,0.0,0.0,0.0
paper_006,Additive manufacturing Ti-22Al-25 Nb alloy with excellent high temperature tensile properties by electron beam powder bed fusion,business_gt,unique_strict,Composition,14,16,17,0.875,0.823529,0.848485
paper_006,Additive manufacturing Ti-22Al-25 Nb alloy with excellent high temperature tensile properties by electron beam powder bed fusion,business_gt,unique_strict,Processing,10,27,13,0.37037,0.769231,0.5
paper_006,Additive manufacturing Ti-22Al-25 Nb alloy with excellent high temperature tensile properties by electron beam powder bed fusion,business_gt,unique_strict,Structure,10,21,12,0.47619,0.833333,0.606061
paper_006,Additive manufacturing Ti-22Al-25 Nb alloy with excellent high temperature tensile properties by electron beam powder bed fusion,business_gt,unique_strict,Characterization,3,16,5,0.1875,0.6,0.285714
paper_006,Additive manufacturing Ti-22Al-25 Nb alloy with excellent high temperature tensile properties by electron beam powder bed fusion,business_gt,unique_strict,Properties,11,23,27,0.478261,0.407407,0.44
paper_006,Additive manufacturing Ti-22Al-25 Nb alloy with excellent high temperature tensile properties by electron beam powder bed fusion,business_gt,unique_loose,Composition,14,16,17,0.875,0.823529,0.848485
paper_006,Additive manufacturing Ti-22Al-25 Nb alloy with excellent high temperature tensile properties by electron beam powder bed fusion,business_gt,unique_loose,Processing,10,27,13,0.37037,0.769231,0.5
paper_006,Additive manufacturing Ti-22Al-25 Nb alloy with excellent high temperature tensile properties by electron beam powder bed fusion,business_gt,unique_loose,Structure,10,21,12,0.47619,0.833333,0.606061
paper_006,Additive manufacturing Ti-22Al-25 Nb alloy with excellent high temperature tensile properties by electron beam powder bed fusion,business_gt,unique_loose,Characterization,3,16,5,0.1875,0.6,0.285714
paper_006,Additive manufacturing Ti-22Al-25 Nb alloy with excellent high temperature tensile properties by electron beam powder bed fusion,business_gt,unique_loose,Properties,11,23,27,0.478261,0.407407,0.44
paper_006,Additive manufacturing Ti-22Al-25 Nb alloy with excellent high temperature tensile properties by electron beam powder bed fusion,business_gt,raw_strict,Composition,15,18,19,0.833333,0.789474,0.810811
paper_006,Additive manufacturing Ti-22Al-25 Nb alloy with excellent high temperature tensile properties by electron beam powder bed fusion,business_gt,raw_strict,Processing,10,27,13,0.37037,0.769231,0.5
paper_006,Additive manufacturing Ti-22Al-25 Nb alloy with excellent high temperature tensile properties by electron beam powder bed fusion,business_gt,raw_strict,Structure,10,28,12,0.357143,0.833333,0.5
paper_006,Additive manufacturing Ti-22Al-25 Nb alloy with excellent high temperature tensile properties by electron beam powder bed fusion,business_gt,raw_strict,Characterization,3,32,5,0.09375,0.6,0.162162
paper_006,Additive manufacturing Ti-22Al-25 Nb alloy with excellent high temperature tensile properties by electron beam powder bed fusion,business_gt,raw_strict,Properties,11,23,27,0.478261,0.407407,0.44
paper_006,Additive manufacturing Ti-22Al-25 Nb alloy with excellent high temperature tensile properties by electron beam powder bed fusion,business_gt,raw_loose,Composition,15,18,19,0.833333,0.789474,0.810811
paper_006,Additive manufacturing Ti-22Al-25 Nb alloy with excellent high temperature tensile properties by electron beam powder bed fusion,business_gt,raw_loose,Processing,10,27,13,0.37037,0.769231,0.5
paper_006,Additive manufacturing Ti-22Al-25 Nb alloy with excellent high temperature tensile properties by electron beam powder bed fusion,business_gt,raw_loose,Structure,10,28,12,0.357143,0.833333,0.5
paper_006,Additive manufacturing Ti-22Al-25 Nb alloy with excellent high temperature tensile properties by electron beam powder bed fusion,business_gt,raw_loose,Characterization,3,32,5,0.09375,0.6,0.162162
paper_006,Additive manufacturing Ti-22Al-25 Nb alloy with excellent high temperature tensile properties by electron beam powder bed fusion,business_gt,raw_loose,Properties,11,23,27,0.478261,0.407407,0.44
paper_006,Additive manufacturing Ti-22Al-25 Nb alloy with excellent high temperature tensile properties by electron beam powder bed fusion,final_v5,unique_strict,Composition,11,28,17,0.392857,0.647059,0.488889
paper_006,Additive manufacturing Ti-22Al-25 Nb alloy with excellent high temperature tensile properties by electron beam powder bed fusion,final_v5,unique_strict,Processing,10,26,13,0.384615,0.769231,0.512821
paper_006,Additive manufacturing Ti-22Al-25 Nb alloy with excellent high temperature tensile properties by electron beam powder bed fusion,final_v5,unique_strict,Structure,8,100,12,0.08,0.666667,0.142857
paper_006,Additive manufacturing Ti-22Al-25 Nb alloy with excellent high temperature tensile properties by electron beam powder bed fusion,final_v5,unique_strict,Characterization,0,25,5,0.0,0.0,0.0
paper_006,Additive manufacturing Ti-22Al-25 Nb alloy with excellent high temperature tensile properties by electron beam powder bed fusion,final_v5,unique_strict,Properties,6,49,27,0.122449,0.222222,0.157895
paper_006,Additive manufacturing Ti-22Al-25 Nb alloy with excellent high temperature tensile properties by electron beam powder bed fusion,final_v5,unique_loose,Composition,14,28,17,0.5,0.823529,0.622222
paper_006,Additive manufacturing Ti-22Al-25 Nb alloy with excellent high temperature tensile properties by electron beam powder bed fusion,final_v5,unique_loose,Processing,10,26,13,0.384615,0.769231,0.512821
paper_006,Additive manufacturing Ti-22Al-25 Nb alloy with excellent high temperature tensile properties by electron beam powder bed fusion,final_v5,unique_loose,Structure,10,100,12,0.1,0.833333,0.178571
paper_006,Additive manufacturing Ti-22Al-25 Nb alloy with excellent high temperature tensile properties by electron beam powder bed fusion,final_v5,unique_loose,Characterization,0,25,5,0.0,0.0,0.0
paper_006,Additive manufacturing Ti-22Al-25 Nb alloy with excellent high temperature tensile properties by electron beam powder bed fusion,final_v5,unique_loose,Properties,12,49,27,0.244898,0.444444,0.315789
paper_006,Additive manufacturing Ti-22Al-25 Nb alloy with excellent high temperature tensile properties by electron beam powder bed fusion,final_v5,raw_strict,Composition,17,36,19,0.472222,0.894737,0.618182
paper_006,Additive manufacturing Ti-22Al-25 Nb alloy with excellent high temperature tensile properties by electron beam powder bed fusion,final_v5,raw_strict,Processing,10,26,13,0.384615,0.769231,0.512821
paper_006,Additive manufacturing Ti-22Al-25 Nb alloy with excellent high temperature tensile properties by electron beam powder bed fusion,final_v5,raw_strict,Structure,8,114,12,0.070175,0.666667,0.126984
paper_006,Additive manufacturing Ti-22Al-25 Nb alloy with excellent high temperature tensile properties by electron beam powder bed fusion,final_v5,raw_strict,Characterization,0,35,5,0.0,0.0,0.0
paper_006,Additive manufacturing Ti-22Al-25 Nb alloy with excellent high temperature tensile properties by electron beam powder bed fusion,final_v5,raw_strict,Properties,6,49,27,0.122449,0.222222,0.157895
paper_006,Additive manufacturing Ti-22Al-25 Nb alloy with excellent high temperature tensile properties by electron beam powder bed fusion,final_v5,raw_loose,Composition,18,36,19,0.5,0.947368,0.654545
paper_006,Additive manufacturing Ti-22Al-25 Nb alloy with excellent high temperature tensile properties by electron beam powder bed fusion,final_v5,raw_loose,Processing,10,26,13,0.384615,0.769231,0.512821
paper_006,Additive manufacturing Ti-22Al-25 Nb alloy with excellent high temperature tensile properties by electron beam powder bed fusion,final_v5,raw_loose,Structure,10,114,12,0.087719,0.833333,0.15873
paper_006,Additive manufacturing Ti-22Al-25 Nb alloy with excellent high temperature tensile properties by electron beam powder bed fusion,final_v5,raw_loose,Characterization,0,35,5,0.0,0.0,0.0
paper_006,Additive manufacturing Ti-22Al-25 Nb alloy with excellent high temperature tensile properties by electron beam powder bed fusion,final_v5,raw_loose,Properties,12,49,27,0.244898,0.444444,0.315789
paper_007,Characterization of Inconel 625 fabricated using powder-bed-based additive manufacturing technologies,business_gt,unique_strict,Composition,14,21,27,0.666667,0.518519,0.583333
paper_007,Characterization of Inconel 625 fabricated using powder-bed-based additive manufacturing technologies,business_gt,unique_strict,Processing,0,34,17,0.0,0.0,0.0
paper_007,Characterization of Inconel 625 fabricated using powder-bed-based additive manufacturing technologies,business_gt,unique_strict,Structure,3,14,20,0.214286,0.15,0.176471
paper_007,Characterization of Inconel 625 fabricated using powder-bed-based additive manufacturing technologies,business_gt,unique_strict,Characterization,0,6,12,0.0,0.0,0.0
paper_007,Characterization of Inconel 625 fabricated using powder-bed-based additive manufacturing technologies,business_gt,unique_strict,Properties,1,33,38,0.030303,0.026316,0.028169
paper_007,Characterization of Inconel 625 fabricated using powder-bed-based additive manufacturing technologies,business_gt,unique_loose,Composition,21,21,27,1.0,0.777778,0.875
paper_007,Characterization of Inconel 625 fabricated using powder-bed-based additive manufacturing technologies,business_gt,unique_loose,Processing,13,34,17,0.382353,0.764706,0.509804
paper_007,Characterization of Inconel 625 fabricated using powder-bed-based additive manufacturing technologies,business_gt,unique_loose,Structure,4,14,20,0.285714,0.2,0.235294
paper_007,Characterization of Inconel 625 fabricated using powder-bed-based additive manufacturing technologies,business_gt,unique_loose,Characterization,2,6,12,0.333333,0.166667,0.222222
paper_007,Characterization of Inconel 625 fabricated using powder-bed-based additive manufacturing technologies,business_gt,unique_loose,Properties,19,33,38,0.575758,0.5,0.535211
paper_007,Characterization of Inconel 625 fabricated using powder-bed-based additive manufacturing technologies,business_gt,raw_strict,Composition,14,21,27,0.666667,0.518519,0.583333
paper_007,Characterization of Inconel 625 fabricated using powder-bed-based additive manufacturing technologies,business_gt,raw_strict,Processing,0,78,21,0.0,0.0,0.0
paper_007,Characterization of Inconel 625 fabricated using powder-bed-based additive manufacturing technologies,business_gt,raw_strict,Structure,3,15,23,0.2,0.130435,0.157895
paper_007,Characterization of Inconel 625 fabricated using powder-bed-based additive manufacturing technologies,business_gt,raw_strict,Characterization,0,36,34,0.0,0.0,0.0
paper_007,Characterization of Inconel 625 fabricated using powder-bed-based additive manufacturing technologies,business_gt,raw_strict,Properties,1,33,40,0.030303,0.025,0.027397
paper_007,Characterization of Inconel 625 fabricated using powder-bed-based additive manufacturing technologies,business_gt,raw_loose,Composition,21,21,27,1.0,0.777778,0.875
paper_007,Characterization of Inconel 625 fabricated using powder-bed-based additive manufacturing technologies,business_gt,raw_loose,Processing,13,78,21,0.166667,0.619048,0.262626
paper_007,Characterization of Inconel 625 fabricated using powder-bed-based additive manufacturing technologies,business_gt,raw_loose,Structure,4,15,23,0.266667,0.173913,0.210526
paper_007,Characterization of Inconel 625 fabricated using powder-bed-based additive manufacturing technologies,business_gt,raw_loose,Characterization,12,36,34,0.333333,0.352941,0.342857
paper_007,Characterization of Inconel 625 fabricated using powder-bed-based additive manufacturing technologies,business_gt,raw_loose,Properties,19,33,40,0.575758,0.475,0.520548
paper_007,Characterization of Inconel 625 fabricated using powder-bed-based additive manufacturing technologies,final_v5,unique_strict,Composition,21,43,27,0.488372,0.777778,0.6
paper_007,Characterization of Inconel 625 fabricated using powder-bed-based additive manufacturing technologies,final_v5,unique_strict,Processing,9,58,17,0.155172,0.529412,0.24
paper_007,Characterization of Inconel 625 fabricated using powder-bed-based additive manufacturing technologies,final_v5,unique_strict,Structure,6,100,20,0.06,0.3,0.1
paper_007,Characterization of Inconel 625 fabricated using powder-bed-based additive manufacturing technologies,final_v5,unique_strict,Characterization,3,16,12,0.1875,0.25,0.214286
paper_007,Characterization of Inconel 625 fabricated using powder-bed-based additive manufacturing technologies,final_v5,unique_strict,Properties,9,66,38,0.136364,0.236842,0.173077
paper_007,Characterization of Inconel 625 fabricated using powder-bed-based additive manufacturing technologies,final_v5,unique_loose,Composition,27,43,27,0.627907,1.0,0.771429
paper_007,Characterization of Inconel 625 fabricated using powder-bed-based additive manufacturing technologies,final_v5,unique_loose,Processing,13,58,17,0.224138,0.764706,0.346667
paper_007,Characterization of Inconel 625 fabricated using powder-bed-based additive manufacturing technologies,final_v5,unique_loose,Structure,8,100,20,0.08,0.4,0.133333
paper_007,Characterization of Inconel 625 fabricated using powder-bed-based additive manufacturing technologies,final_v5,unique_loose,Characterization,5,16,12,0.3125,0.416667,0.357143
paper_007,Characterization of Inconel 625 fabricated using powder-bed-based additive manufacturing technologies,final_v5,unique_loose,Properties,18,66,38,0.272727,0.473684,0.346154
paper_007,Characterization of Inconel 625 fabricated using powder-bed-based additive manufacturing technologies,final_v5,raw_strict,Composition,21,43,27,0.488372,0.777778,0.6
paper_007,Characterization of Inconel 625 fabricated using powder-bed-based additive manufacturing technologies,final_v5,raw_strict,Processing,9,68,21,0.132353,0.428571,0.202247
paper_007,Characterization of Inconel 625 fabricated using powder-bed-based additive manufacturing technologies,final_v5,raw_strict,Structure,6,103,23,0.058252,0.26087,0.095238
paper_007,Characterization of Inconel 625 fabricated using powder-bed-based additive manufacturing technologies,final_v5,raw_strict,Characterization,9,16,34,0.5625,0.264706,0.36
paper_007,Characterization of Inconel 625 fabricated using powder-bed-based additive manufacturing technologies,final_v5,raw_strict,Properties,10,67,40,0.149254,0.25,0.186916
paper_007,Characterization of Inconel 625 fabricated using powder-bed-based additive manufacturing technologies,final_v5,raw_loose,Composition,27,43,27,0.627907,1.0,0.771429
paper_007,Characterization of Inconel 625 fabricated using powder-bed-based additive manufacturing technologies,final_v5,raw_loose,Processing,13,68,21,0.191176,0.619048,0.292135
paper_007,Characterization of Inconel 625 fabricated using powder-bed-based additive manufacturing technologies,final_v5,raw_loose,Structure,8,103,23,0.07767,0.347826,0.126984
paper_007,Characterization of Inconel 625 fabricated using powder-bed-based additive manufacturing technologies,final_v5,raw_loose,Characterization,9,16,34,0.5625,0.264706,0.36
paper_007,Characterization of Inconel 625 fabricated using powder-bed-based additive manufacturing technologies,final_v5,raw_loose,Properties,19,67,40,0.283582,0.475,0.35514
paper_008,"Densification, microstructure, and mechanical properties of heat-treated MAR-M247 fabricated by Binder Jetting",business_gt,unique_strict,Composition,0,13,14,0.0,0.0,0.0
paper_008,"Densification, microstructure, and mechanical properties of heat-treated MAR-M247 fabricated by Binder Jetting",business_gt,unique_strict,Processing,0,43,37,0.0,0.0,0.0
paper_008,"Densification, microstructure, and mechanical properties of heat-treated MAR-M247 fabricated by Binder Jetting",business_gt,unique_strict,Structure,3,29,11,0.103448,0.272727,0.15
paper_008,"Densification, microstructure, and mechanical properties of heat-treated MAR-M247 fabricated by Binder Jetting",business_gt,unique_strict,Characterization,0,22,20,0.0,0.0,0.0
paper_008,"Densification, microstructure, and mechanical properties of heat-treated MAR-M247 fabricated by Binder Jetting",business_gt,unique_strict,Properties,0,5,49,0.0,0.0,0.0
paper_008,"Densification, microstructure, and mechanical properties of heat-treated MAR-M247 fabricated by Binder Jetting",business_gt,unique_loose,Composition,13,13,14,1.0,0.928571,0.962963
paper_008,"Densification, microstructure, and mechanical properties of heat-treated MAR-M247 fabricated by Binder Jetting",business_gt,unique_loose,Processing,16,43,37,0.372093,0.432432,0.4
paper_008,"Densification, microstructure, and mechanical properties of heat-treated MAR-M247 fabricated by Binder Jetting",business_gt,unique_loose,Structure,3,29,11,0.103448,0.272727,0.15
paper_008,"Densification, microstructure, and mechanical properties of heat-treated MAR-M247 fabricated by Binder Jetting",business_gt,unique_loose,Characterization,4,22,20,0.181818,0.2,0.190476
paper_008,"Densification, microstructure, and mechanical properties of heat-treated MAR-M247 fabricated by Binder Jetting",business_gt,unique_loose,Properties,2,5,49,0.4,0.040816,0.074074
paper_008,"Densification, microstructure, and mechanical properties of heat-treated MAR-M247 fabricated by Binder Jetting",business_gt,raw_strict,Composition,0,13,14,0.0,0.0,0.0
paper_008,"Densification, microstructure, and mechanical properties of heat-treated MAR-M247 fabricated by Binder Jetting",business_gt,raw_strict,Processing,0,186,37,0.0,0.0,0.0
paper_008,"Densification, microstructure, and mechanical properties of heat-treated MAR-M247 fabricated by Binder Jetting",business_gt,raw_strict,Structure,3,29,11,0.103448,0.272727,0.15
paper_008,"Densification, microstructure, and mechanical properties of heat-treated MAR-M247 fabricated by Binder Jetting",business_gt,raw_strict,Characterization,0,28,20,0.0,0.0,0.0
paper_008,"Densification, microstructure, and mechanical properties of heat-treated MAR-M247 fabricated by Binder Jetting",business_gt,raw_strict,Properties,0,5,49,0.0,0.0,0.0
paper_008,"Densification, microstructure, and mechanical properties of heat-treated MAR-M247 fabricated by Binder Jetting",business_gt,raw_loose,Composition,13,13,14,1.0,0.928571,0.962963
paper_008,"Densification, microstructure, and mechanical properties of heat-treated MAR-M247 fabricated by Binder Jetting",business_gt,raw_loose,Processing,23,186,37,0.123656,0.621622,0.206278
paper_008,"Densification, microstructure, and mechanical properties of heat-treated MAR-M247 fabricated by Binder Jetting",business_gt,raw_loose,Structure,3,29,11,0.103448,0.272727,0.15
paper_008,"Densification, microstructure, and mechanical properties of heat-treated MAR-M247 fabricated by Binder Jetting",business_gt,raw_loose,Characterization,5,28,20,0.178571,0.25,0.208333
paper_008,"Densification, microstructure, and mechanical properties of heat-treated MAR-M247 fabricated by Binder Jetting",business_gt,raw_loose,Properties,2,5,49,0.4,0.040816,0.074074
paper_008,"Densification, microstructure, and mechanical properties of heat-treated MAR-M247 fabricated by Binder Jetting",final_v5,unique_strict,Composition,0,15,14,0.0,0.0,0.0
paper_008,"Densification, microstructure, and mechanical properties of heat-treated MAR-M247 fabricated by Binder Jetting",final_v5,unique_strict,Processing,0,73,37,0.0,0.0,0.0
paper_008,"Densification, microstructure, and mechanical properties of heat-treated MAR-M247 fabricated by Binder Jetting",final_v5,unique_strict,Structure,0,106,11,0.0,0.0,0.0
paper_008,"Densification, microstructure, and mechanical properties of heat-treated MAR-M247 fabricated by Binder Jetting",final_v5,unique_strict,Characterization,0,16,20,0.0,0.0,0.0
paper_008,"Densification, microstructure, and mechanical properties of heat-treated MAR-M247 fabricated by Binder Jetting",final_v5,unique_strict,Properties,0,34,49,0.0,0.0,0.0
paper_008,"Densification, microstructure, and mechanical properties of heat-treated MAR-M247 fabricated by Binder Jetting",final_v5,unique_loose,Composition,13,15,14,0.866667,0.928571,0.896552
paper_008,"Densification, microstructure, and mechanical properties of heat-treated MAR-M247 fabricated by Binder Jetting",final_v5,unique_loose,Processing,25,73,37,0.342466,0.675676,0.454545
paper_008,"Densification, microstructure, and mechanical properties of heat-treated MAR-M247 fabricated by Binder Jetting",final_v5,unique_loose,Structure,5,106,11,0.04717,0.454545,0.08547
paper_008,"Densification, microstructure, and mechanical properties of heat-treated MAR-M247 fabricated by Binder Jetting",final_v5,unique_loose,Characterization,1,16,20,0.0625,0.05,0.055556
paper_008,"Densification, microstructure, and mechanical properties of heat-treated MAR-M247 fabricated by Binder Jetting",final_v5,unique_loose,Properties,12,34,49,0.352941,0.244898,0.289157
paper_008,"Densification, microstructure, and mechanical properties of heat-treated MAR-M247 fabricated by Binder Jetting",final_v5,raw_strict,Composition,0,15,14,0.0,0.0,0.0
paper_008,"Densification, microstructure, and mechanical properties of heat-treated MAR-M247 fabricated by Binder Jetting",final_v5,raw_strict,Processing,0,75,37,0.0,0.0,0.0
paper_008,"Densification, microstructure, and mechanical properties of heat-treated MAR-M247 fabricated by Binder Jetting",final_v5,raw_strict,Structure,0,106,11,0.0,0.0,0.0
paper_008,"Densification, microstructure, and mechanical properties of heat-treated MAR-M247 fabricated by Binder Jetting",final_v5,raw_strict,Characterization,0,16,20,0.0,0.0,0.0
paper_008,"Densification, microstructure, and mechanical properties of heat-treated MAR-M247 fabricated by Binder Jetting",final_v5,raw_strict,Properties,0,34,49,0.0,0.0,0.0
paper_008,"Densification, microstructure, and mechanical properties of heat-treated MAR-M247 fabricated by Binder Jetting",final_v5,raw_loose,Composition,13,15,14,0.866667,0.928571,0.896552
paper_008,"Densification, microstructure, and mechanical properties of heat-treated MAR-M247 fabricated by Binder Jetting",final_v5,raw_loose,Processing,25,75,37,0.333333,0.675676,0.446429
paper_008,"Densification, microstructure, and mechanical properties of heat-treated MAR-M247 fabricated by Binder Jetting",final_v5,raw_loose,Structure,5,106,11,0.04717,0.454545,0.08547
paper_008,"Densification, microstructure, and mechanical properties of heat-treated MAR-M247 fabricated by Binder Jetting",final_v5,raw_loose,Characterization,1,16,20,0.0625,0.05,0.055556
paper_008,"Densification, microstructure, and mechanical properties of heat-treated MAR-M247 fabricated by Binder Jetting",final_v5,raw_loose,Properties,12,34,49,0.352941,0.244898,0.289157
paper_009,Dispersion hardening using amorphous nanoparticles deployed via additive manufacturing,business_gt,unique_strict,Composition,1,13,13,0.076923,0.076923,0.076923
paper_009,Dispersion hardening using amorphous nanoparticles deployed via additive manufacturing,business_gt,unique_strict,Processing,0,33,11,0.0,0.0,0.0
paper_009,Dispersion hardening using amorphous nanoparticles deployed via additive manufacturing,business_gt,unique_strict,Structure,0,34,16,0.0,0.0,0.0
paper_009,Dispersion hardening using amorphous nanoparticles deployed via additive manufacturing,business_gt,unique_strict,Characterization,0,22,11,0.0,0.0,0.0
paper_009,Dispersion hardening using amorphous nanoparticles deployed via additive manufacturing,business_gt,unique_strict,Properties,0,7,17,0.0,0.0,0.0
paper_009,Dispersion hardening using amorphous nanoparticles deployed via additive manufacturing,business_gt,unique_loose,Composition,6,13,13,0.461538,0.461538,0.461538
paper_009,Dispersion hardening using amorphous nanoparticles deployed via additive manufacturing,business_gt,unique_loose,Processing,4,33,11,0.121212,0.363636,0.181818
paper_009,Dispersion hardening using amorphous nanoparticles deployed via additive manufacturing,business_gt,unique_loose,Structure,5,34,16,0.147059,0.3125,0.2
paper_009,Dispersion hardening using amorphous nanoparticles deployed via additive manufacturing,business_gt,unique_loose,Characterization,3,22,11,0.136364,0.272727,0.181818
paper_009,Dispersion hardening using amorphous nanoparticles deployed via additive manufacturing,business_gt,unique_loose,Properties,5,7,17,0.714286,0.294118,0.416667
paper_009,Dispersion hardening using amorphous nanoparticles deployed via additive manufacturing,business_gt,raw_strict,Composition,1,13,13,0.076923,0.076923,0.076923
paper_009,Dispersion hardening using amorphous nanoparticles deployed via additive manufacturing,business_gt,raw_strict,Processing,0,33,27,0.0,0.0,0.0
paper_009,Dispersion hardening using amorphous nanoparticles deployed via additive manufacturing,business_gt,raw_strict,Structure,0,34,18,0.0,0.0,0.0
paper_009,Dispersion hardening using amorphous nanoparticles deployed via additive manufacturing,business_gt,raw_strict,Characterization,0,22,15,0.0,0.0,0.0
paper_009,Dispersion hardening using amorphous nanoparticles deployed via additive manufacturing,business_gt,raw_strict,Properties,0,7,18,0.0,0.0,0.0
paper_009,Dispersion hardening using amorphous nanoparticles deployed via additive manufacturing,business_gt,raw_loose,Composition,6,13,13,0.461538,0.461538,0.461538
paper_009,Dispersion hardening using amorphous nanoparticles deployed via additive manufacturing,business_gt,raw_loose,Processing,7,33,27,0.212121,0.259259,0.233333
paper_009,Dispersion hardening using amorphous nanoparticles deployed via additive manufacturing,business_gt,raw_loose,Structure,7,34,18,0.205882,0.388889,0.269231
paper_009,Dispersion hardening using amorphous nanoparticles deployed via additive manufacturing,business_gt,raw_loose,Characterization,3,22,15,0.136364,0.2,0.162162
paper_009,Dispersion hardening using amorphous nanoparticles deployed via additive manufacturing,business_gt,raw_loose,Properties,5,7,18,0.714286,0.277778,0.4
paper_009,Dispersion hardening using amorphous nanoparticles deployed via additive manufacturing,final_v5,unique_strict,Composition,1,24,13,0.041667,0.076923,0.054054
paper_009,Dispersion hardening using amorphous nanoparticles deployed via additive manufacturing,final_v5,unique_strict,Processing,0,30,11,0.0,0.0,0.0
paper_009,Dispersion hardening using amorphous nanoparticles deployed via additive manufacturing,final_v5,unique_strict,Structure,0,69,16,0.0,0.0,0.0
paper_009,Dispersion hardening using amorphous nanoparticles deployed via additive manufacturing,final_v5,unique_strict,Characterization,0,33,11,0.0,0.0,0.0
paper_009,Dispersion hardening using amorphous nanoparticles deployed via additive manufacturing,final_v5,unique_strict,Properties,0,29,17,0.0,0.0,0.0
paper_009,Dispersion hardening using amorphous nanoparticles deployed via additive manufacturing,final_v5,unique_loose,Composition,7,24,13,0.291667,0.538462,0.378378
paper_009,Dispersion hardening using amorphous nanoparticles deployed via additive manufacturing,final_v5,unique_loose,Processing,7,30,11,0.233333,0.636364,0.341463
paper_009,Dispersion hardening using amorphous nanoparticles deployed via additive manufacturing,final_v5,unique_loose,Structure,2,69,16,0.028986,0.125,0.047059
paper_009,Dispersion hardening using amorphous nanoparticles deployed via additive manufacturing,final_v5,unique_loose,Characterization,0,33,11,0.0,0.0,0.0
paper_009,Dispersion hardening using amorphous nanoparticles deployed via additive manufacturing,final_v5,unique_loose,Properties,6,29,17,0.206897,0.352941,0.26087
paper_009,Dispersion hardening using amorphous nanoparticles deployed via additive manufacturing,final_v5,raw_strict,Composition,1,24,13,0.041667,0.076923,0.054054
paper_009,Dispersion hardening using amorphous nanoparticles deployed via additive manufacturing,final_v5,raw_strict,Processing,0,30,27,0.0,0.0,0.0
paper_009,Dispersion hardening using amorphous nanoparticles deployed via additive manufacturing,final_v5,raw_strict,Structure,0,69,18,0.0,0.0,0.0
paper_009,Dispersion hardening using amorphous nanoparticles deployed via additive manufacturing,final_v5,raw_strict,Characterization,0,33,15,0.0,0.0,0.0
paper_009,Dispersion hardening using amorphous nanoparticles deployed via additive manufacturing,final_v5,raw_strict,Properties,0,29,18,0.0,0.0,0.0
paper_009,Dispersion hardening using amorphous nanoparticles deployed via additive manufacturing,final_v5,raw_loose,Composition,7,24,13,0.291667,0.538462,0.378378
paper_009,Dispersion hardening using amorphous nanoparticles deployed via additive manufacturing,final_v5,raw_loose,Processing,7,30,27,0.233333,0.259259,0.245614
paper_009,Dispersion hardening using amorphous nanoparticles deployed via additive manufacturing,final_v5,raw_loose,Structure,2,69,18,0.028986,0.111111,0.045977
paper_009,Dispersion hardening using amorphous nanoparticles deployed via additive manufacturing,final_v5,raw_loose,Characterization,0,33,15,0.0,0.0,0.0
paper_009,Dispersion hardening using amorphous nanoparticles deployed via additive manufacturing,final_v5,raw_loose,Properties,6,29,18,0.206897,0.333333,0.255319
paper_010,Effect of stacking fault segregation and local phase transformations on creep strength in Ni-base superalloys,business_gt,unique_strict,Composition,0,24,50,0.0,0.0,0.0
paper_010,Effect of stacking fault segregation and local phase transformations on creep strength in Ni-base superalloys,business_gt,unique_strict,Processing,0,24,12,0.0,0.0,0.0
paper_010,Effect of stacking fault segregation and local phase transformations on creep strength in Ni-base superalloys,business_gt,unique_strict,Structure,9,27,24,0.333333,0.375,0.352941
paper_010,Effect of stacking fault segregation and local phase transformations on creep strength in Ni-base superalloys,business_gt,unique_strict,Characterization,0,36,17,0.0,0.0,0.0
paper_010,Effect of stacking fault segregation and local phase transformations on creep strength in Ni-base superalloys,business_gt,unique_strict,Properties,0,0,13,0.0,0.0,0.0
paper_010,Effect of stacking fault segregation and local phase transformations on creep strength in Ni-base superalloys,business_gt,unique_loose,Composition,24,24,50,1.0,0.48,0.648649
paper_010,Effect of stacking fault segregation and local phase transformations on creep strength in Ni-base superalloys,business_gt,unique_loose,Processing,0,24,12,0.0,0.0,0.0
paper_010,Effect of stacking fault segregation and local phase transformations on creep strength in Ni-base superalloys,business_gt,unique_loose,Structure,13,27,24,0.481481,0.541667,0.509804
paper_010,Effect of stacking fault segregation and local phase transformations on creep strength in Ni-base superalloys,business_gt,unique_loose,Characterization,0,36,17,0.0,0.0,0.0
paper_010,Effect of stacking fault segregation and local phase transformations on creep strength in Ni-base superalloys,business_gt,unique_loose,Properties,0,0,13,0.0,0.0,0.0
paper_010,Effect of stacking fault segregation and local phase transformations on creep strength in Ni-base superalloys,business_gt,raw_strict,Composition,0,24,50,0.0,0.0,0.0
paper_010,Effect of stacking fault segregation and local phase transformations on creep strength in Ni-base superalloys,business_gt,raw_strict,Processing,0,24,12,0.0,0.0,0.0
paper_010,Effect of stacking fault segregation and local phase transformations on creep strength in Ni-base superalloys,business_gt,raw_strict,Structure,9,27,24,0.333333,0.375,0.352941
paper_010,Effect of stacking fault segregation and local phase transformations on creep strength in Ni-base superalloys,business_gt,raw_strict,Characterization,0,36,17,0.0,0.0,0.0
paper_010,Effect of stacking fault segregation and local phase transformations on creep strength in Ni-base superalloys,business_gt,raw_strict,Properties,0,0,13,0.0,0.0,0.0
paper_010,Effect of stacking fault segregation and local phase transformations on creep strength in Ni-base superalloys,business_gt,raw_loose,Composition,24,24,50,1.0,0.48,0.648649
paper_010,Effect of stacking fault segregation and local phase transformations on creep strength in Ni-base superalloys,business_gt,raw_loose,Processing,0,24,12,0.0,0.0,0.0
paper_010,Effect of stacking fault segregation and local phase transformations on creep strength in Ni-base superalloys,business_gt,raw_loose,Structure,13,27,24,0.481481,0.541667,0.509804
paper_010,Effect of stacking fault segregation and local phase transformations on creep strength in Ni-base superalloys,business_gt,raw_loose,Characterization,0,36,17,0.0,0.0,0.0
paper_010,Effect of stacking fault segregation and local phase transformations on creep strength in Ni-base superalloys,business_gt,raw_loose,Properties,0,0,13,0.0,0.0,0.0
paper_010,Effect of stacking fault segregation and local phase transformations on creep strength in Ni-base superalloys,final_v5,unique_strict,Composition,24,45,50,0.533333,0.48,0.505263
paper_010,Effect of stacking fault segregation and local phase transformations on creep strength in Ni-base superalloys,final_v5,unique_strict,Processing,0,8,12,0.0,0.0,0.0
paper_010,Effect of stacking fault segregation and local phase transformations on creep strength in Ni-base superalloys,final_v5,unique_strict,Structure,12,91,24,0.131868,0.5,0.208696
paper_010,Effect of stacking fault segregation and local phase transformations on creep strength in Ni-base superalloys,final_v5,unique_strict,Characterization,0,22,17,0.0,0.0,0.0
paper_010,Effect of stacking fault segregation and local phase transformations on creep strength in Ni-base superalloys,final_v5,unique_strict,Properties,0,15,13,0.0,0.0,0.0
paper_010,Effect of stacking fault segregation and local phase transformations on creep strength in Ni-base superalloys,final_v5,unique_loose,Composition,26,45,50,0.577778,0.52,0.547368
paper_010,Effect of stacking fault segregation and local phase transformations on creep strength in Ni-base superalloys,final_v5,unique_loose,Processing,0,8,12,0.0,0.0,0.0
paper_010,Effect of stacking fault segregation and local phase transformations on creep strength in Ni-base superalloys,final_v5,unique_loose,Structure,14,91,24,0.153846,0.583333,0.243478
paper_010,Effect of stacking fault segregation and local phase transformations on creep strength in Ni-base superalloys,final_v5,unique_loose,Characterization,0,22,17,0.0,0.0,0.0
paper_010,Effect of stacking fault segregation and local phase transformations on creep strength in Ni-base superalloys,final_v5,unique_loose,Properties,4,15,13,0.266667,0.307692,0.285714
paper_010,Effect of stacking fault segregation and local phase transformations on creep strength in Ni-base superalloys,final_v5,raw_strict,Composition,24,45,50,0.533333,0.48,0.505263
paper_010,Effect of stacking fault segregation and local phase transformations on creep strength in Ni-base superalloys,final_v5,raw_strict,Processing,0,8,12,0.0,0.0,0.0
paper_010,Effect of stacking fault segregation and local phase transformations on creep strength in Ni-base superalloys,final_v5,raw_strict,Structure,12,91,24,0.131868,0.5,0.208696
paper_010,Effect of stacking fault segregation and local phase transformations on creep strength in Ni-base superalloys,final_v5,raw_strict,Characterization,0,22,17,0.0,0.0,0.0
paper_010,Effect of stacking fault segregation and local phase transformations on creep strength in Ni-base superalloys,final_v5,raw_strict,Properties,0,15,13,0.0,0.0,0.0
paper_010,Effect of stacking fault segregation and local phase transformations on creep strength in Ni-base superalloys,final_v5,raw_loose,Composition,26,45,50,0.577778,0.52,0.547368
paper_010,Effect of stacking fault segregation and local phase transformations on creep strength in Ni-base superalloys,final_v5,raw_loose,Processing,0,8,12,0.0,0.0,0.0
paper_010,Effect of stacking fault segregation and local phase transformations on creep strength in Ni-base superalloys,final_v5,raw_loose,Structure,14,91,24,0.153846,0.583333,0.243478
paper_010,Effect of stacking fault segregation and local phase transformations on creep strength in Ni-base superalloys,final_v5,raw_loose,Characterization,0,22,17,0.0,0.0,0.0
paper_010,Effect of stacking fault segregation and local phase transformations on creep strength in Ni-base superalloys,final_v5,raw_loose,Properties,4,15,13,0.266667,0.307692,0.285714
paper_011,Electron beam powder bed fusion of Y₂O₃／γ-TiAl nanocomposite with balanced strength and toughness,business_gt,unique_strict,Composition,1,12,4,0.083333,0.25,0.125
paper_011,Electron beam powder bed fusion of Y₂O₃／γ-TiAl nanocomposite with balanced strength and toughness,business_gt,unique_strict,Processing,1,57,16,0.017544,0.0625,0.027397
paper_011,Electron beam powder bed fusion of Y₂O₃／γ-TiAl nanocomposite with balanced strength and toughness,business_gt,unique_strict,Structure,6,59,27,0.101695,0.222222,0.139535
paper_011,Electron beam powder bed fusion of Y₂O₃／γ-TiAl nanocomposite with balanced strength and toughness,business_gt,unique_strict,Characterization,0,22,6,0.0,0.0,0.0
paper_011,Electron beam powder bed fusion of Y₂O₃／γ-TiAl nanocomposite with balanced strength and toughness,business_gt,unique_strict,Properties,6,10,10,0.6,0.6,0.6
paper_011,Electron beam powder bed fusion of Y₂O₃／γ-TiAl nanocomposite with balanced strength and toughness,business_gt,unique_loose,Composition,2,12,4,0.166667,0.5,0.25
paper_011,Electron beam powder bed fusion of Y₂O₃／γ-TiAl nanocomposite with balanced strength and toughness,business_gt,unique_loose,Processing,12,57,16,0.210526,0.75,0.328767
paper_011,Electron beam powder bed fusion of Y₂O₃／γ-TiAl nanocomposite with balanced strength and toughness,business_gt,unique_loose,Structure,15,59,27,0.254237,0.555556,0.348837
paper_011,Electron beam powder bed fusion of Y₂O₃／γ-TiAl nanocomposite with balanced strength and toughness,business_gt,unique_loose,Characterization,2,22,6,0.090909,0.333333,0.142857
paper_011,Electron beam powder bed fusion of Y₂O₃／γ-TiAl nanocomposite with balanced strength and toughness,business_gt,unique_loose,Properties,6,10,10,0.6,0.6,0.6
paper_011,Electron beam powder bed fusion of Y₂O₃／γ-TiAl nanocomposite with balanced strength and toughness,business_gt,raw_strict,Composition,1,12,4,0.083333,0.25,0.125
paper_011,Electron beam powder bed fusion of Y₂O₃／γ-TiAl nanocomposite with balanced strength and toughness,business_gt,raw_strict,Processing,2,57,18,0.035088,0.111111,0.053333
paper_011,Electron beam powder bed fusion of Y₂O₃／γ-TiAl nanocomposite with balanced strength and toughness,business_gt,raw_strict,Structure,6,59,27,0.101695,0.222222,0.139535
paper_011,Electron beam powder bed fusion of Y₂O₃／γ-TiAl nanocomposite with balanced strength and toughness,business_gt,raw_strict,Characterization,0,22,6,0.0,0.0,0.0
paper_011,Electron beam powder bed fusion of Y₂O₃／γ-TiAl nanocomposite with balanced strength and toughness,business_gt,raw_strict,Properties,6,10,10,0.6,0.6,0.6
paper_011,Electron beam powder bed fusion of Y₂O₃／γ-TiAl nanocomposite with balanced strength and toughness,business_gt,raw_loose,Composition,2,12,4,0.166667,0.5,0.25
paper_011,Electron beam powder bed fusion of Y₂O₃／γ-TiAl nanocomposite with balanced strength and toughness,business_gt,raw_loose,Processing,14,57,18,0.245614,0.777778,0.373333
paper_011,Electron beam powder bed fusion of Y₂O₃／γ-TiAl nanocomposite with balanced strength and toughness,business_gt,raw_loose,Structure,15,59,27,0.254237,0.555556,0.348837
paper_011,Electron beam powder bed fusion of Y₂O₃／γ-TiAl nanocomposite with balanced strength and toughness,business_gt,raw_loose,Characterization,2,22,6,0.090909,0.333333,0.142857
paper_011,Electron beam powder bed fusion of Y₂O₃／γ-TiAl nanocomposite with balanced strength and toughness,business_gt,raw_loose,Properties,6,10,10,0.6,0.6,0.6
paper_011,Electron beam powder bed fusion of Y₂O₃／γ-TiAl nanocomposite with balanced strength and toughness,final_v5,unique_strict,Composition,0,20,4,0.0,0.0,0.0
paper_011,Electron beam powder bed fusion of Y₂O₃／γ-TiAl nanocomposite with balanced strength and toughness,final_v5,unique_strict,Processing,1,23,16,0.043478,0.0625,0.051282
paper_011,Electron beam powder bed fusion of Y₂O₃／γ-TiAl nanocomposite with balanced strength and toughness,final_v5,unique_strict,Structure,3,182,27,0.016484,0.111111,0.028708
paper_011,Electron beam powder bed fusion of Y₂O₃／γ-TiAl nanocomposite with balanced strength and toughness,final_v5,unique_strict,Characterization,0,27,6,0.0,0.0,0.0
paper_011,Electron beam powder bed fusion of Y₂O₃／γ-TiAl nanocomposite with balanced strength and toughness,final_v5,unique_strict,Properties,6,18,10,0.333333,0.6,0.428571
paper_011,Electron beam powder bed fusion of Y₂O₃／γ-TiAl nanocomposite with balanced strength and toughness,final_v5,unique_loose,Composition,2,20,4,0.1,0.5,0.166667
paper_011,Electron beam powder bed fusion of Y₂O₃／γ-TiAl nanocomposite with balanced strength and toughness,final_v5,unique_loose,Processing,7,23,16,0.304348,0.4375,0.358974
paper_011,Electron beam powder bed fusion of Y₂O₃／γ-TiAl nanocomposite with balanced strength and toughness,final_v5,unique_loose,Structure,12,182,27,0.065934,0.444444,0.114833
paper_011,Electron beam powder bed fusion of Y₂O₃／γ-TiAl nanocomposite with balanced strength and toughness,final_v5,unique_loose,Characterization,0,27,6,0.0,0.0,0.0
paper_011,Electron beam powder bed fusion of Y₂O₃／γ-TiAl nanocomposite with balanced strength and toughness,final_v5,unique_loose,Properties,6,18,10,0.333333,0.6,0.428571
paper_011,Electron beam powder bed fusion of Y₂O₃／γ-TiAl nanocomposite with balanced strength and toughness,final_v5,raw_strict,Composition,0,20,4,0.0,0.0,0.0
paper_011,Electron beam powder bed fusion of Y₂O₃／γ-TiAl nanocomposite with balanced strength and toughness,final_v5,raw_strict,Processing,1,24,18,0.041667,0.055556,0.047619
paper_011,Electron beam powder bed fusion of Y₂O₃／γ-TiAl nanocomposite with balanced strength and toughness,final_v5,raw_strict,Structure,3,182,27,0.016484,0.111111,0.028708
paper_011,Electron beam powder bed fusion of Y₂O₃／γ-TiAl nanocomposite with balanced strength and toughness,final_v5,raw_strict,Characterization,0,27,6,0.0,0.0,0.0
paper_011,Electron beam powder bed fusion of Y₂O₃／γ-TiAl nanocomposite with balanced strength and toughness,final_v5,raw_strict,Properties,6,18,10,0.333333,0.6,0.428571
paper_011,Electron beam powder bed fusion of Y₂O₃／γ-TiAl nanocomposite with balanced strength and toughness,final_v5,raw_loose,Composition,2,20,4,0.1,0.5,0.166667
paper_011,Electron beam powder bed fusion of Y₂O₃／γ-TiAl nanocomposite with balanced strength and toughness,final_v5,raw_loose,Processing,8,24,18,0.333333,0.444444,0.380952
paper_011,Electron beam powder bed fusion of Y₂O₃／γ-TiAl nanocomposite with balanced strength and toughness,final_v5,raw_loose,Structure,12,182,27,0.065934,0.444444,0.114833
paper_011,Electron beam powder bed fusion of Y₂O₃／γ-TiAl nanocomposite with balanced strength and toughness,final_v5,raw_loose,Characterization,0,27,6,0.0,0.0,0.0
paper_011,Electron beam powder bed fusion of Y₂O₃／γ-TiAl nanocomposite with balanced strength and toughness,final_v5,raw_loose,Properties,6,18,10,0.333333,0.6,0.428571
paper_012,Enhanced creep resistance induced by minor Ti additions to a second generation nickel-based single crystal superalloy,business_gt,unique_strict,Composition,0,39,95,0.0,0.0,0.0
paper_012,Enhanced creep resistance induced by minor Ti additions to a second generation nickel-based single crystal superalloy,business_gt,unique_strict,Processing,0,22,6,0.0,0.0,0.0
paper_012,Enhanced creep resistance induced by minor Ti additions to a second generation nickel-based single crystal superalloy,business_gt,unique_strict,Structure,0,141,58,0.0,0.0,0.0
paper_012,Enhanced creep resistance induced by minor Ti additions to a second generation nickel-based single crystal superalloy,business_gt,unique_strict,Characterization,3,46,5,0.065217,0.6,0.117647
paper_012,Enhanced creep resistance induced by minor Ti additions to a second generation nickel-based single crystal superalloy,business_gt,unique_strict,Properties,6,6,6,1.0,1.0,1.0
paper_012,Enhanced creep resistance induced by minor Ti additions to a second generation nickel-based single crystal superalloy,business_gt,unique_loose,Composition,37,39,95,0.948718,0.389474,0.552239
paper_012,Enhanced creep resistance induced by minor Ti additions to a second generation nickel-based single crystal superalloy,business_gt,unique_loose,Processing,4,22,6,0.181818,0.666667,0.285714
paper_012,Enhanced creep resistance induced by minor Ti additions to a second generation nickel-based single crystal superalloy,business_gt,unique_loose,Structure,57,141,58,0.404255,0.982759,0.572864
paper_012,Enhanced creep resistance induced by minor Ti additions to a second generation nickel-based single crystal superalloy,business_gt,unique_loose,Characterization,3,46,5,0.065217,0.6,0.117647
paper_012,Enhanced creep resistance induced by minor Ti additions to a second generation nickel-based single crystal superalloy,business_gt,unique_loose,Properties,6,6,6,1.0,1.0,1.0
paper_012,Enhanced creep resistance induced by minor Ti additions to a second generation nickel-based single crystal superalloy,business_gt,raw_strict,Composition,0,48,95,0.0,0.0,0.0
paper_012,Enhanced creep resistance induced by minor Ti additions to a second generation nickel-based single crystal superalloy,business_gt,raw_strict,Processing,0,22,6,0.0,0.0,0.0
paper_012,Enhanced creep resistance induced by minor Ti additions to a second generation nickel-based single crystal superalloy,business_gt,raw_strict,Structure,0,157,58,0.0,0.0,0.0
paper_012,Enhanced creep resistance induced by minor Ti additions to a second generation nickel-based single crystal superalloy,business_gt,raw_strict,Characterization,3,46,5,0.065217,0.6,0.117647
paper_012,Enhanced creep resistance induced by minor Ti additions to a second generation nickel-based single crystal superalloy,business_gt,raw_strict,Properties,6,6,6,1.0,1.0,1.0
paper_012,Enhanced creep resistance induced by minor Ti additions to a second generation nickel-based single crystal superalloy,business_gt,raw_loose,Composition,44,48,95,0.916667,0.463158,0.615385
paper_012,Enhanced creep resistance induced by minor Ti additions to a second generation nickel-based single crystal superalloy,business_gt,raw_loose,Processing,4,22,6,0.181818,0.666667,0.285714
paper_012,Enhanced creep resistance induced by minor Ti additions to a second generation nickel-based single crystal superalloy,business_gt,raw_loose,Structure,57,157,58,0.363057,0.982759,0.530233
paper_012,Enhanced creep resistance induced by minor Ti additions to a second generation nickel-based single crystal superalloy,business_gt,raw_loose,Characterization,3,46,5,0.065217,0.6,0.117647
paper_012,Enhanced creep resistance induced by minor Ti additions to a second generation nickel-based single crystal superalloy,business_gt,raw_loose,Properties,6,6,6,1.0,1.0,1.0
paper_012,Enhanced creep resistance induced by minor Ti additions to a second generation nickel-based single crystal superalloy,final_v5,unique_strict,Composition,19,104,95,0.182692,0.2,0.190955
paper_012,Enhanced creep resistance induced by minor Ti additions to a second generation nickel-based single crystal superalloy,final_v5,unique_strict,Processing,4,32,6,0.125,0.666667,0.210526
paper_012,Enhanced creep resistance induced by minor Ti additions to a second generation nickel-based single crystal superalloy,final_v5,unique_strict,Structure,8,208,58,0.038462,0.137931,0.06015
paper_012,Enhanced creep resistance induced by minor Ti additions to a second generation nickel-based single crystal superalloy,final_v5,unique_strict,Characterization,0,29,5,0.0,0.0,0.0
paper_012,Enhanced creep resistance induced by minor Ti additions to a second generation nickel-based single crystal superalloy,final_v5,unique_strict,Properties,2,29,6,0.068966,0.333333,0.114286
paper_012,Enhanced creep resistance induced by minor Ti additions to a second generation nickel-based single crystal superalloy,final_v5,unique_loose,Composition,74,104,95,0.711538,0.778947,0.743719
paper_012,Enhanced creep resistance induced by minor Ti additions to a second generation nickel-based single crystal superalloy,final_v5,unique_loose,Processing,4,32,6,0.125,0.666667,0.210526
paper_012,Enhanced creep resistance induced by minor Ti additions to a second generation nickel-based single crystal superalloy,final_v5,unique_loose,Structure,47,208,58,0.225962,0.810345,0.353383
paper_012,Enhanced creep resistance induced by minor Ti additions to a second generation nickel-based single crystal superalloy,final_v5,unique_loose,Characterization,0,29,5,0.0,0.0,0.0
paper_012,Enhanced creep resistance induced by minor Ti additions to a second generation nickel-based single crystal superalloy,final_v5,unique_loose,Properties,2,29,6,0.068966,0.333333,0.114286
paper_012,Enhanced creep resistance induced by minor Ti additions to a second generation nickel-based single crystal superalloy,final_v5,raw_strict,Composition,19,104,95,0.182692,0.2,0.190955
paper_012,Enhanced creep resistance induced by minor Ti additions to a second generation nickel-based single crystal superalloy,final_v5,raw_strict,Processing,4,32,6,0.125,0.666667,0.210526
paper_012,Enhanced creep resistance induced by minor Ti additions to a second generation nickel-based single crystal superalloy,final_v5,raw_strict,Structure,8,208,58,0.038462,0.137931,0.06015
paper_012,Enhanced creep resistance induced by minor Ti additions to a second generation nickel-based single crystal superalloy,final_v5,raw_strict,Characterization,0,29,5,0.0,0.0,0.0
paper_012,Enhanced creep resistance induced by minor Ti additions to a second generation nickel-based single crystal superalloy,final_v5,raw_strict,Properties,2,29,6,0.068966,0.333333,0.114286
paper_012,Enhanced creep resistance induced by minor Ti additions to a second generation nickel-based single crystal superalloy,final_v5,raw_loose,Composition,74,104,95,0.711538,0.778947,0.743719
paper_012,Enhanced creep resistance induced by minor Ti additions to a second generation nickel-based single crystal superalloy,final_v5,raw_loose,Processing,4,32,6,0.125,0.666667,0.210526
paper_012,Enhanced creep resistance induced by minor Ti additions to a second generation nickel-based single crystal superalloy,final_v5,raw_loose,Structure,47,208,58,0.225962,0.810345,0.353383
paper_012,Enhanced creep resistance induced by minor Ti additions to a second generation nickel-based single crystal superalloy,final_v5,raw_loose,Characterization,0,29,5,0.0,0.0,0.0
paper_012,Enhanced creep resistance induced by minor Ti additions to a second generation nickel-based single crystal superalloy,final_v5,raw_loose,Properties,2,29,6,0.068966,0.333333,0.114286
paper_013,"Highly printable, strong, and ductile ordered intermetallic alloy",business_gt,unique_strict,Composition,6,13,11,0.461538,0.545455,0.5
paper_013,"Highly printable, strong, and ductile ordered intermetallic alloy",business_gt,unique_strict,Processing,0,18,10,0.0,0.0,0.0
paper_013,"Highly printable, strong, and ductile ordered intermetallic alloy",business_gt,unique_strict,Structure,0,18,22,0.0,0.0,0.0
paper_013,"Highly printable, strong, and ductile ordered intermetallic alloy",business_gt,unique_strict,Characterization,0,32,8,0.0,0.0,0.0
paper_013,"Highly printable, strong, and ductile ordered intermetallic alloy",business_gt,unique_strict,Properties,3,7,6,0.428571,0.5,0.461538
paper_013,"Highly printable, strong, and ductile ordered intermetallic alloy",business_gt,unique_loose,Composition,11,13,11,0.846154,1.0,0.916667
paper_013,"Highly printable, strong, and ductile ordered intermetallic alloy",business_gt,unique_loose,Processing,8,18,10,0.444444,0.8,0.571429
paper_013,"Highly printable, strong, and ductile ordered intermetallic alloy",business_gt,unique_loose,Structure,6,18,22,0.333333,0.272727,0.3
paper_013,"Highly printable, strong, and ductile ordered intermetallic alloy",business_gt,unique_loose,Characterization,3,32,8,0.09375,0.375,0.15
paper_013,"Highly printable, strong, and ductile ordered intermetallic alloy",business_gt,unique_loose,Properties,3,7,6,0.428571,0.5,0.461538
paper_013,"Highly printable, strong, and ductile ordered intermetallic alloy",business_gt,raw_strict,Composition,6,13,11,0.461538,0.545455,0.5
paper_013,"Highly printable, strong, and ductile ordered intermetallic alloy",business_gt,raw_strict,Processing,0,32,10,0.0,0.0,0.0
paper_013,"Highly printable, strong, and ductile ordered intermetallic alloy",business_gt,raw_strict,Structure,0,18,22,0.0,0.0,0.0
paper_013,"Highly printable, strong, and ductile ordered intermetallic alloy",business_gt,raw_strict,Characterization,0,36,8,0.0,0.0,0.0
paper_013,"Highly printable, strong, and ductile ordered intermetallic alloy",business_gt,raw_strict,Properties,3,7,6,0.428571,0.5,0.461538
paper_013,"Highly printable, strong, and ductile ordered intermetallic alloy",business_gt,raw_loose,Composition,11,13,11,0.846154,1.0,0.916667
paper_013,"Highly printable, strong, and ductile ordered intermetallic alloy",business_gt,raw_loose,Processing,8,32,10,0.25,0.8,0.380952
paper_013,"Highly printable, strong, and ductile ordered intermetallic alloy",business_gt,raw_loose,Structure,6,18,22,0.333333,0.272727,0.3
paper_013,"Highly printable, strong, and ductile ordered intermetallic alloy",business_gt,raw_loose,Characterization,3,36,8,0.083333,0.375,0.136364
paper_013,"Highly printable, strong, and ductile ordered intermetallic alloy",business_gt,raw_loose,Properties,3,7,6,0.428571,0.5,0.461538
paper_013,"Highly printable, strong, and ductile ordered intermetallic alloy",final_v5,unique_strict,Composition,11,24,11,0.458333,1.0,0.628571
paper_013,"Highly printable, strong, and ductile ordered intermetallic alloy",final_v5,unique_strict,Processing,0,28,10,0.0,0.0,0.0
paper_013,"Highly printable, strong, and ductile ordered intermetallic alloy",final_v5,unique_strict,Structure,4,71,22,0.056338,0.181818,0.086022
paper_013,"Highly printable, strong, and ductile ordered intermetallic alloy",final_v5,unique_strict,Characterization,0,36,8,0.0,0.0,0.0
paper_013,"Highly printable, strong, and ductile ordered intermetallic alloy",final_v5,unique_strict,Properties,0,17,6,0.0,0.0,0.0
paper_013,"Highly printable, strong, and ductile ordered intermetallic alloy",final_v5,unique_loose,Composition,11,24,11,0.458333,1.0,0.628571
paper_013,"Highly printable, strong, and ductile ordered intermetallic alloy",final_v5,unique_loose,Processing,7,28,10,0.25,0.7,0.368421
paper_013,"Highly printable, strong, and ductile ordered intermetallic alloy",final_v5,unique_loose,Structure,6,71,22,0.084507,0.272727,0.129032
paper_013,"Highly printable, strong, and ductile ordered intermetallic alloy",final_v5,unique_loose,Characterization,1,36,8,0.027778,0.125,0.045455
paper_013,"Highly printable, strong, and ductile ordered intermetallic alloy",final_v5,unique_loose,Properties,4,17,6,0.235294,0.666667,0.347826
paper_013,"Highly printable, strong, and ductile ordered intermetallic alloy",final_v5,raw_strict,Composition,11,24,11,0.458333,1.0,0.628571
paper_013,"Highly printable, strong, and ductile ordered intermetallic alloy",final_v5,raw_strict,Processing,0,29,10,0.0,0.0,0.0
paper_013,"Highly printable, strong, and ductile ordered intermetallic alloy",final_v5,raw_strict,Structure,4,71,22,0.056338,0.181818,0.086022
paper_013,"Highly printable, strong, and ductile ordered intermetallic alloy",final_v5,raw_strict,Characterization,0,36,8,0.0,0.0,0.0
paper_013,"Highly printable, strong, and ductile ordered intermetallic alloy",final_v5,raw_strict,Properties,0,17,6,0.0,0.0,0.0
paper_013,"Highly printable, strong, and ductile ordered intermetallic alloy",final_v5,raw_loose,Composition,11,24,11,0.458333,1.0,0.628571
paper_013,"Highly printable, strong, and ductile ordered intermetallic alloy",final_v5,raw_loose,Processing,7,29,10,0.241379,0.7,0.358974
paper_013,"Highly printable, strong, and ductile ordered intermetallic alloy",final_v5,raw_loose,Structure,6,71,22,0.084507,0.272727,0.129032
paper_013,"Highly printable, strong, and ductile ordered intermetallic alloy",final_v5,raw_loose,Characterization,1,36,8,0.027778,0.125,0.045455
paper_013,"Highly printable, strong, and ductile ordered intermetallic alloy",final_v5,raw_loose,Properties,4,17,6,0.235294,0.666667,0.347826
paper_014,High strength Al–Li alloy development for laser powder bed fusion,business_gt,unique_strict,Composition,8,57,20,0.140351,0.4,0.207792
paper_014,High strength Al–Li alloy development for laser powder bed fusion,business_gt,unique_strict,Processing,4,42,7,0.095238,0.571429,0.163265
paper_014,High strength Al–Li alloy development for laser powder bed fusion,business_gt,unique_strict,Structure,0,35,5,0.0,0.0,0.0
paper_014,High strength Al–Li alloy development for laser powder bed fusion,business_gt,unique_strict,Characterization,0,56,5,0.0,0.0,0.0
paper_014,High strength Al–Li alloy development for laser powder bed fusion,business_gt,unique_strict,Properties,3,19,3,0.157895,1.0,0.272727
paper_014,High strength Al–Li alloy development for laser powder bed fusion,business_gt,unique_loose,Composition,18,57,20,0.315789,0.9,0.467532
paper_014,High strength Al–Li alloy development for laser powder bed fusion,business_gt,unique_loose,Processing,6,42,7,0.142857,0.857143,0.244898
paper_014,High strength Al–Li alloy development for laser powder bed fusion,business_gt,unique_loose,Structure,0,35,5,0.0,0.0,0.0
paper_014,High strength Al–Li alloy development for laser powder bed fusion,business_gt,unique_loose,Characterization,1,56,5,0.017857,0.2,0.032787
paper_014,High strength Al–Li alloy development for laser powder bed fusion,business_gt,unique_loose,Properties,3,19,3,0.157895,1.0,0.272727
paper_014,High strength Al–Li alloy development for laser powder bed fusion,business_gt,raw_strict,Composition,8,57,28,0.140351,0.285714,0.188235
paper_014,High strength Al–Li alloy development for laser powder bed fusion,business_gt,raw_strict,Processing,4,47,7,0.085106,0.571429,0.148148
paper_014,High strength Al–Li alloy development for laser powder bed fusion,business_gt,raw_strict,Structure,0,35,5,0.0,0.0,0.0
paper_014,High strength Al–Li alloy development for laser powder bed fusion,business_gt,raw_strict,Characterization,0,72,5,0.0,0.0,0.0
paper_014,High strength Al–Li alloy development for laser powder bed fusion,business_gt,raw_strict,Properties,3,19,3,0.157895,1.0,0.272727
paper_014,High strength Al–Li alloy development for laser powder bed fusion,business_gt,raw_loose,Composition,26,57,28,0.45614,0.928571,0.611765
paper_014,High strength Al–Li alloy development for laser powder bed fusion,business_gt,raw_loose,Processing,6,47,7,0.12766,0.857143,0.222222
paper_014,High strength Al–Li alloy development for laser powder bed fusion,business_gt,raw_loose,Structure,0,35,5,0.0,0.0,0.0
paper_014,High strength Al–Li alloy development for laser powder bed fusion,business_gt,raw_loose,Characterization,1,72,5,0.013889,0.2,0.025974
paper_014,High strength Al–Li alloy development for laser powder bed fusion,business_gt,raw_loose,Properties,3,19,3,0.157895,1.0,0.272727
paper_014,High strength Al–Li alloy development for laser powder bed fusion,final_v5,unique_strict,Composition,14,52,20,0.269231,0.7,0.388889
paper_014,High strength Al–Li alloy development for laser powder bed fusion,final_v5,unique_strict,Processing,4,27,7,0.148148,0.571429,0.235294
paper_014,High strength Al–Li alloy development for laser powder bed fusion,final_v5,unique_strict,Structure,0,102,5,0.0,0.0,0.0
paper_014,High strength Al–Li alloy development for laser powder bed fusion,final_v5,unique_strict,Characterization,0,9,5,0.0,0.0,0.0
paper_014,High strength Al–Li alloy development for laser powder bed fusion,final_v5,unique_strict,Properties,0,18,3,0.0,0.0,0.0
paper_014,High strength Al–Li alloy development for laser powder bed fusion,final_v5,unique_loose,Composition,18,52,20,0.346154,0.9,0.5
paper_014,High strength Al–Li alloy development for laser powder bed fusion,final_v5,unique_loose,Processing,4,27,7,0.148148,0.571429,0.235294
paper_014,High strength Al–Li alloy development for laser powder bed fusion,final_v5,unique_loose,Structure,0,102,5,0.0,0.0,0.0
paper_014,High strength Al–Li alloy development for laser powder bed fusion,final_v5,unique_loose,Characterization,1,9,5,0.111111,0.2,0.142857
paper_014,High strength Al–Li alloy development for laser powder bed fusion,final_v5,unique_loose,Properties,0,18,3,0.0,0.0,0.0
paper_014,High strength Al–Li alloy development for laser powder bed fusion,final_v5,raw_strict,Composition,22,52,28,0.423077,0.785714,0.55
paper_014,High strength Al–Li alloy development for laser powder bed fusion,final_v5,raw_strict,Processing,4,34,7,0.117647,0.571429,0.195122
paper_014,High strength Al–Li alloy development for laser powder bed fusion,final_v5,raw_strict,Structure,0,102,5,0.0,0.0,0.0
paper_014,High strength Al–Li alloy development for laser powder bed fusion,final_v5,raw_strict,Characterization,0,10,5,0.0,0.0,0.0
paper_014,High strength Al–Li alloy development for laser powder bed fusion,final_v5,raw_strict,Properties,0,18,3,0.0,0.0,0.0
paper_014,High strength Al–Li alloy development for laser powder bed fusion,final_v5,raw_loose,Composition,26,52,28,0.5,0.928571,0.65
paper_014,High strength Al–Li alloy development for laser powder bed fusion,final_v5,raw_loose,Processing,5,34,7,0.147059,0.714286,0.243902
paper_014,High strength Al–Li alloy development for laser powder bed fusion,final_v5,raw_loose,Structure,0,102,5,0.0,0.0,0.0
paper_014,High strength Al–Li alloy development for laser powder bed fusion,final_v5,raw_loose,Characterization,1,10,5,0.1,0.2,0.133333
paper_014,High strength Al–Li alloy development for laser powder bed fusion,final_v5,raw_loose,Properties,0,18,3,0.0,0.0,0.0
paper_015,Improving ductility via grain structure control in Sc／Zr modified Al-Cu-Li alloys by pulsed-laser powder bed fusion,business_gt,unique_strict,Composition,0,5,5,0.0,0.0,0.0
paper_015,Improving ductility via grain structure control in Sc／Zr modified Al-Cu-Li alloys by pulsed-laser powder bed fusion,business_gt,unique_strict,Processing,7,14,7,0.5,1.0,0.666667
paper_015,Improving ductility via grain structure control in Sc／Zr modified Al-Cu-Li alloys by pulsed-laser powder bed fusion,business_gt,unique_strict,Structure,10,25,18,0.4,0.555556,0.465116
paper_015,Improving ductility via grain structure control in Sc／Zr modified Al-Cu-Li alloys by pulsed-laser powder bed fusion,business_gt,unique_strict,Characterization,0,12,4,0.0,0.0,0.0
paper_015,Improving ductility via grain structure control in Sc／Zr modified Al-Cu-Li alloys by pulsed-laser powder bed fusion,business_gt,unique_strict,Properties,2,6,10,0.333333,0.2,0.25
paper_015,Improving ductility via grain structure control in Sc／Zr modified Al-Cu-Li alloys by pulsed-laser powder bed fusion,business_gt,unique_loose,Composition,4,5,5,0.8,0.8,0.8
paper_015,Improving ductility via grain structure control in Sc／Zr modified Al-Cu-Li alloys by pulsed-laser powder bed fusion,business_gt,unique_loose,Processing,7,14,7,0.5,1.0,0.666667
paper_015,Improving ductility via grain structure control in Sc／Zr modified Al-Cu-Li alloys by pulsed-laser powder bed fusion,business_gt,unique_loose,Structure,10,25,18,0.4,0.555556,0.465116
paper_015,Improving ductility via grain structure control in Sc／Zr modified Al-Cu-Li alloys by pulsed-laser powder bed fusion,business_gt,unique_loose,Characterization,1,12,4,0.083333,0.25,0.125
paper_015,Improving ductility via grain structure control in Sc／Zr modified Al-Cu-Li alloys by pulsed-laser powder bed fusion,business_gt,unique_loose,Properties,2,6,10,0.333333,0.2,0.25
paper_015,Improving ductility via grain structure control in Sc／Zr modified Al-Cu-Li alloys by pulsed-laser powder bed fusion,business_gt,raw_strict,Composition,0,5,5,0.0,0.0,0.0
paper_015,Improving ductility via grain structure control in Sc／Zr modified Al-Cu-Li alloys by pulsed-laser powder bed fusion,business_gt,raw_strict,Processing,10,20,10,0.5,1.0,0.666667
paper_015,Improving ductility via grain structure control in Sc／Zr modified Al-Cu-Li alloys by pulsed-laser powder bed fusion,business_gt,raw_strict,Structure,10,34,18,0.294118,0.555556,0.384615
paper_015,Improving ductility via grain structure control in Sc／Zr modified Al-Cu-Li alloys by pulsed-laser powder bed fusion,business_gt,raw_strict,Characterization,0,24,4,0.0,0.0,0.0
paper_015,Improving ductility via grain structure control in Sc／Zr modified Al-Cu-Li alloys by pulsed-laser powder bed fusion,business_gt,raw_strict,Properties,2,6,10,0.333333,0.2,0.25
paper_015,Improving ductility via grain structure control in Sc／Zr modified Al-Cu-Li alloys by pulsed-laser powder bed fusion,business_gt,raw_loose,Composition,4,5,5,0.8,0.8,0.8
paper_015,Improving ductility via grain structure control in Sc／Zr modified Al-Cu-Li alloys by pulsed-laser powder bed fusion,business_gt,raw_loose,Processing,10,20,10,0.5,1.0,0.666667
paper_015,Improving ductility via grain structure control in Sc／Zr modified Al-Cu-Li alloys by pulsed-laser powder bed fusion,business_gt,raw_loose,Structure,10,34,18,0.294118,0.555556,0.384615
paper_015,Improving ductility via grain structure control in Sc／Zr modified Al-Cu-Li alloys by pulsed-laser powder bed fusion,business_gt,raw_loose,Characterization,1,24,4,0.041667,0.25,0.071429
paper_015,Improving ductility via grain structure control in Sc／Zr modified Al-Cu-Li alloys by pulsed-laser powder bed fusion,business_gt,raw_loose,Properties,2,6,10,0.333333,0.2,0.25
paper_015,Improving ductility via grain structure control in Sc／Zr modified Al-Cu-Li alloys by pulsed-laser powder bed fusion,final_v5,unique_strict,Composition,0,10,5,0.0,0.0,0.0
paper_015,Improving ductility via grain structure control in Sc／Zr modified Al-Cu-Li alloys by pulsed-laser powder bed fusion,final_v5,unique_strict,Processing,7,15,7,0.466667,1.0,0.636364
paper_015,Improving ductility via grain structure control in Sc／Zr modified Al-Cu-Li alloys by pulsed-laser powder bed fusion,final_v5,unique_strict,Structure,11,131,18,0.083969,0.611111,0.147651
paper_015,Improving ductility via grain structure control in Sc／Zr modified Al-Cu-Li alloys by pulsed-laser powder bed fusion,final_v5,unique_strict,Characterization,0,10,4,0.0,0.0,0.0
paper_015,Improving ductility via grain structure control in Sc／Zr modified Al-Cu-Li alloys by pulsed-laser powder bed fusion,final_v5,unique_strict,Properties,9,30,10,0.3,0.9,0.45
paper_015,Improving ductility via grain structure control in Sc／Zr modified Al-Cu-Li alloys by pulsed-laser powder bed fusion,final_v5,unique_loose,Composition,4,10,5,0.4,0.8,0.533333
paper_015,Improving ductility via grain structure control in Sc／Zr modified Al-Cu-Li alloys by pulsed-laser powder bed fusion,final_v5,unique_loose,Processing,7,15,7,0.466667,1.0,0.636364
paper_015,Improving ductility via grain structure control in Sc／Zr modified Al-Cu-Li alloys by pulsed-laser powder bed fusion,final_v5,unique_loose,Structure,11,131,18,0.083969,0.611111,0.147651
paper_015,Improving ductility via grain structure control in Sc／Zr modified Al-Cu-Li alloys by pulsed-laser powder bed fusion,final_v5,unique_loose,Characterization,1,10,4,0.1,0.25,0.142857
paper_015,Improving ductility via grain structure control in Sc／Zr modified Al-Cu-Li alloys by pulsed-laser powder bed fusion,final_v5,unique_loose,Properties,10,30,10,0.333333,1.0,0.5
paper_015,Improving ductility via grain structure control in Sc／Zr modified Al-Cu-Li alloys by pulsed-laser powder bed fusion,final_v5,raw_strict,Composition,0,10,5,0.0,0.0,0.0
paper_015,Improving ductility via grain structure control in Sc／Zr modified Al-Cu-Li alloys by pulsed-laser powder bed fusion,final_v5,raw_strict,Processing,10,20,10,0.5,1.0,0.666667
paper_015,Improving ductility via grain structure control in Sc／Zr modified Al-Cu-Li alloys by pulsed-laser powder bed fusion,final_v5,raw_strict,Structure,11,149,18,0.073826,0.611111,0.131737
paper_015,Improving ductility via grain structure control in Sc／Zr modified Al-Cu-Li alloys by pulsed-laser powder bed fusion,final_v5,raw_strict,Characterization,0,20,4,0.0,0.0,0.0
paper_015,Improving ductility via grain structure control in Sc／Zr modified Al-Cu-Li alloys by pulsed-laser powder bed fusion,final_v5,raw_strict,Properties,9,31,10,0.290323,0.9,0.439024
paper_015,Improving ductility via grain structure control in Sc／Zr modified Al-Cu-Li alloys by pulsed-laser powder bed fusion,final_v5,raw_loose,Composition,4,10,5,0.4,0.8,0.533333
paper_015,Improving ductility via grain structure control in Sc／Zr modified Al-Cu-Li alloys by pulsed-laser powder bed fusion,final_v5,raw_loose,Processing,10,20,10,0.5,1.0,0.666667
paper_015,Improving ductility via grain structure control in Sc／Zr modified Al-Cu-Li alloys by pulsed-laser powder bed fusion,final_v5,raw_loose,Structure,11,149,18,0.073826,0.611111,0.131737
paper_015,Improving ductility via grain structure control in Sc／Zr modified Al-Cu-Li alloys by pulsed-laser powder bed fusion,final_v5,raw_loose,Characterization,1,20,4,0.05,0.25,0.083333
paper_015,Improving ductility via grain structure control in Sc／Zr modified Al-Cu-Li alloys by pulsed-laser powder bed fusion,final_v5,raw_loose,Properties,10,31,10,0.322581,1.0,0.487805
paper_016,Improving mechanical properties and machining surface quality in a Fe49Mn30Co10Cr10N1 high-entropy alloy sheet by laser-assisted grinding,business_gt,unique_strict,Composition,0,5,5,0.0,0.0,0.0
paper_016,Improving mechanical properties and machining surface quality in a Fe49Mn30Co10Cr10N1 high-entropy alloy sheet by laser-assisted grinding,business_gt,unique_strict,Processing,7,25,21,0.28,0.333333,0.304348
paper_016,Improving mechanical properties and machining surface quality in a Fe49Mn30Co10Cr10N1 high-entropy alloy sheet by laser-assisted grinding,business_gt,unique_strict,Structure,1,24,19,0.041667,0.052632,0.046512
paper_016,Improving mechanical properties and machining surface quality in a Fe49Mn30Co10Cr10N1 high-entropy alloy sheet by laser-assisted grinding,business_gt,unique_strict,Characterization,0,15,6,0.0,0.0,0.0
paper_016,Improving mechanical properties and machining surface quality in a Fe49Mn30Co10Cr10N1 high-entropy alloy sheet by laser-assisted grinding,business_gt,unique_strict,Properties,21,27,27,0.777778,0.777778,0.777778
paper_016,Improving mechanical properties and machining surface quality in a Fe49Mn30Co10Cr10N1 high-entropy alloy sheet by laser-assisted grinding,business_gt,unique_loose,Composition,5,5,5,1.0,1.0,1.0
paper_016,Improving mechanical properties and machining surface quality in a Fe49Mn30Co10Cr10N1 high-entropy alloy sheet by laser-assisted grinding,business_gt,unique_loose,Processing,10,25,21,0.4,0.47619,0.434783
paper_016,Improving mechanical properties and machining surface quality in a Fe49Mn30Co10Cr10N1 high-entropy alloy sheet by laser-assisted grinding,business_gt,unique_loose,Structure,13,24,19,0.541667,0.684211,0.604651
paper_016,Improving mechanical properties and machining surface quality in a Fe49Mn30Co10Cr10N1 high-entropy alloy sheet by laser-assisted grinding,business_gt,unique_loose,Characterization,0,15,6,0.0,0.0,0.0
paper_016,Improving mechanical properties and machining surface quality in a Fe49Mn30Co10Cr10N1 high-entropy alloy sheet by laser-assisted grinding,business_gt,unique_loose,Properties,26,27,27,0.962963,0.962963,0.962963
paper_016,Improving mechanical properties and machining surface quality in a Fe49Mn30Co10Cr10N1 high-entropy alloy sheet by laser-assisted grinding,business_gt,raw_strict,Composition,0,5,5,0.0,0.0,0.0
paper_016,Improving mechanical properties and machining surface quality in a Fe49Mn30Co10Cr10N1 high-entropy alloy sheet by laser-assisted grinding,business_gt,raw_strict,Processing,10,64,21,0.15625,0.47619,0.235294
paper_016,Improving mechanical properties and machining surface quality in a Fe49Mn30Co10Cr10N1 high-entropy alloy sheet by laser-assisted grinding,business_gt,raw_strict,Structure,1,24,19,0.041667,0.052632,0.046512
paper_016,Improving mechanical properties and machining surface quality in a Fe49Mn30Co10Cr10N1 high-entropy alloy sheet by laser-assisted grinding,business_gt,raw_strict,Characterization,0,39,6,0.0,0.0,0.0
paper_016,Improving mechanical properties and machining surface quality in a Fe49Mn30Co10Cr10N1 high-entropy alloy sheet by laser-assisted grinding,business_gt,raw_strict,Properties,21,27,27,0.777778,0.777778,0.777778
paper_016,Improving mechanical properties and machining surface quality in a Fe49Mn30Co10Cr10N1 high-entropy alloy sheet by laser-assisted grinding,business_gt,raw_loose,Composition,5,5,5,1.0,1.0,1.0
paper_016,Improving mechanical properties and machining surface quality in a Fe49Mn30Co10Cr10N1 high-entropy alloy sheet by laser-assisted grinding,business_gt,raw_loose,Processing,10,64,21,0.15625,0.47619,0.235294
paper_016,Improving mechanical properties and machining surface quality in a Fe49Mn30Co10Cr10N1 high-entropy alloy sheet by laser-assisted grinding,business_gt,raw_loose,Structure,13,24,19,0.541667,0.684211,0.604651
paper_016,Improving mechanical properties and machining surface quality in a Fe49Mn30Co10Cr10N1 high-entropy alloy sheet by laser-assisted grinding,business_gt,raw_loose,Characterization,0,39,6,0.0,0.0,0.0
paper_016,Improving mechanical properties and machining surface quality in a Fe49Mn30Co10Cr10N1 high-entropy alloy sheet by laser-assisted grinding,business_gt,raw_loose,Properties,26,27,27,0.962963,0.962963,0.962963
paper_016,Improving mechanical properties and machining surface quality in a Fe49Mn30Co10Cr10N1 high-entropy alloy sheet by laser-assisted grinding,final_v5,unique_strict,Composition,5,34,5,0.147059,1.0,0.25641
paper_016,Improving mechanical properties and machining surface quality in a Fe49Mn30Co10Cr10N1 high-entropy alloy sheet by laser-assisted grinding,final_v5,unique_strict,Processing,1,16,21,0.0625,0.047619,0.054054
paper_016,Improving mechanical properties and machining surface quality in a Fe49Mn30Co10Cr10N1 high-entropy alloy sheet by laser-assisted grinding,final_v5,unique_strict,Structure,4,74,19,0.054054,0.210526,0.086022
paper_016,Improving mechanical properties and machining surface quality in a Fe49Mn30Co10Cr10N1 high-entropy alloy sheet by laser-assisted grinding,final_v5,unique_strict,Characterization,0,9,6,0.0,0.0,0.0
paper_016,Improving mechanical properties and machining surface quality in a Fe49Mn30Co10Cr10N1 high-entropy alloy sheet by laser-assisted grinding,final_v5,unique_strict,Properties,16,61,27,0.262295,0.592593,0.363636
paper_016,Improving mechanical properties and machining surface quality in a Fe49Mn30Co10Cr10N1 high-entropy alloy sheet by laser-assisted grinding,final_v5,unique_loose,Composition,5,34,5,0.147059,1.0,0.25641
paper_016,Improving mechanical properties and machining surface quality in a Fe49Mn30Co10Cr10N1 high-entropy alloy sheet by laser-assisted grinding,final_v5,unique_loose,Processing,2,16,21,0.125,0.095238,0.108108
paper_016,Improving mechanical properties and machining surface quality in a Fe49Mn30Co10Cr10N1 high-entropy alloy sheet by laser-assisted grinding,final_v5,unique_loose,Structure,12,74,19,0.162162,0.631579,0.258065
paper_016,Improving mechanical properties and machining surface quality in a Fe49Mn30Co10Cr10N1 high-entropy alloy sheet by laser-assisted grinding,final_v5,unique_loose,Characterization,0,9,6,0.0,0.0,0.0
paper_016,Improving mechanical properties and machining surface quality in a Fe49Mn30Co10Cr10N1 high-entropy alloy sheet by laser-assisted grinding,final_v5,unique_loose,Properties,27,61,27,0.442623,1.0,0.613636
paper_016,Improving mechanical properties and machining surface quality in a Fe49Mn30Co10Cr10N1 high-entropy alloy sheet by laser-assisted grinding,final_v5,raw_strict,Composition,5,34,5,0.147059,1.0,0.25641
paper_016,Improving mechanical properties and machining surface quality in a Fe49Mn30Co10Cr10N1 high-entropy alloy sheet by laser-assisted grinding,final_v5,raw_strict,Processing,1,16,21,0.0625,0.047619,0.054054
paper_016,Improving mechanical properties and machining surface quality in a Fe49Mn30Co10Cr10N1 high-entropy alloy sheet by laser-assisted grinding,final_v5,raw_strict,Structure,4,74,19,0.054054,0.210526,0.086022
paper_016,Improving mechanical properties and machining surface quality in a Fe49Mn30Co10Cr10N1 high-entropy alloy sheet by laser-assisted grinding,final_v5,raw_strict,Characterization,0,9,6,0.0,0.0,0.0
paper_016,Improving mechanical properties and machining surface quality in a Fe49Mn30Co10Cr10N1 high-entropy alloy sheet by laser-assisted grinding,final_v5,raw_strict,Properties,16,61,27,0.262295,0.592593,0.363636
paper_016,Improving mechanical properties and machining surface quality in a Fe49Mn30Co10Cr10N1 high-entropy alloy sheet by laser-assisted grinding,final_v5,raw_loose,Composition,5,34,5,0.147059,1.0,0.25641
paper_016,Improving mechanical properties and machining surface quality in a Fe49Mn30Co10Cr10N1 high-entropy alloy sheet by laser-assisted grinding,final_v5,raw_loose,Processing,2,16,21,0.125,0.095238,0.108108
paper_016,Improving mechanical properties and machining surface quality in a Fe49Mn30Co10Cr10N1 high-entropy alloy sheet by laser-assisted grinding,final_v5,raw_loose,Structure,12,74,19,0.162162,0.631579,0.258065
paper_016,Improving mechanical properties and machining surface quality in a Fe49Mn30Co10Cr10N1 high-entropy alloy sheet by laser-assisted grinding,final_v5,raw_loose,Characterization,0,9,6,0.0,0.0,0.0
paper_016,Improving mechanical properties and machining surface quality in a Fe49Mn30Co10Cr10N1 high-entropy alloy sheet by laser-assisted grinding,final_v5,raw_loose,Properties,27,61,27,0.442623,1.0,0.613636
paper_017,In situ tuning of FCC-BCC dual phase and mechanical properties in multi-principal element alloys via laser-aided additive manufacturing,business_gt,unique_strict,Composition,0,33,21,0.0,0.0,0.0
paper_017,In situ tuning of FCC-BCC dual phase and mechanical properties in multi-principal element alloys via laser-aided additive manufacturing,business_gt,unique_strict,Processing,18,78,62,0.230769,0.290323,0.257143
paper_017,In situ tuning of FCC-BCC dual phase and mechanical properties in multi-principal element alloys via laser-aided additive manufacturing,business_gt,unique_strict,Structure,15,28,28,0.535714,0.535714,0.535714
paper_017,In situ tuning of FCC-BCC dual phase and mechanical properties in multi-principal element alloys via laser-aided additive manufacturing,business_gt,unique_strict,Characterization,3,90,5,0.033333,0.6,0.063158
paper_017,In situ tuning of FCC-BCC dual phase and mechanical properties in multi-principal element alloys via laser-aided additive manufacturing,business_gt,unique_strict,Properties,12,15,36,0.8,0.333333,0.470588
paper_017,In situ tuning of FCC-BCC dual phase and mechanical properties in multi-principal element alloys via laser-aided additive manufacturing,business_gt,unique_loose,Composition,3,33,21,0.090909,0.142857,0.111111
paper_017,In situ tuning of FCC-BCC dual phase and mechanical properties in multi-principal element alloys via laser-aided additive manufacturing,business_gt,unique_loose,Processing,18,78,62,0.230769,0.290323,0.257143
paper_017,In situ tuning of FCC-BCC dual phase and mechanical properties in multi-principal element alloys via laser-aided additive manufacturing,business_gt,unique_loose,Structure,15,28,28,0.535714,0.535714,0.535714
paper_017,In situ tuning of FCC-BCC dual phase and mechanical properties in multi-principal element alloys via laser-aided additive manufacturing,business_gt,unique_loose,Characterization,3,90,5,0.033333,0.6,0.063158
paper_017,In situ tuning of FCC-BCC dual phase and mechanical properties in multi-principal element alloys via laser-aided additive manufacturing,business_gt,unique_loose,Properties,12,15,36,0.8,0.333333,0.470588
paper_017,In situ tuning of FCC-BCC dual phase and mechanical properties in multi-principal element alloys via laser-aided additive manufacturing,business_gt,raw_strict,Composition,0,33,21,0.0,0.0,0.0
paper_017,In situ tuning of FCC-BCC dual phase and mechanical properties in multi-principal element alloys via laser-aided additive manufacturing,business_gt,raw_strict,Processing,18,78,62,0.230769,0.290323,0.257143
paper_017,In situ tuning of FCC-BCC dual phase and mechanical properties in multi-principal element alloys via laser-aided additive manufacturing,business_gt,raw_strict,Structure,15,28,28,0.535714,0.535714,0.535714
paper_017,In situ tuning of FCC-BCC dual phase and mechanical properties in multi-principal element alloys via laser-aided additive manufacturing,business_gt,raw_strict,Characterization,3,90,5,0.033333,0.6,0.063158
paper_017,In situ tuning of FCC-BCC dual phase and mechanical properties in multi-principal element alloys via laser-aided additive manufacturing,business_gt,raw_strict,Properties,12,15,36,0.8,0.333333,0.470588
paper_017,In situ tuning of FCC-BCC dual phase and mechanical properties in multi-principal element alloys via laser-aided additive manufacturing,business_gt,raw_loose,Composition,3,33,21,0.090909,0.142857,0.111111
paper_017,In situ tuning of FCC-BCC dual phase and mechanical properties in multi-principal element alloys via laser-aided additive manufacturing,business_gt,raw_loose,Processing,18,78,62,0.230769,0.290323,0.257143
paper_017,In situ tuning of FCC-BCC dual phase and mechanical properties in multi-principal element alloys via laser-aided additive manufacturing,business_gt,raw_loose,Structure,15,28,28,0.535714,0.535714,0.535714
paper_017,In situ tuning of FCC-BCC dual phase and mechanical properties in multi-principal element alloys via laser-aided additive manufacturing,business_gt,raw_loose,Characterization,3,90,5,0.033333,0.6,0.063158
paper_017,In situ tuning of FCC-BCC dual phase and mechanical properties in multi-principal element alloys via laser-aided additive manufacturing,business_gt,raw_loose,Properties,12,15,36,0.8,0.333333,0.470588
paper_017,In situ tuning of FCC-BCC dual phase and mechanical properties in multi-principal element alloys via laser-aided additive manufacturing,final_v5,unique_strict,Composition,12,21,21,0.571429,0.571429,0.571429
paper_017,In situ tuning of FCC-BCC dual phase and mechanical properties in multi-principal element alloys via laser-aided additive manufacturing,final_v5,unique_strict,Processing,0,6,62,0.0,0.0,0.0
paper_017,In situ tuning of FCC-BCC dual phase and mechanical properties in multi-principal element alloys via laser-aided additive manufacturing,final_v5,unique_strict,Structure,13,114,28,0.114035,0.464286,0.183099
paper_017,In situ tuning of FCC-BCC dual phase and mechanical properties in multi-principal element alloys via laser-aided additive manufacturing,final_v5,unique_strict,Characterization,1,30,5,0.033333,0.2,0.057143
paper_017,In situ tuning of FCC-BCC dual phase and mechanical properties in multi-principal element alloys via laser-aided additive manufacturing,final_v5,unique_strict,Properties,10,57,36,0.175439,0.277778,0.215054
paper_017,In situ tuning of FCC-BCC dual phase and mechanical properties in multi-principal element alloys via laser-aided additive manufacturing,final_v5,unique_loose,Composition,21,21,21,1.0,1.0,1.0
paper_017,In situ tuning of FCC-BCC dual phase and mechanical properties in multi-principal element alloys via laser-aided additive manufacturing,final_v5,unique_loose,Processing,0,6,62,0.0,0.0,0.0
paper_017,In situ tuning of FCC-BCC dual phase and mechanical properties in multi-principal element alloys via laser-aided additive manufacturing,final_v5,unique_loose,Structure,14,114,28,0.122807,0.5,0.197183
paper_017,In situ tuning of FCC-BCC dual phase and mechanical properties in multi-principal element alloys via laser-aided additive manufacturing,final_v5,unique_loose,Characterization,2,30,5,0.066667,0.4,0.114286
paper_017,In situ tuning of FCC-BCC dual phase and mechanical properties in multi-principal element alloys via laser-aided additive manufacturing,final_v5,unique_loose,Properties,19,57,36,0.333333,0.527778,0.408602
paper_017,In situ tuning of FCC-BCC dual phase and mechanical properties in multi-principal element alloys via laser-aided additive manufacturing,final_v5,raw_strict,Composition,12,21,21,0.571429,0.571429,0.571429
paper_017,In situ tuning of FCC-BCC dual phase and mechanical properties in multi-principal element alloys via laser-aided additive manufacturing,final_v5,raw_strict,Processing,0,6,62,0.0,0.0,0.0
paper_017,In situ tuning of FCC-BCC dual phase and mechanical properties in multi-principal element alloys via laser-aided additive manufacturing,final_v5,raw_strict,Structure,13,114,28,0.114035,0.464286,0.183099
paper_017,In situ tuning of FCC-BCC dual phase and mechanical properties in multi-principal element alloys via laser-aided additive manufacturing,final_v5,raw_strict,Characterization,1,30,5,0.033333,0.2,0.057143
paper_017,In situ tuning of FCC-BCC dual phase and mechanical properties in multi-principal element alloys via laser-aided additive manufacturing,final_v5,raw_strict,Properties,10,57,36,0.175439,0.277778,0.215054
paper_017,In situ tuning of FCC-BCC dual phase and mechanical properties in multi-principal element alloys via laser-aided additive manufacturing,final_v5,raw_loose,Composition,21,21,21,1.0,1.0,1.0
paper_017,In situ tuning of FCC-BCC dual phase and mechanical properties in multi-principal element alloys via laser-aided additive manufacturing,final_v5,raw_loose,Processing,0,6,62,0.0,0.0,0.0
paper_017,In situ tuning of FCC-BCC dual phase and mechanical properties in multi-principal element alloys via laser-aided additive manufacturing,final_v5,raw_loose,Structure,14,114,28,0.122807,0.5,0.197183
paper_017,In situ tuning of FCC-BCC dual phase and mechanical properties in multi-principal element alloys via laser-aided additive manufacturing,final_v5,raw_loose,Characterization,2,30,5,0.066667,0.4,0.114286
paper_017,In situ tuning of FCC-BCC dual phase and mechanical properties in multi-principal element alloys via laser-aided additive manufacturing,final_v5,raw_loose,Properties,19,57,36,0.333333,0.527778,0.408602
paper_018,Microstructural evolution and formation of fine grains during fatigue crack initiation process of laser powder bed fusion Ni-based superalloy,business_gt,unique_strict,Composition,0,32,37,0.0,0.0,0.0
paper_018,Microstructural evolution and formation of fine grains during fatigue crack initiation process of laser powder bed fusion Ni-based superalloy,business_gt,unique_strict,Processing,0,20,16,0.0,0.0,0.0
paper_018,Microstructural evolution and formation of fine grains during fatigue crack initiation process of laser powder bed fusion Ni-based superalloy,business_gt,unique_strict,Structure,0,43,40,0.0,0.0,0.0
paper_018,Microstructural evolution and formation of fine grains during fatigue crack initiation process of laser powder bed fusion Ni-based superalloy,business_gt,unique_strict,Characterization,0,23,5,0.0,0.0,0.0
paper_018,Microstructural evolution and formation of fine grains during fatigue crack initiation process of laser powder bed fusion Ni-based superalloy,business_gt,unique_strict,Properties,0,26,46,0.0,0.0,0.0
paper_018,Microstructural evolution and formation of fine grains during fatigue crack initiation process of laser powder bed fusion Ni-based superalloy,business_gt,unique_loose,Composition,32,32,37,1.0,0.864865,0.927536
paper_018,Microstructural evolution and formation of fine grains during fatigue crack initiation process of laser powder bed fusion Ni-based superalloy,business_gt,unique_loose,Processing,13,20,16,0.65,0.8125,0.722222
paper_018,Microstructural evolution and formation of fine grains during fatigue crack initiation process of laser powder bed fusion Ni-based superalloy,business_gt,unique_loose,Structure,14,43,40,0.325581,0.35,0.337349
paper_018,Microstructural evolution and formation of fine grains during fatigue crack initiation process of laser powder bed fusion Ni-based superalloy,business_gt,unique_loose,Characterization,4,23,5,0.173913,0.8,0.285714
paper_018,Microstructural evolution and formation of fine grains during fatigue crack initiation process of laser powder bed fusion Ni-based superalloy,business_gt,unique_loose,Properties,14,26,46,0.538462,0.304348,0.388889
paper_018,Microstructural evolution and formation of fine grains during fatigue crack initiation process of laser powder bed fusion Ni-based superalloy,business_gt,raw_strict,Composition,0,32,37,0.0,0.0,0.0
paper_018,Microstructural evolution and formation of fine grains during fatigue crack initiation process of laser powder bed fusion Ni-based superalloy,business_gt,raw_strict,Processing,0,20,17,0.0,0.0,0.0
paper_018,Microstructural evolution and formation of fine grains during fatigue crack initiation process of laser powder bed fusion Ni-based superalloy,business_gt,raw_strict,Structure,0,45,40,0.0,0.0,0.0
paper_018,Microstructural evolution and formation of fine grains during fatigue crack initiation process of laser powder bed fusion Ni-based superalloy,business_gt,raw_strict,Characterization,0,23,5,0.0,0.0,0.0
paper_018,Microstructural evolution and formation of fine grains during fatigue crack initiation process of laser powder bed fusion Ni-based superalloy,business_gt,raw_strict,Properties,0,26,47,0.0,0.0,0.0
paper_018,Microstructural evolution and formation of fine grains during fatigue crack initiation process of laser powder bed fusion Ni-based superalloy,business_gt,raw_loose,Composition,32,32,37,1.0,0.864865,0.927536
paper_018,Microstructural evolution and formation of fine grains during fatigue crack initiation process of laser powder bed fusion Ni-based superalloy,business_gt,raw_loose,Processing,13,20,17,0.65,0.764706,0.702703
paper_018,Microstructural evolution and formation of fine grains during fatigue crack initiation process of laser powder bed fusion Ni-based superalloy,business_gt,raw_loose,Structure,14,45,40,0.311111,0.35,0.329412
paper_018,Microstructural evolution and formation of fine grains during fatigue crack initiation process of laser powder bed fusion Ni-based superalloy,business_gt,raw_loose,Characterization,4,23,5,0.173913,0.8,0.285714
paper_018,Microstructural evolution and formation of fine grains during fatigue crack initiation process of laser powder bed fusion Ni-based superalloy,business_gt,raw_loose,Properties,15,26,47,0.576923,0.319149,0.410959
paper_018,Microstructural evolution and formation of fine grains during fatigue crack initiation process of laser powder bed fusion Ni-based superalloy,final_v5,unique_strict,Composition,5,21,37,0.238095,0.135135,0.172414
paper_018,Microstructural evolution and formation of fine grains during fatigue crack initiation process of laser powder bed fusion Ni-based superalloy,final_v5,unique_strict,Processing,7,26,16,0.269231,0.4375,0.333333
paper_018,Microstructural evolution and formation of fine grains during fatigue crack initiation process of laser powder bed fusion Ni-based superalloy,final_v5,unique_strict,Structure,0,99,40,0.0,0.0,0.0
paper_018,Microstructural evolution and formation of fine grains during fatigue crack initiation process of laser powder bed fusion Ni-based superalloy,final_v5,unique_strict,Characterization,0,24,5,0.0,0.0,0.0
paper_018,Microstructural evolution and formation of fine grains during fatigue crack initiation process of laser powder bed fusion Ni-based superalloy,final_v5,unique_strict,Properties,0,13,46,0.0,0.0,0.0
paper_018,Microstructural evolution and formation of fine grains during fatigue crack initiation process of laser powder bed fusion Ni-based superalloy,final_v5,unique_loose,Composition,21,21,37,1.0,0.567568,0.724138
paper_018,Microstructural evolution and formation of fine grains during fatigue crack initiation process of laser powder bed fusion Ni-based superalloy,final_v5,unique_loose,Processing,11,26,16,0.423077,0.6875,0.52381
paper_018,Microstructural evolution and formation of fine grains during fatigue crack initiation process of laser powder bed fusion Ni-based superalloy,final_v5,unique_loose,Structure,7,99,40,0.070707,0.175,0.100719
paper_018,Microstructural evolution and formation of fine grains during fatigue crack initiation process of laser powder bed fusion Ni-based superalloy,final_v5,unique_loose,Characterization,0,24,5,0.0,0.0,0.0
paper_018,Microstructural evolution and formation of fine grains during fatigue crack initiation process of laser powder bed fusion Ni-based superalloy,final_v5,unique_loose,Properties,6,13,46,0.461538,0.130435,0.20339
paper_018,Microstructural evolution and formation of fine grains during fatigue crack initiation process of laser powder bed fusion Ni-based superalloy,final_v5,raw_strict,Composition,5,21,37,0.238095,0.135135,0.172414
paper_018,Microstructural evolution and formation of fine grains during fatigue crack initiation process of laser powder bed fusion Ni-based superalloy,final_v5,raw_strict,Processing,7,26,17,0.269231,0.411765,0.325581
paper_018,Microstructural evolution and formation of fine grains during fatigue crack initiation process of laser powder bed fusion Ni-based superalloy,final_v5,raw_strict,Structure,0,99,40,0.0,0.0,0.0
paper_018,Microstructural evolution and formation of fine grains during fatigue crack initiation process of laser powder bed fusion Ni-based superalloy,final_v5,raw_strict,Characterization,0,24,5,0.0,0.0,0.0
paper_018,Microstructural evolution and formation of fine grains during fatigue crack initiation process of laser powder bed fusion Ni-based superalloy,final_v5,raw_strict,Properties,0,13,47,0.0,0.0,0.0
paper_018,Microstructural evolution and formation of fine grains during fatigue crack initiation process of laser powder bed fusion Ni-based superalloy,final_v5,raw_loose,Composition,21,21,37,1.0,0.567568,0.724138
paper_018,Microstructural evolution and formation of fine grains during fatigue crack initiation process of laser powder bed fusion Ni-based superalloy,final_v5,raw_loose,Processing,11,26,17,0.423077,0.647059,0.511628
paper_018,Microstructural evolution and formation of fine grains during fatigue crack initiation process of laser powder bed fusion Ni-based superalloy,final_v5,raw_loose,Structure,7,99,40,0.070707,0.175,0.100719
paper_018,Microstructural evolution and formation of fine grains during fatigue crack initiation process of laser powder bed fusion Ni-based superalloy,final_v5,raw_loose,Characterization,0,24,5,0.0,0.0,0.0
paper_018,Microstructural evolution and formation of fine grains during fatigue crack initiation process of laser powder bed fusion Ni-based superalloy,final_v5,raw_loose,Properties,6,13,47,0.461538,0.12766,0.2
paper_019,Microstructural evolution and mechanical properties of differently heat-treated binder jet printed samples from gas- and water-atomized alloy 625 powders,business_gt,unique_strict,Composition,0,38,164,0.0,0.0,0.0
paper_019,Microstructural evolution and mechanical properties of differently heat-treated binder jet printed samples from gas- and water-atomized alloy 625 powders,business_gt,unique_strict,Processing,11,31,22,0.354839,0.5,0.415094
paper_019,Microstructural evolution and mechanical properties of differently heat-treated binder jet printed samples from gas- and water-atomized alloy 625 powders,business_gt,unique_strict,Structure,3,45,98,0.066667,0.030612,0.041958
paper_019,Microstructural evolution and mechanical properties of differently heat-treated binder jet printed samples from gas- and water-atomized alloy 625 powders,business_gt,unique_strict,Characterization,0,14,7,0.0,0.0,0.0
paper_019,Microstructural evolution and mechanical properties of differently heat-treated binder jet printed samples from gas- and water-atomized alloy 625 powders,business_gt,unique_strict,Properties,12,30,40,0.4,0.3,0.342857
paper_019,Microstructural evolution and mechanical properties of differently heat-treated binder jet printed samples from gas- and water-atomized alloy 625 powders,business_gt,unique_loose,Composition,28,38,164,0.736842,0.170732,0.277228
paper_019,Microstructural evolution and mechanical properties of differently heat-treated binder jet printed samples from gas- and water-atomized alloy 625 powders,business_gt,unique_loose,Processing,13,31,22,0.419355,0.590909,0.490566
paper_019,Microstructural evolution and mechanical properties of differently heat-treated binder jet printed samples from gas- and water-atomized alloy 625 powders,business_gt,unique_loose,Structure,35,45,98,0.777778,0.357143,0.48951
paper_019,Microstructural evolution and mechanical properties of differently heat-treated binder jet printed samples from gas- and water-atomized alloy 625 powders,business_gt,unique_loose,Characterization,1,14,7,0.071429,0.142857,0.095238
paper_019,Microstructural evolution and mechanical properties of differently heat-treated binder jet printed samples from gas- and water-atomized alloy 625 powders,business_gt,unique_loose,Properties,16,30,40,0.533333,0.4,0.457143
paper_019,Microstructural evolution and mechanical properties of differently heat-treated binder jet printed samples from gas- and water-atomized alloy 625 powders,business_gt,raw_strict,Composition,0,40,164,0.0,0.0,0.0
paper_019,Microstructural evolution and mechanical properties of differently heat-treated binder jet printed samples from gas- and water-atomized alloy 625 powders,business_gt,raw_strict,Processing,32,140,36,0.228571,0.888889,0.363636
paper_019,Microstructural evolution and mechanical properties of differently heat-treated binder jet printed samples from gas- and water-atomized alloy 625 powders,business_gt,raw_strict,Structure,5,74,98,0.067568,0.05102,0.05814
paper_019,Microstructural evolution and mechanical properties of differently heat-treated binder jet printed samples from gas- and water-atomized alloy 625 powders,business_gt,raw_strict,Characterization,1,36,7,0.027778,0.142857,0.046512
paper_019,Microstructural evolution and mechanical properties of differently heat-treated binder jet printed samples from gas- and water-atomized alloy 625 powders,business_gt,raw_strict,Properties,12,30,40,0.4,0.3,0.342857
paper_019,Microstructural evolution and mechanical properties of differently heat-treated binder jet printed samples from gas- and water-atomized alloy 625 powders,business_gt,raw_loose,Composition,29,40,164,0.725,0.176829,0.284314
paper_019,Microstructural evolution and mechanical properties of differently heat-treated binder jet printed samples from gas- and water-atomized alloy 625 powders,business_gt,raw_loose,Processing,35,140,36,0.25,0.972222,0.397727
paper_019,Microstructural evolution and mechanical properties of differently heat-treated binder jet printed samples from gas- and water-atomized alloy 625 powders,business_gt,raw_loose,Structure,38,74,98,0.513514,0.387755,0.44186
paper_019,Microstructural evolution and mechanical properties of differently heat-treated binder jet printed samples from gas- and water-atomized alloy 625 powders,business_gt,raw_loose,Characterization,1,36,7,0.027778,0.142857,0.046512
paper_019,Microstructural evolution and mechanical properties of differently heat-treated binder jet printed samples from gas- and water-atomized alloy 625 powders,business_gt,raw_loose,Properties,16,30,40,0.533333,0.4,0.457143
paper_019,Microstructural evolution and mechanical properties of differently heat-treated binder jet printed samples from gas- and water-atomized alloy 625 powders,final_v5,unique_strict,Composition,0,70,164,0.0,0.0,0.0
paper_019,Microstructural evolution and mechanical properties of differently heat-treated binder jet printed samples from gas- and water-atomized alloy 625 powders,final_v5,unique_strict,Processing,10,37,22,0.27027,0.454545,0.338983
paper_019,Microstructural evolution and mechanical properties of differently heat-treated binder jet printed samples from gas- and water-atomized alloy 625 powders,final_v5,unique_strict,Structure,55,204,98,0.269608,0.561224,0.364238
paper_019,Microstructural evolution and mechanical properties of differently heat-treated binder jet printed samples from gas- and water-atomized alloy 625 powders,final_v5,unique_strict,Characterization,0,20,7,0.0,0.0,0.0
paper_019,Microstructural evolution and mechanical properties of differently heat-treated binder jet printed samples from gas- and water-atomized alloy 625 powders,final_v5,unique_strict,Properties,6,57,40,0.105263,0.15,0.123711
paper_019,Microstructural evolution and mechanical properties of differently heat-treated binder jet printed samples from gas- and water-atomized alloy 625 powders,final_v5,unique_loose,Composition,31,70,164,0.442857,0.189024,0.264957
paper_019,Microstructural evolution and mechanical properties of differently heat-treated binder jet printed samples from gas- and water-atomized alloy 625 powders,final_v5,unique_loose,Processing,14,37,22,0.378378,0.636364,0.474576
paper_019,Microstructural evolution and mechanical properties of differently heat-treated binder jet printed samples from gas- and water-atomized alloy 625 powders,final_v5,unique_loose,Structure,69,204,98,0.338235,0.704082,0.456954
paper_019,Microstructural evolution and mechanical properties of differently heat-treated binder jet printed samples from gas- and water-atomized alloy 625 powders,final_v5,unique_loose,Characterization,0,20,7,0.0,0.0,0.0
paper_019,Microstructural evolution and mechanical properties of differently heat-treated binder jet printed samples from gas- and water-atomized alloy 625 powders,final_v5,unique_loose,Properties,15,57,40,0.263158,0.375,0.309278
paper_019,Microstructural evolution and mechanical properties of differently heat-treated binder jet printed samples from gas- and water-atomized alloy 625 powders,final_v5,raw_strict,Composition,0,70,164,0.0,0.0,0.0
paper_019,Microstructural evolution and mechanical properties of differently heat-treated binder jet printed samples from gas- and water-atomized alloy 625 powders,final_v5,raw_strict,Processing,20,58,36,0.344828,0.555556,0.425532
paper_019,Microstructural evolution and mechanical properties of differently heat-treated binder jet printed samples from gas- and water-atomized alloy 625 powders,final_v5,raw_strict,Structure,55,208,98,0.264423,0.561224,0.359477
paper_019,Microstructural evolution and mechanical properties of differently heat-treated binder jet printed samples from gas- and water-atomized alloy 625 powders,final_v5,raw_strict,Characterization,0,28,7,0.0,0.0,0.0
paper_019,Microstructural evolution and mechanical properties of differently heat-treated binder jet printed samples from gas- and water-atomized alloy 625 powders,final_v5,raw_strict,Properties,6,57,40,0.105263,0.15,0.123711
paper_019,Microstructural evolution and mechanical properties of differently heat-treated binder jet printed samples from gas- and water-atomized alloy 625 powders,final_v5,raw_loose,Composition,31,70,164,0.442857,0.189024,0.264957
paper_019,Microstructural evolution and mechanical properties of differently heat-treated binder jet printed samples from gas- and water-atomized alloy 625 powders,final_v5,raw_loose,Processing,21,58,36,0.362069,0.583333,0.446809
paper_019,Microstructural evolution and mechanical properties of differently heat-treated binder jet printed samples from gas- and water-atomized alloy 625 powders,final_v5,raw_loose,Structure,69,208,98,0.331731,0.704082,0.45098
paper_019,Microstructural evolution and mechanical properties of differently heat-treated binder jet printed samples from gas- and water-atomized alloy 625 powders,final_v5,raw_loose,Characterization,0,28,7,0.0,0.0,0.0
paper_019,Microstructural evolution and mechanical properties of differently heat-treated binder jet printed samples from gas- and water-atomized alloy 625 powders,final_v5,raw_loose,Properties,15,57,40,0.263158,0.375,0.309278
paper_020,Nanotwinned precipitates induced ultra-strong AlCoCrFeNi_{2.1} eutectic high-entropy alloy through additive manufacturing,business_gt,unique_strict,Composition,0,10,20,0.0,0.0,0.0
paper_020,Nanotwinned precipitates induced ultra-strong AlCoCrFeNi_{2.1} eutectic high-entropy alloy through additive manufacturing,business_gt,unique_strict,Processing,0,20,22,0.0,0.0,0.0
paper_020,Nanotwinned precipitates induced ultra-strong AlCoCrFeNi_{2.1} eutectic high-entropy alloy through additive manufacturing,business_gt,unique_strict,Structure,0,36,28,0.0,0.0,0.0
paper_020,Nanotwinned precipitates induced ultra-strong AlCoCrFeNi_{2.1} eutectic high-entropy alloy through additive manufacturing,business_gt,unique_strict,Characterization,0,23,6,0.0,0.0,0.0
paper_020,Nanotwinned precipitates induced ultra-strong AlCoCrFeNi_{2.1} eutectic high-entropy alloy through additive manufacturing,business_gt,unique_strict,Properties,0,7,13,0.0,0.0,0.0
paper_020,Nanotwinned precipitates induced ultra-strong AlCoCrFeNi_{2.1} eutectic high-entropy alloy through additive manufacturing,business_gt,unique_loose,Composition,10,10,20,1.0,0.5,0.666667
paper_020,Nanotwinned precipitates induced ultra-strong AlCoCrFeNi_{2.1} eutectic high-entropy alloy through additive manufacturing,business_gt,unique_loose,Processing,12,20,22,0.6,0.545455,0.571429
paper_020,Nanotwinned precipitates induced ultra-strong AlCoCrFeNi_{2.1} eutectic high-entropy alloy through additive manufacturing,business_gt,unique_loose,Structure,12,36,28,0.333333,0.428571,0.375
paper_020,Nanotwinned precipitates induced ultra-strong AlCoCrFeNi_{2.1} eutectic high-entropy alloy through additive manufacturing,business_gt,unique_loose,Characterization,3,23,6,0.130435,0.5,0.206897
paper_020,Nanotwinned precipitates induced ultra-strong AlCoCrFeNi_{2.1} eutectic high-entropy alloy through additive manufacturing,business_gt,unique_loose,Properties,7,7,13,1.0,0.538462,0.7
paper_020,Nanotwinned precipitates induced ultra-strong AlCoCrFeNi_{2.1} eutectic high-entropy alloy through additive manufacturing,business_gt,raw_strict,Composition,0,10,20,0.0,0.0,0.0
paper_020,Nanotwinned precipitates induced ultra-strong AlCoCrFeNi_{2.1} eutectic high-entropy alloy through additive manufacturing,business_gt,raw_strict,Processing,0,67,22,0.0,0.0,0.0
paper_020,Nanotwinned precipitates induced ultra-strong AlCoCrFeNi_{2.1} eutectic high-entropy alloy through additive manufacturing,business_gt,raw_strict,Structure,0,36,28,0.0,0.0,0.0
paper_020,Nanotwinned precipitates induced ultra-strong AlCoCrFeNi_{2.1} eutectic high-entropy alloy through additive manufacturing,business_gt,raw_strict,Characterization,0,31,6,0.0,0.0,0.0
paper_020,Nanotwinned precipitates induced ultra-strong AlCoCrFeNi_{2.1} eutectic high-entropy alloy through additive manufacturing,business_gt,raw_strict,Properties,0,7,13,0.0,0.0,0.0
paper_020,Nanotwinned precipitates induced ultra-strong AlCoCrFeNi_{2.1} eutectic high-entropy alloy through additive manufacturing,business_gt,raw_loose,Composition,10,10,20,1.0,0.5,0.666667
paper_020,Nanotwinned precipitates induced ultra-strong AlCoCrFeNi_{2.1} eutectic high-entropy alloy through additive manufacturing,business_gt,raw_loose,Processing,16,67,22,0.238806,0.727273,0.359551
paper_020,Nanotwinned precipitates induced ultra-strong AlCoCrFeNi_{2.1} eutectic high-entropy alloy through additive manufacturing,business_gt,raw_loose,Structure,12,36,28,0.333333,0.428571,0.375
paper_020,Nanotwinned precipitates induced ultra-strong AlCoCrFeNi_{2.1} eutectic high-entropy alloy through additive manufacturing,business_gt,raw_loose,Characterization,3,31,6,0.096774,0.5,0.162162
paper_020,Nanotwinned precipitates induced ultra-strong AlCoCrFeNi_{2.1} eutectic high-entropy alloy through additive manufacturing,business_gt,raw_loose,Properties,7,7,13,1.0,0.538462,0.7
paper_020,Nanotwinned precipitates induced ultra-strong AlCoCrFeNi_{2.1} eutectic high-entropy alloy through additive manufacturing,final_v5,unique_strict,Composition,0,15,20,0.0,0.0,0.0
paper_020,Nanotwinned precipitates induced ultra-strong AlCoCrFeNi_{2.1} eutectic high-entropy alloy through additive manufacturing,final_v5,unique_strict,Processing,0,36,22,0.0,0.0,0.0
paper_020,Nanotwinned precipitates induced ultra-strong AlCoCrFeNi_{2.1} eutectic high-entropy alloy through additive manufacturing,final_v5,unique_strict,Structure,0,100,28,0.0,0.0,0.0
paper_020,Nanotwinned precipitates induced ultra-strong AlCoCrFeNi_{2.1} eutectic high-entropy alloy through additive manufacturing,final_v5,unique_strict,Characterization,0,23,6,0.0,0.0,0.0
paper_020,Nanotwinned precipitates induced ultra-strong AlCoCrFeNi_{2.1} eutectic high-entropy alloy through additive manufacturing,final_v5,unique_strict,Properties,0,15,13,0.0,0.0,0.0
paper_020,Nanotwinned precipitates induced ultra-strong AlCoCrFeNi_{2.1} eutectic high-entropy alloy through additive manufacturing,final_v5,unique_loose,Composition,5,15,20,0.333333,0.25,0.285714
paper_020,Nanotwinned precipitates induced ultra-strong AlCoCrFeNi_{2.1} eutectic high-entropy alloy through additive manufacturing,final_v5,unique_loose,Processing,15,36,22,0.416667,0.681818,0.517241
paper_020,Nanotwinned precipitates induced ultra-strong AlCoCrFeNi_{2.1} eutectic high-entropy alloy through additive manufacturing,final_v5,unique_loose,Structure,16,100,28,0.16,0.571429,0.25
paper_020,Nanotwinned precipitates induced ultra-strong AlCoCrFeNi_{2.1} eutectic high-entropy alloy through additive manufacturing,final_v5,unique_loose,Characterization,0,23,6,0.0,0.0,0.0
paper_020,Nanotwinned precipitates induced ultra-strong AlCoCrFeNi_{2.1} eutectic high-entropy alloy through additive manufacturing,final_v5,unique_loose,Properties,8,15,13,0.533333,0.615385,0.571429
paper_020,Nanotwinned precipitates induced ultra-strong AlCoCrFeNi_{2.1} eutectic high-entropy alloy through additive manufacturing,final_v5,raw_strict,Composition,0,15,20,0.0,0.0,0.0
paper_020,Nanotwinned precipitates induced ultra-strong AlCoCrFeNi_{2.1} eutectic high-entropy alloy through additive manufacturing,final_v5,raw_strict,Processing,0,36,22,0.0,0.0,0.0
paper_020,Nanotwinned precipitates induced ultra-strong AlCoCrFeNi_{2.1} eutectic high-entropy alloy through additive manufacturing,final_v5,raw_strict,Structure,0,100,28,0.0,0.0,0.0
paper_020,Nanotwinned precipitates induced ultra-strong AlCoCrFeNi_{2.1} eutectic high-entropy alloy through additive manufacturing,final_v5,raw_strict,Characterization,0,23,6,0.0,0.0,0.0
paper_020,Nanotwinned precipitates induced ultra-strong AlCoCrFeNi_{2.1} eutectic high-entropy alloy through additive manufacturing,final_v5,raw_strict,Properties,0,15,13,0.0,0.0,0.0
paper_020,Nanotwinned precipitates induced ultra-strong AlCoCrFeNi_{2.1} eutectic high-entropy alloy through additive manufacturing,final_v5,raw_loose,Composition,5,15,20,0.333333,0.25,0.285714
paper_020,Nanotwinned precipitates induced ultra-strong AlCoCrFeNi_{2.1} eutectic high-entropy alloy through additive manufacturing,final_v5,raw_loose,Processing,15,36,22,0.416667,0.681818,0.517241
paper_020,Nanotwinned precipitates induced ultra-strong AlCoCrFeNi_{2.1} eutectic high-entropy alloy through additive manufacturing,final_v5,raw_loose,Structure,16,100,28,0.16,0.571429,0.25
paper_020,Nanotwinned precipitates induced ultra-strong AlCoCrFeNi_{2.1} eutectic high-entropy alloy through additive manufacturing,final_v5,raw_loose,Characterization,0,23,6,0.0,0.0,0.0
paper_020,Nanotwinned precipitates induced ultra-strong AlCoCrFeNi_{2.1} eutectic high-entropy alloy through additive manufacturing,final_v5,raw_loose,Properties,8,15,13,0.533333,0.615385,0.571429
paper_021,On the effect of boron on grain boundary character in a new polycrystalline superalloy,business_gt,unique_strict,Composition,0,72,81,0.0,0.0,0.0
paper_021,On the effect of boron on grain boundary character in a new polycrystalline superalloy,business_gt,unique_strict,Processing,1,60,11,0.016667,0.090909,0.028169
paper_021,On the effect of boron on grain boundary character in a new polycrystalline superalloy,business_gt,unique_strict,Structure,0,49,55,0.0,0.0,0.0
paper_021,On the effect of boron on grain boundary character in a new polycrystalline superalloy,business_gt,unique_strict,Characterization,0,88,7,0.0,0.0,0.0
paper_021,On the effect of boron on grain boundary character in a new polycrystalline superalloy,business_gt,unique_strict,Properties,0,0,6,0.0,0.0,0.0
paper_021,On the effect of boron on grain boundary character in a new polycrystalline superalloy,business_gt,unique_loose,Composition,65,72,81,0.902778,0.802469,0.849673
paper_021,On the effect of boron on grain boundary character in a new polycrystalline superalloy,business_gt,unique_loose,Processing,6,60,11,0.1,0.545455,0.169014
paper_021,On the effect of boron on grain boundary character in a new polycrystalline superalloy,business_gt,unique_loose,Structure,2,49,55,0.040816,0.036364,0.038462
paper_021,On the effect of boron on grain boundary character in a new polycrystalline superalloy,business_gt,unique_loose,Characterization,4,88,7,0.045455,0.571429,0.084211
paper_021,On the effect of boron on grain boundary character in a new polycrystalline superalloy,business_gt,unique_loose,Properties,0,0,6,0.0,0.0,0.0
paper_021,On the effect of boron on grain boundary character in a new polycrystalline superalloy,business_gt,raw_strict,Composition,0,72,88,0.0,0.0,0.0
paper_021,On the effect of boron on grain boundary character in a new polycrystalline superalloy,business_gt,raw_strict,Processing,1,60,12,0.016667,0.083333,0.027778
paper_021,On the effect of boron on grain boundary character in a new polycrystalline superalloy,business_gt,raw_strict,Structure,0,49,55,0.0,0.0,0.0
paper_021,On the effect of boron on grain boundary character in a new polycrystalline superalloy,business_gt,raw_strict,Characterization,0,88,7,0.0,0.0,0.0
paper_021,On the effect of boron on grain boundary character in a new polycrystalline superalloy,business_gt,raw_strict,Properties,0,0,6,0.0,0.0,0.0
paper_021,On the effect of boron on grain boundary character in a new polycrystalline superalloy,business_gt,raw_loose,Composition,72,72,88,1.0,0.818182,0.9
paper_021,On the effect of boron on grain boundary character in a new polycrystalline superalloy,business_gt,raw_loose,Processing,6,60,12,0.1,0.5,0.166667
paper_021,On the effect of boron on grain boundary character in a new polycrystalline superalloy,business_gt,raw_loose,Structure,2,49,55,0.040816,0.036364,0.038462
paper_021,On the effect of boron on grain boundary character in a new polycrystalline superalloy,business_gt,raw_loose,Characterization,4,88,7,0.045455,0.571429,0.084211
paper_021,On the effect of boron on grain boundary character in a new polycrystalline superalloy,business_gt,raw_loose,Properties,0,0,6,0.0,0.0,0.0
paper_021,On the effect of boron on grain boundary character in a new polycrystalline superalloy,final_v5,unique_strict,Composition,22,56,81,0.392857,0.271605,0.321168
paper_021,On the effect of boron on grain boundary character in a new polycrystalline superalloy,final_v5,unique_strict,Processing,0,16,11,0.0,0.0,0.0
paper_021,On the effect of boron on grain boundary character in a new polycrystalline superalloy,final_v5,unique_strict,Structure,0,138,55,0.0,0.0,0.0
paper_021,On the effect of boron on grain boundary character in a new polycrystalline superalloy,final_v5,unique_strict,Characterization,0,29,7,0.0,0.0,0.0
paper_021,On the effect of boron on grain boundary character in a new polycrystalline superalloy,final_v5,unique_strict,Properties,1,6,6,0.166667,0.166667,0.166667
paper_021,On the effect of boron on grain boundary character in a new polycrystalline superalloy,final_v5,unique_loose,Composition,42,56,81,0.75,0.518519,0.613139
paper_021,On the effect of boron on grain boundary character in a new polycrystalline superalloy,final_v5,unique_loose,Processing,5,16,11,0.3125,0.454545,0.37037
paper_021,On the effect of boron on grain boundary character in a new polycrystalline superalloy,final_v5,unique_loose,Structure,3,138,55,0.021739,0.054545,0.031088
paper_021,On the effect of boron on grain boundary character in a new polycrystalline superalloy,final_v5,unique_loose,Characterization,3,29,7,0.103448,0.428571,0.166667
paper_021,On the effect of boron on grain boundary character in a new polycrystalline superalloy,final_v5,unique_loose,Properties,2,6,6,0.333333,0.333333,0.333333
paper_021,On the effect of boron on grain boundary character in a new polycrystalline superalloy,final_v5,raw_strict,Composition,28,56,88,0.5,0.318182,0.388889
paper_021,On the effect of boron on grain boundary character in a new polycrystalline superalloy,final_v5,raw_strict,Processing,0,16,12,0.0,0.0,0.0
paper_021,On the effect of boron on grain boundary character in a new polycrystalline superalloy,final_v5,raw_strict,Structure,0,138,55,0.0,0.0,0.0
paper_021,On the effect of boron on grain boundary character in a new polycrystalline superalloy,final_v5,raw_strict,Characterization,0,29,7,0.0,0.0,0.0
paper_021,On the effect of boron on grain boundary character in a new polycrystalline superalloy,final_v5,raw_strict,Properties,1,6,6,0.166667,0.166667,0.166667
paper_021,On the effect of boron on grain boundary character in a new polycrystalline superalloy,final_v5,raw_loose,Composition,49,56,88,0.875,0.556818,0.680556
paper_021,On the effect of boron on grain boundary character in a new polycrystalline superalloy,final_v5,raw_loose,Processing,5,16,12,0.3125,0.416667,0.357143
paper_021,On the effect of boron on grain boundary character in a new polycrystalline superalloy,final_v5,raw_loose,Structure,3,138,55,0.021739,0.054545,0.031088
paper_021,On the effect of boron on grain boundary character in a new polycrystalline superalloy,final_v5,raw_loose,Characterization,3,29,7,0.103448,0.428571,0.166667
paper_021,On the effect of boron on grain boundary character in a new polycrystalline superalloy,final_v5,raw_loose,Properties,2,6,6,0.333333,0.333333,0.333333
paper_022,Peculiar microstructural evolution and tensile properties of β-containing γ-TiAl alloys fabricated by electron beam melting,business_gt,unique_strict,Composition,3,15,12,0.2,0.25,0.222222
paper_022,Peculiar microstructural evolution and tensile properties of β-containing γ-TiAl alloys fabricated by electron beam melting,business_gt,unique_strict,Processing,0,10,13,0.0,0.0,0.0
paper_022,Peculiar microstructural evolution and tensile properties of β-containing γ-TiAl alloys fabricated by electron beam melting,business_gt,unique_strict,Structure,8,28,21,0.285714,0.380952,0.326531
paper_022,Peculiar microstructural evolution and tensile properties of β-containing γ-TiAl alloys fabricated by electron beam melting,business_gt,unique_strict,Characterization,0,16,10,0.0,0.0,0.0
paper_022,Peculiar microstructural evolution and tensile properties of β-containing γ-TiAl alloys fabricated by electron beam melting,business_gt,unique_strict,Properties,2,11,13,0.181818,0.153846,0.166667
paper_022,Peculiar microstructural evolution and tensile properties of β-containing γ-TiAl alloys fabricated by electron beam melting,business_gt,unique_loose,Composition,9,15,12,0.6,0.75,0.666667
paper_022,Peculiar microstructural evolution and tensile properties of β-containing γ-TiAl alloys fabricated by electron beam melting,business_gt,unique_loose,Processing,1,10,13,0.1,0.076923,0.086957
paper_022,Peculiar microstructural evolution and tensile properties of β-containing γ-TiAl alloys fabricated by electron beam melting,business_gt,unique_loose,Structure,8,28,21,0.285714,0.380952,0.326531
paper_022,Peculiar microstructural evolution and tensile properties of β-containing γ-TiAl alloys fabricated by electron beam melting,business_gt,unique_loose,Characterization,0,16,10,0.0,0.0,0.0
paper_022,Peculiar microstructural evolution and tensile properties of β-containing γ-TiAl alloys fabricated by electron beam melting,business_gt,unique_loose,Properties,3,11,13,0.272727,0.230769,0.25
paper_022,Peculiar microstructural evolution and tensile properties of β-containing γ-TiAl alloys fabricated by electron beam melting,business_gt,raw_strict,Composition,3,35,12,0.085714,0.25,0.12766
paper_022,Peculiar microstructural evolution and tensile properties of β-containing γ-TiAl alloys fabricated by electron beam melting,business_gt,raw_strict,Processing,0,25,13,0.0,0.0,0.0
paper_022,Peculiar microstructural evolution and tensile properties of β-containing γ-TiAl alloys fabricated by electron beam melting,business_gt,raw_strict,Structure,8,40,21,0.2,0.380952,0.262295
paper_022,Peculiar microstructural evolution and tensile properties of β-containing γ-TiAl alloys fabricated by electron beam melting,business_gt,raw_strict,Characterization,0,58,10,0.0,0.0,0.0
paper_022,Peculiar microstructural evolution and tensile properties of β-containing γ-TiAl alloys fabricated by electron beam melting,business_gt,raw_strict,Properties,2,16,13,0.125,0.153846,0.137931
paper_022,Peculiar microstructural evolution and tensile properties of β-containing γ-TiAl alloys fabricated by electron beam melting,business_gt,raw_loose,Composition,9,35,12,0.257143,0.75,0.382979
paper_022,Peculiar microstructural evolution and tensile properties of β-containing γ-TiAl alloys fabricated by electron beam melting,business_gt,raw_loose,Processing,1,25,13,0.04,0.076923,0.052632
paper_022,Peculiar microstructural evolution and tensile properties of β-containing γ-TiAl alloys fabricated by electron beam melting,business_gt,raw_loose,Structure,8,40,21,0.2,0.380952,0.262295
paper_022,Peculiar microstructural evolution and tensile properties of β-containing γ-TiAl alloys fabricated by electron beam melting,business_gt,raw_loose,Characterization,0,58,10,0.0,0.0,0.0
paper_022,Peculiar microstructural evolution and tensile properties of β-containing γ-TiAl alloys fabricated by electron beam melting,business_gt,raw_loose,Properties,3,16,13,0.1875,0.230769,0.206897
paper_022,Peculiar microstructural evolution and tensile properties of β-containing γ-TiAl alloys fabricated by electron beam melting,final_v5,unique_strict,Composition,6,29,12,0.206897,0.5,0.292683
paper_022,Peculiar microstructural evolution and tensile properties of β-containing γ-TiAl alloys fabricated by electron beam melting,final_v5,unique_strict,Processing,0,9,13,0.0,0.0,0.0
paper_022,Peculiar microstructural evolution and tensile properties of β-containing γ-TiAl alloys fabricated by electron beam melting,final_v5,unique_strict,Structure,1,98,21,0.010204,0.047619,0.016807
paper_022,Peculiar microstructural evolution and tensile properties of β-containing γ-TiAl alloys fabricated by electron beam melting,final_v5,unique_strict,Characterization,0,7,10,0.0,0.0,0.0
paper_022,Peculiar microstructural evolution and tensile properties of β-containing γ-TiAl alloys fabricated by electron beam melting,final_v5,unique_strict,Properties,0,13,13,0.0,0.0,0.0
paper_022,Peculiar microstructural evolution and tensile properties of β-containing γ-TiAl alloys fabricated by electron beam melting,final_v5,unique_loose,Composition,12,29,12,0.413793,1.0,0.585366
paper_022,Peculiar microstructural evolution and tensile properties of β-containing γ-TiAl alloys fabricated by electron beam melting,final_v5,unique_loose,Processing,0,9,13,0.0,0.0,0.0
paper_022,Peculiar microstructural evolution and tensile properties of β-containing γ-TiAl alloys fabricated by electron beam melting,final_v5,unique_loose,Structure,5,98,21,0.05102,0.238095,0.084034
paper_022,Peculiar microstructural evolution and tensile properties of β-containing γ-TiAl alloys fabricated by electron beam melting,final_v5,unique_loose,Characterization,0,7,10,0.0,0.0,0.0
paper_022,Peculiar microstructural evolution and tensile properties of β-containing γ-TiAl alloys fabricated by electron beam melting,final_v5,unique_loose,Properties,1,13,13,0.076923,0.076923,0.076923
paper_022,Peculiar microstructural evolution and tensile properties of β-containing γ-TiAl alloys fabricated by electron beam melting,final_v5,raw_strict,Composition,6,30,12,0.2,0.5,0.285714
paper_022,Peculiar microstructural evolution and tensile properties of β-containing γ-TiAl alloys fabricated by electron beam melting,final_v5,raw_strict,Processing,0,11,13,0.0,0.0,0.0
paper_022,Peculiar microstructural evolution and tensile properties of β-containing γ-TiAl alloys fabricated by electron beam melting,final_v5,raw_strict,Structure,1,98,21,0.010204,0.047619,0.016807
paper_022,Peculiar microstructural evolution and tensile properties of β-containing γ-TiAl alloys fabricated by electron beam melting,final_v5,raw_strict,Characterization,0,9,10,0.0,0.0,0.0
paper_022,Peculiar microstructural evolution and tensile properties of β-containing γ-TiAl alloys fabricated by electron beam melting,final_v5,raw_strict,Properties,0,13,13,0.0,0.0,0.0
paper_022,Peculiar microstructural evolution and tensile properties of β-containing γ-TiAl alloys fabricated by electron beam melting,final_v5,raw_loose,Composition,12,30,12,0.4,1.0,0.571429
paper_022,Peculiar microstructural evolution and tensile properties of β-containing γ-TiAl alloys fabricated by electron beam melting,final_v5,raw_loose,Processing,0,11,13,0.0,0.0,0.0
paper_022,Peculiar microstructural evolution and tensile properties of β-containing γ-TiAl alloys fabricated by electron beam melting,final_v5,raw_loose,Structure,5,98,21,0.05102,0.238095,0.084034
paper_022,Peculiar microstructural evolution and tensile properties of β-containing γ-TiAl alloys fabricated by electron beam melting,final_v5,raw_loose,Characterization,0,9,10,0.0,0.0,0.0
paper_022,Peculiar microstructural evolution and tensile properties of β-containing γ-TiAl alloys fabricated by electron beam melting,final_v5,raw_loose,Properties,1,13,13,0.076923,0.076923,0.076923
paper_023,"Powder bed binder jet printed alloy 625: Densification, microstructure and mechanical properties",business_gt,unique_strict,Composition,20,60,120,0.333333,0.166667,0.222222
paper_023,"Powder bed binder jet printed alloy 625: Densification, microstructure and mechanical properties",business_gt,unique_strict,Processing,0,24,26,0.0,0.0,0.0
paper_023,"Powder bed binder jet printed alloy 625: Densification, microstructure and mechanical properties",business_gt,unique_strict,Structure,4,53,54,0.075472,0.074074,0.074766
paper_023,"Powder bed binder jet printed alloy 625: Densification, microstructure and mechanical properties",business_gt,unique_strict,Characterization,0,0,23,0.0,0.0,0.0
paper_023,"Powder bed binder jet printed alloy 625: Densification, microstructure and mechanical properties",business_gt,unique_strict,Properties,0,10,12,0.0,0.0,0.0
paper_023,"Powder bed binder jet printed alloy 625: Densification, microstructure and mechanical properties",business_gt,unique_loose,Composition,35,60,120,0.583333,0.291667,0.388889
paper_023,"Powder bed binder jet printed alloy 625: Densification, microstructure and mechanical properties",business_gt,unique_loose,Processing,13,24,26,0.541667,0.5,0.52
paper_023,"Powder bed binder jet printed alloy 625: Densification, microstructure and mechanical properties",business_gt,unique_loose,Structure,20,53,54,0.377358,0.37037,0.373832
paper_023,"Powder bed binder jet printed alloy 625: Densification, microstructure and mechanical properties",business_gt,unique_loose,Characterization,0,0,23,0.0,0.0,0.0
paper_023,"Powder bed binder jet printed alloy 625: Densification, microstructure and mechanical properties",business_gt,unique_loose,Properties,4,10,12,0.4,0.333333,0.363636
paper_023,"Powder bed binder jet printed alloy 625: Densification, microstructure and mechanical properties",business_gt,raw_strict,Composition,20,132,120,0.151515,0.166667,0.15873
paper_023,"Powder bed binder jet printed alloy 625: Densification, microstructure and mechanical properties",business_gt,raw_strict,Processing,0,128,26,0.0,0.0,0.0
paper_023,"Powder bed binder jet printed alloy 625: Densification, microstructure and mechanical properties",business_gt,raw_strict,Structure,4,53,54,0.075472,0.074074,0.074766
paper_023,"Powder bed binder jet printed alloy 625: Densification, microstructure and mechanical properties",business_gt,raw_strict,Characterization,0,0,23,0.0,0.0,0.0
paper_023,"Powder bed binder jet printed alloy 625: Densification, microstructure and mechanical properties",business_gt,raw_strict,Properties,0,10,12,0.0,0.0,0.0
paper_023,"Powder bed binder jet printed alloy 625: Densification, microstructure and mechanical properties",business_gt,raw_loose,Composition,35,132,120,0.265152,0.291667,0.277778
paper_023,"Powder bed binder jet printed alloy 625: Densification, microstructure and mechanical properties",business_gt,raw_loose,Processing,19,128,26,0.148438,0.730769,0.246753
paper_023,"Powder bed binder jet printed alloy 625: Densification, microstructure and mechanical properties",business_gt,raw_loose,Structure,20,53,54,0.377358,0.37037,0.373832
paper_023,"Powder bed binder jet printed alloy 625: Densification, microstructure and mechanical properties",business_gt,raw_loose,Characterization,0,0,23,0.0,0.0,0.0
paper_023,"Powder bed binder jet printed alloy 625: Densification, microstructure and mechanical properties",business_gt,raw_loose,Properties,4,10,12,0.4,0.333333,0.363636
paper_023,"Powder bed binder jet printed alloy 625: Densification, microstructure and mechanical properties",final_v5,unique_strict,Composition,9,93,120,0.096774,0.075,0.084507
paper_023,"Powder bed binder jet printed alloy 625: Densification, microstructure and mechanical properties",final_v5,unique_strict,Processing,0,8,26,0.0,0.0,0.0
paper_023,"Powder bed binder jet printed alloy 625: Densification, microstructure and mechanical properties",final_v5,unique_strict,Structure,4,73,54,0.054795,0.074074,0.062992
paper_023,"Powder bed binder jet printed alloy 625: Densification, microstructure and mechanical properties",final_v5,unique_strict,Characterization,0,7,23,0.0,0.0,0.0
paper_023,"Powder bed binder jet printed alloy 625: Densification, microstructure and mechanical properties",final_v5,unique_strict,Properties,0,34,12,0.0,0.0,0.0
paper_023,"Powder bed binder jet printed alloy 625: Densification, microstructure and mechanical properties",final_v5,unique_loose,Composition,79,93,120,0.849462,0.658333,0.741784
paper_023,"Powder bed binder jet printed alloy 625: Densification, microstructure and mechanical properties",final_v5,unique_loose,Processing,6,8,26,0.75,0.230769,0.352941
paper_023,"Powder bed binder jet printed alloy 625: Densification, microstructure and mechanical properties",final_v5,unique_loose,Structure,10,73,54,0.136986,0.185185,0.15748
paper_023,"Powder bed binder jet printed alloy 625: Densification, microstructure and mechanical properties",final_v5,unique_loose,Characterization,0,7,23,0.0,0.0,0.0
paper_023,"Powder bed binder jet printed alloy 625: Densification, microstructure and mechanical properties",final_v5,unique_loose,Properties,8,34,12,0.235294,0.666667,0.347826
paper_023,"Powder bed binder jet printed alloy 625: Densification, microstructure and mechanical properties",final_v5,raw_strict,Composition,9,93,120,0.096774,0.075,0.084507
paper_023,"Powder bed binder jet printed alloy 625: Densification, microstructure and mechanical properties",final_v5,raw_strict,Processing,0,13,26,0.0,0.0,0.0
paper_023,"Powder bed binder jet printed alloy 625: Densification, microstructure and mechanical properties",final_v5,raw_strict,Structure,4,75,54,0.053333,0.074074,0.062016
paper_023,"Powder bed binder jet printed alloy 625: Densification, microstructure and mechanical properties",final_v5,raw_strict,Characterization,0,9,23,0.0,0.0,0.0
paper_023,"Powder bed binder jet printed alloy 625: Densification, microstructure and mechanical properties",final_v5,raw_strict,Properties,0,34,12,0.0,0.0,0.0
paper_023,"Powder bed binder jet printed alloy 625: Densification, microstructure and mechanical properties",final_v5,raw_loose,Composition,79,93,120,0.849462,0.658333,0.741784
paper_023,"Powder bed binder jet printed alloy 625: Densification, microstructure and mechanical properties",final_v5,raw_loose,Processing,7,13,26,0.538462,0.269231,0.358974
paper_023,"Powder bed binder jet printed alloy 625: Densification, microstructure and mechanical properties",final_v5,raw_loose,Structure,10,75,54,0.133333,0.185185,0.155039
paper_023,"Powder bed binder jet printed alloy 625: Densification, microstructure and mechanical properties",final_v5,raw_loose,Characterization,0,9,23,0.0,0.0,0.0
paper_023,"Powder bed binder jet printed alloy 625: Densification, microstructure and mechanical properties",final_v5,raw_loose,Properties,8,34,12,0.235294,0.666667,0.347826
paper_024,Powder recycling for electron beam powder bed fusion of TiAl alloy,business_gt,unique_strict,Composition,1,41,16,0.02439,0.0625,0.035088
paper_024,Powder recycling for electron beam powder bed fusion of TiAl alloy,business_gt,unique_strict,Processing,0,20,26,0.0,0.0,0.0
paper_024,Powder recycling for electron beam powder bed fusion of TiAl alloy,business_gt,unique_strict,Structure,0,32,41,0.0,0.0,0.0
paper_024,Powder recycling for electron beam powder bed fusion of TiAl alloy,business_gt,unique_strict,Characterization,0,11,11,0.0,0.0,0.0
paper_024,Powder recycling for electron beam powder bed fusion of TiAl alloy,business_gt,unique_strict,Properties,0,0,4,0.0,0.0,0.0
paper_024,Powder recycling for electron beam powder bed fusion of TiAl alloy,business_gt,unique_loose,Composition,8,41,16,0.195122,0.5,0.280702
paper_024,Powder recycling for electron beam powder bed fusion of TiAl alloy,business_gt,unique_loose,Processing,7,20,26,0.35,0.269231,0.304348
paper_024,Powder recycling for electron beam powder bed fusion of TiAl alloy,business_gt,unique_loose,Structure,3,32,41,0.09375,0.073171,0.082192
paper_024,Powder recycling for electron beam powder bed fusion of TiAl alloy,business_gt,unique_loose,Characterization,0,11,11,0.0,0.0,0.0
paper_024,Powder recycling for electron beam powder bed fusion of TiAl alloy,business_gt,unique_loose,Properties,0,0,4,0.0,0.0,0.0
paper_024,Powder recycling for electron beam powder bed fusion of TiAl alloy,business_gt,raw_strict,Composition,1,46,16,0.021739,0.0625,0.032258
paper_024,Powder recycling for electron beam powder bed fusion of TiAl alloy,business_gt,raw_strict,Processing,0,160,26,0.0,0.0,0.0
paper_024,Powder recycling for electron beam powder bed fusion of TiAl alloy,business_gt,raw_strict,Structure,0,66,41,0.0,0.0,0.0
paper_024,Powder recycling for electron beam powder bed fusion of TiAl alloy,business_gt,raw_strict,Characterization,0,54,11,0.0,0.0,0.0
paper_024,Powder recycling for electron beam powder bed fusion of TiAl alloy,business_gt,raw_strict,Properties,0,0,4,0.0,0.0,0.0
paper_024,Powder recycling for electron beam powder bed fusion of TiAl alloy,business_gt,raw_loose,Composition,8,46,16,0.173913,0.5,0.258065
paper_024,Powder recycling for electron beam powder bed fusion of TiAl alloy,business_gt,raw_loose,Processing,7,160,26,0.04375,0.269231,0.075269
paper_024,Powder recycling for electron beam powder bed fusion of TiAl alloy,business_gt,raw_loose,Structure,4,66,41,0.060606,0.097561,0.074766
paper_024,Powder recycling for electron beam powder bed fusion of TiAl alloy,business_gt,raw_loose,Characterization,0,54,11,0.0,0.0,0.0
paper_024,Powder recycling for electron beam powder bed fusion of TiAl alloy,business_gt,raw_loose,Properties,0,0,4,0.0,0.0,0.0
paper_024,Powder recycling for electron beam powder bed fusion of TiAl alloy,final_v5,unique_strict,Composition,8,77,16,0.103896,0.5,0.172043
paper_024,Powder recycling for electron beam powder bed fusion of TiAl alloy,final_v5,unique_strict,Processing,1,50,26,0.02,0.038462,0.026316
paper_024,Powder recycling for electron beam powder bed fusion of TiAl alloy,final_v5,unique_strict,Structure,1,138,41,0.007246,0.02439,0.011173
paper_024,Powder recycling for electron beam powder bed fusion of TiAl alloy,final_v5,unique_strict,Characterization,0,23,11,0.0,0.0,0.0
paper_024,Powder recycling for electron beam powder bed fusion of TiAl alloy,final_v5,unique_strict,Properties,0,25,4,0.0,0.0,0.0
paper_024,Powder recycling for electron beam powder bed fusion of TiAl alloy,final_v5,unique_loose,Composition,8,77,16,0.103896,0.5,0.172043
paper_024,Powder recycling for electron beam powder bed fusion of TiAl alloy,final_v5,unique_loose,Processing,5,50,26,0.1,0.192308,0.131579
paper_024,Powder recycling for electron beam powder bed fusion of TiAl alloy,final_v5,unique_loose,Structure,1,138,41,0.007246,0.02439,0.011173
paper_024,Powder recycling for electron beam powder bed fusion of TiAl alloy,final_v5,unique_loose,Characterization,0,23,11,0.0,0.0,0.0
paper_024,Powder recycling for electron beam powder bed fusion of TiAl alloy,final_v5,unique_loose,Properties,2,25,4,0.08,0.5,0.137931
paper_024,Powder recycling for electron beam powder bed fusion of TiAl alloy,final_v5,raw_strict,Composition,8,79,16,0.101266,0.5,0.168421
paper_024,Powder recycling for electron beam powder bed fusion of TiAl alloy,final_v5,raw_strict,Processing,1,50,26,0.02,0.038462,0.026316
paper_024,Powder recycling for electron beam powder bed fusion of TiAl alloy,final_v5,raw_strict,Structure,1,157,41,0.006369,0.02439,0.010101
paper_024,Powder recycling for electron beam powder bed fusion of TiAl alloy,final_v5,raw_strict,Characterization,0,26,11,0.0,0.0,0.0
paper_024,Powder recycling for electron beam powder bed fusion of TiAl alloy,final_v5,raw_strict,Properties,0,25,4,0.0,0.0,0.0
paper_024,Powder recycling for electron beam powder bed fusion of TiAl alloy,final_v5,raw_loose,Composition,8,79,16,0.101266,0.5,0.168421
paper_024,Powder recycling for electron beam powder bed fusion of TiAl alloy,final_v5,raw_loose,Processing,5,50,26,0.1,0.192308,0.131579
paper_024,Powder recycling for electron beam powder bed fusion of TiAl alloy,final_v5,raw_loose,Structure,1,157,41,0.006369,0.02439,0.010101
paper_024,Powder recycling for electron beam powder bed fusion of TiAl alloy,final_v5,raw_loose,Characterization,0,26,11,0.0,0.0,0.0
paper_024,Powder recycling for electron beam powder bed fusion of TiAl alloy,final_v5,raw_loose,Properties,2,25,4,0.08,0.5,0.137931
paper_025,Process-Structure-Property Considerations for Wire-Based Directed Energy Deposition of Ti-6Al-4V,business_gt,unique_strict,Composition,3,19,31,0.157895,0.096774,0.12
paper_025,Process-Structure-Property Considerations for Wire-Based Directed Energy Deposition of Ti-6Al-4V,business_gt,unique_strict,Processing,0,20,18,0.0,0.0,0.0
paper_025,Process-Structure-Property Considerations for Wire-Based Directed Energy Deposition of Ti-6Al-4V,business_gt,unique_strict,Structure,4,31,21,0.129032,0.190476,0.153846
paper_025,Process-Structure-Property Considerations for Wire-Based Directed Energy Deposition of Ti-6Al-4V,business_gt,unique_strict,Characterization,0,16,11,0.0,0.0,0.0
paper_025,Process-Structure-Property Considerations for Wire-Based Directed Energy Deposition of Ti-6Al-4V,business_gt,unique_strict,Properties,0,3,24,0.0,0.0,0.0
paper_025,Process-Structure-Property Considerations for Wire-Based Directed Energy Deposition of Ti-6Al-4V,business_gt,unique_loose,Composition,13,19,31,0.684211,0.419355,0.52
paper_025,Process-Structure-Property Considerations for Wire-Based Directed Energy Deposition of Ti-6Al-4V,business_gt,unique_loose,Processing,9,20,18,0.45,0.5,0.473684
paper_025,Process-Structure-Property Considerations for Wire-Based Directed Energy Deposition of Ti-6Al-4V,business_gt,unique_loose,Structure,12,31,21,0.387097,0.571429,0.461538
paper_025,Process-Structure-Property Considerations for Wire-Based Directed Energy Deposition of Ti-6Al-4V,business_gt,unique_loose,Characterization,0,16,11,0.0,0.0,0.0
paper_025,Process-Structure-Property Considerations for Wire-Based Directed Energy Deposition of Ti-6Al-4V,business_gt,unique_loose,Properties,0,3,24,0.0,0.0,0.0
paper_025,Process-Structure-Property Considerations for Wire-Based Directed Energy Deposition of Ti-6Al-4V,business_gt,raw_strict,Composition,3,23,31,0.130435,0.096774,0.111111
paper_025,Process-Structure-Property Considerations for Wire-Based Directed Energy Deposition of Ti-6Al-4V,business_gt,raw_strict,Processing,0,20,18,0.0,0.0,0.0
paper_025,Process-Structure-Property Considerations for Wire-Based Directed Energy Deposition of Ti-6Al-4V,business_gt,raw_strict,Structure,4,36,21,0.111111,0.190476,0.140351
paper_025,Process-Structure-Property Considerations for Wire-Based Directed Energy Deposition of Ti-6Al-4V,business_gt,raw_strict,Characterization,0,46,11,0.0,0.0,0.0
paper_025,Process-Structure-Property Considerations for Wire-Based Directed Energy Deposition of Ti-6Al-4V,business_gt,raw_strict,Properties,0,3,24,0.0,0.0,0.0
paper_025,Process-Structure-Property Considerations for Wire-Based Directed Energy Deposition of Ti-6Al-4V,business_gt,raw_loose,Composition,15,23,31,0.652174,0.483871,0.555556
paper_025,Process-Structure-Property Considerations for Wire-Based Directed Energy Deposition of Ti-6Al-4V,business_gt,raw_loose,Processing,9,20,18,0.45,0.5,0.473684
paper_025,Process-Structure-Property Considerations for Wire-Based Directed Energy Deposition of Ti-6Al-4V,business_gt,raw_loose,Structure,14,36,21,0.388889,0.666667,0.491228
paper_025,Process-Structure-Property Considerations for Wire-Based Directed Energy Deposition of Ti-6Al-4V,business_gt,raw_loose,Characterization,0,46,11,0.0,0.0,0.0
paper_025,Process-Structure-Property Considerations for Wire-Based Directed Energy Deposition of Ti-6Al-4V,business_gt,raw_loose,Properties,0,3,24,0.0,0.0,0.0
paper_025,Process-Structure-Property Considerations for Wire-Based Directed Energy Deposition of Ti-6Al-4V,final_v5,unique_strict,Composition,9,42,31,0.214286,0.290323,0.246575
paper_025,Process-Structure-Property Considerations for Wire-Based Directed Energy Deposition of Ti-6Al-4V,final_v5,unique_strict,Processing,5,30,18,0.166667,0.277778,0.208333
paper_025,Process-Structure-Property Considerations for Wire-Based Directed Energy Deposition of Ti-6Al-4V,final_v5,unique_strict,Structure,8,133,21,0.06015,0.380952,0.103896
paper_025,Process-Structure-Property Considerations for Wire-Based Directed Energy Deposition of Ti-6Al-4V,final_v5,unique_strict,Characterization,0,23,11,0.0,0.0,0.0
paper_025,Process-Structure-Property Considerations for Wire-Based Directed Energy Deposition of Ti-6Al-4V,final_v5,unique_strict,Properties,0,45,24,0.0,0.0,0.0
paper_025,Process-Structure-Property Considerations for Wire-Based Directed Energy Deposition of Ti-6Al-4V,final_v5,unique_loose,Composition,17,42,31,0.404762,0.548387,0.465753
paper_025,Process-Structure-Property Considerations for Wire-Based Directed Energy Deposition of Ti-6Al-4V,final_v5,unique_loose,Processing,5,30,18,0.166667,0.277778,0.208333
paper_025,Process-Structure-Property Considerations for Wire-Based Directed Energy Deposition of Ti-6Al-4V,final_v5,unique_loose,Structure,8,133,21,0.06015,0.380952,0.103896
paper_025,Process-Structure-Property Considerations for Wire-Based Directed Energy Deposition of Ti-6Al-4V,final_v5,unique_loose,Characterization,0,23,11,0.0,0.0,0.0
paper_025,Process-Structure-Property Considerations for Wire-Based Directed Energy Deposition of Ti-6Al-4V,final_v5,unique_loose,Properties,2,45,24,0.044444,0.083333,0.057971
paper_025,Process-Structure-Property Considerations for Wire-Based Directed Energy Deposition of Ti-6Al-4V,final_v5,raw_strict,Composition,9,42,31,0.214286,0.290323,0.246575
paper_025,Process-Structure-Property Considerations for Wire-Based Directed Energy Deposition of Ti-6Al-4V,final_v5,raw_strict,Processing,5,30,18,0.166667,0.277778,0.208333
paper_025,Process-Structure-Property Considerations for Wire-Based Directed Energy Deposition of Ti-6Al-4V,final_v5,raw_strict,Structure,8,133,21,0.06015,0.380952,0.103896
paper_025,Process-Structure-Property Considerations for Wire-Based Directed Energy Deposition of Ti-6Al-4V,final_v5,raw_strict,Characterization,0,23,11,0.0,0.0,0.0
paper_025,Process-Structure-Property Considerations for Wire-Based Directed Energy Deposition of Ti-6Al-4V,final_v5,raw_strict,Properties,0,45,24,0.0,0.0,0.0
paper_025,Process-Structure-Property Considerations for Wire-Based Directed Energy Deposition of Ti-6Al-4V,final_v5,raw_loose,Composition,17,42,31,0.404762,0.548387,0.465753
paper_025,Process-Structure-Property Considerations for Wire-Based Directed Energy Deposition of Ti-6Al-4V,final_v5,raw_loose,Processing,5,30,18,0.166667,0.277778,0.208333
paper_025,Process-Structure-Property Considerations for Wire-Based Directed Energy Deposition of Ti-6Al-4V,final_v5,raw_loose,Structure,8,133,21,0.06015,0.380952,0.103896
paper_025,Process-Structure-Property Considerations for Wire-Based Directed Energy Deposition of Ti-6Al-4V,final_v5,raw_loose,Characterization,0,23,11,0.0,0.0,0.0
paper_025,Process-Structure-Property Considerations for Wire-Based Directed Energy Deposition of Ti-6Al-4V,final_v5,raw_loose,Properties,2,45,24,0.044444,0.083333,0.057971
paper_026,Strain controlled fatigue behaviour of a wire + arc additive manufactured Ti-6Al-4V,business_gt,unique_strict,Composition,0,0,0,1.0,1.0,1.0
paper_026,Strain controlled fatigue behaviour of a wire + arc additive manufactured Ti-6Al-4V,business_gt,unique_strict,Processing,0,7,13,0.0,0.0,0.0
paper_026,Strain controlled fatigue behaviour of a wire + arc additive manufactured Ti-6Al-4V,business_gt,unique_strict,Structure,1,11,9,0.090909,0.111111,0.1
paper_026,Strain controlled fatigue behaviour of a wire + arc additive manufactured Ti-6Al-4V,business_gt,unique_strict,Characterization,0,18,17,0.0,0.0,0.0
paper_026,Strain controlled fatigue behaviour of a wire + arc additive manufactured Ti-6Al-4V,business_gt,unique_strict,Properties,0,22,30,0.0,0.0,0.0
paper_026,Strain controlled fatigue behaviour of a wire + arc additive manufactured Ti-6Al-4V,business_gt,unique_loose,Composition,0,0,0,1.0,1.0,1.0
paper_026,Strain controlled fatigue behaviour of a wire + arc additive manufactured Ti-6Al-4V,business_gt,unique_loose,Processing,3,7,13,0.428571,0.230769,0.3
paper_026,Strain controlled fatigue behaviour of a wire + arc additive manufactured Ti-6Al-4V,business_gt,unique_loose,Structure,4,11,9,0.363636,0.444444,0.4
paper_026,Strain controlled fatigue behaviour of a wire + arc additive manufactured Ti-6Al-4V,business_gt,unique_loose,Characterization,0,18,17,0.0,0.0,0.0
paper_026,Strain controlled fatigue behaviour of a wire + arc additive manufactured Ti-6Al-4V,business_gt,unique_loose,Properties,16,22,30,0.727273,0.533333,0.615385
paper_026,Strain controlled fatigue behaviour of a wire + arc additive manufactured Ti-6Al-4V,business_gt,raw_strict,Composition,0,0,0,1.0,1.0,1.0
paper_026,Strain controlled fatigue behaviour of a wire + arc additive manufactured Ti-6Al-4V,business_gt,raw_strict,Processing,0,14,13,0.0,0.0,0.0
paper_026,Strain controlled fatigue behaviour of a wire + arc additive manufactured Ti-6Al-4V,business_gt,raw_strict,Structure,1,11,9,0.090909,0.111111,0.1
paper_026,Strain controlled fatigue behaviour of a wire + arc additive manufactured Ti-6Al-4V,business_gt,raw_strict,Characterization,0,36,17,0.0,0.0,0.0
paper_026,Strain controlled fatigue behaviour of a wire + arc additive manufactured Ti-6Al-4V,business_gt,raw_strict,Properties,0,22,30,0.0,0.0,0.0
paper_026,Strain controlled fatigue behaviour of a wire + arc additive manufactured Ti-6Al-4V,business_gt,raw_loose,Composition,0,0,0,1.0,1.0,1.0
paper_026,Strain controlled fatigue behaviour of a wire + arc additive manufactured Ti-6Al-4V,business_gt,raw_loose,Processing,3,14,13,0.214286,0.230769,0.222222
paper_026,Strain controlled fatigue behaviour of a wire + arc additive manufactured Ti-6Al-4V,business_gt,raw_loose,Structure,4,11,9,0.363636,0.444444,0.4
paper_026,Strain controlled fatigue behaviour of a wire + arc additive manufactured Ti-6Al-4V,business_gt,raw_loose,Characterization,0,36,17,0.0,0.0,0.0
paper_026,Strain controlled fatigue behaviour of a wire + arc additive manufactured Ti-6Al-4V,business_gt,raw_loose,Properties,16,22,30,0.727273,0.533333,0.615385
paper_026,Strain controlled fatigue behaviour of a wire + arc additive manufactured Ti-6Al-4V,final_v5,unique_strict,Composition,0,0,0,1.0,1.0,1.0
paper_026,Strain controlled fatigue behaviour of a wire + arc additive manufactured Ti-6Al-4V,final_v5,unique_strict,Processing,0,2,13,0.0,0.0,0.0
paper_026,Strain controlled fatigue behaviour of a wire + arc additive manufactured Ti-6Al-4V,final_v5,unique_strict,Structure,0,69,9,0.0,0.0,0.0
paper_026,Strain controlled fatigue behaviour of a wire + arc additive manufactured Ti-6Al-4V,final_v5,unique_strict,Characterization,0,2,17,0.0,0.0,0.0
paper_026,Strain controlled fatigue behaviour of a wire + arc additive manufactured Ti-6Al-4V,final_v5,unique_strict,Properties,0,67,30,0.0,0.0,0.0
paper_026,Strain controlled fatigue behaviour of a wire + arc additive manufactured Ti-6Al-4V,final_v5,unique_loose,Composition,0,0,0,1.0,1.0,1.0
paper_026,Strain controlled fatigue behaviour of a wire + arc additive manufactured Ti-6Al-4V,final_v5,unique_loose,Processing,0,2,13,0.0,0.0,0.0
paper_026,Strain controlled fatigue behaviour of a wire + arc additive manufactured Ti-6Al-4V,final_v5,unique_loose,Structure,0,69,9,0.0,0.0,0.0
paper_026,Strain controlled fatigue behaviour of a wire + arc additive manufactured Ti-6Al-4V,final_v5,unique_loose,Characterization,0,2,17,0.0,0.0,0.0
paper_026,Strain controlled fatigue behaviour of a wire + arc additive manufactured Ti-6Al-4V,final_v5,unique_loose,Properties,12,67,30,0.179104,0.4,0.247423
paper_026,Strain controlled fatigue behaviour of a wire + arc additive manufactured Ti-6Al-4V,final_v5,raw_strict,Composition,0,0,0,1.0,1.0,1.0
paper_026,Strain controlled fatigue behaviour of a wire + arc additive manufactured Ti-6Al-4V,final_v5,raw_strict,Processing,0,2,13,0.0,0.0,0.0
paper_026,Strain controlled fatigue behaviour of a wire + arc additive manufactured Ti-6Al-4V,final_v5,raw_strict,Structure,0,69,9,0.0,0.0,0.0
paper_026,Strain controlled fatigue behaviour of a wire + arc additive manufactured Ti-6Al-4V,final_v5,raw_strict,Characterization,0,2,17,0.0,0.0,0.0
paper_026,Strain controlled fatigue behaviour of a wire + arc additive manufactured Ti-6Al-4V,final_v5,raw_strict,Properties,0,67,30,0.0,0.0,0.0
paper_026,Strain controlled fatigue behaviour of a wire + arc additive manufactured Ti-6Al-4V,final_v5,raw_loose,Composition,0,0,0,1.0,1.0,1.0
paper_026,Strain controlled fatigue behaviour of a wire + arc additive manufactured Ti-6Al-4V,final_v5,raw_loose,Processing,0,2,13,0.0,0.0,0.0
paper_026,Strain controlled fatigue behaviour of a wire + arc additive manufactured Ti-6Al-4V,final_v5,raw_loose,Structure,0,69,9,0.0,0.0,0.0
paper_026,Strain controlled fatigue behaviour of a wire + arc additive manufactured Ti-6Al-4V,final_v5,raw_loose,Characterization,0,2,17,0.0,0.0,0.0
paper_026,Strain controlled fatigue behaviour of a wire + arc additive manufactured Ti-6Al-4V,final_v5,raw_loose,Properties,12,67,30,0.179104,0.4,0.247423
paper_027,Superior corrosion resistance and its origins in an additively manufactured Co-Cr-Ni-Al-Ti high-entropy alloy with nano-lamellar precipitates,business_gt,unique_strict,Composition,5,15,18,0.333333,0.277778,0.30303
paper_027,Superior corrosion resistance and its origins in an additively manufactured Co-Cr-Ni-Al-Ti high-entropy alloy with nano-lamellar precipitates,business_gt,unique_strict,Processing,7,11,9,0.636364,0.777778,0.7
paper_027,Superior corrosion resistance and its origins in an additively manufactured Co-Cr-Ni-Al-Ti high-entropy alloy with nano-lamellar precipitates,business_gt,unique_strict,Structure,3,20,18,0.15,0.166667,0.157895
paper_027,Superior corrosion resistance and its origins in an additively manufactured Co-Cr-Ni-Al-Ti high-entropy alloy with nano-lamellar precipitates,business_gt,unique_strict,Characterization,0,0,14,0.0,0.0,0.0
paper_027,Superior corrosion resistance and its origins in an additively manufactured Co-Cr-Ni-Al-Ti high-entropy alloy with nano-lamellar precipitates,business_gt,unique_strict,Properties,2,22,24,0.090909,0.083333,0.086957
paper_027,Superior corrosion resistance and its origins in an additively manufactured Co-Cr-Ni-Al-Ti high-entropy alloy with nano-lamellar precipitates,business_gt,unique_loose,Composition,15,15,18,1.0,0.833333,0.909091
paper_027,Superior corrosion resistance and its origins in an additively manufactured Co-Cr-Ni-Al-Ti high-entropy alloy with nano-lamellar precipitates,business_gt,unique_loose,Processing,7,11,9,0.636364,0.777778,0.7
paper_027,Superior corrosion resistance and its origins in an additively manufactured Co-Cr-Ni-Al-Ti high-entropy alloy with nano-lamellar precipitates,business_gt,unique_loose,Structure,7,20,18,0.35,0.388889,0.368421
paper_027,Superior corrosion resistance and its origins in an additively manufactured Co-Cr-Ni-Al-Ti high-entropy alloy with nano-lamellar precipitates,business_gt,unique_loose,Characterization,0,0,14,0.0,0.0,0.0
paper_027,Superior corrosion resistance and its origins in an additively manufactured Co-Cr-Ni-Al-Ti high-entropy alloy with nano-lamellar precipitates,business_gt,unique_loose,Properties,6,22,24,0.272727,0.25,0.26087
paper_027,Superior corrosion resistance and its origins in an additively manufactured Co-Cr-Ni-Al-Ti high-entropy alloy with nano-lamellar precipitates,business_gt,raw_strict,Composition,5,15,18,0.333333,0.277778,0.30303
paper_027,Superior corrosion resistance and its origins in an additively manufactured Co-Cr-Ni-Al-Ti high-entropy alloy with nano-lamellar precipitates,business_gt,raw_strict,Processing,7,18,9,0.388889,0.777778,0.518519
paper_027,Superior corrosion resistance and its origins in an additively manufactured Co-Cr-Ni-Al-Ti high-entropy alloy with nano-lamellar precipitates,business_gt,raw_strict,Structure,3,20,18,0.15,0.166667,0.157895
paper_027,Superior corrosion resistance and its origins in an additively manufactured Co-Cr-Ni-Al-Ti high-entropy alloy with nano-lamellar precipitates,business_gt,raw_strict,Characterization,0,0,14,0.0,0.0,0.0
paper_027,Superior corrosion resistance and its origins in an additively manufactured Co-Cr-Ni-Al-Ti high-entropy alloy with nano-lamellar precipitates,business_gt,raw_strict,Properties,2,22,24,0.090909,0.083333,0.086957
paper_027,Superior corrosion resistance and its origins in an additively manufactured Co-Cr-Ni-Al-Ti high-entropy alloy with nano-lamellar precipitates,business_gt,raw_loose,Composition,15,15,18,1.0,0.833333,0.909091
paper_027,Superior corrosion resistance and its origins in an additively manufactured Co-Cr-Ni-Al-Ti high-entropy alloy with nano-lamellar precipitates,business_gt,raw_loose,Processing,7,18,9,0.388889,0.777778,0.518519
paper_027,Superior corrosion resistance and its origins in an additively manufactured Co-Cr-Ni-Al-Ti high-entropy alloy with nano-lamellar precipitates,business_gt,raw_loose,Structure,7,20,18,0.35,0.388889,0.368421
paper_027,Superior corrosion resistance and its origins in an additively manufactured Co-Cr-Ni-Al-Ti high-entropy alloy with nano-lamellar precipitates,business_gt,raw_loose,Characterization,0,0,14,0.0,0.0,0.0
paper_027,Superior corrosion resistance and its origins in an additively manufactured Co-Cr-Ni-Al-Ti high-entropy alloy with nano-lamellar precipitates,business_gt,raw_loose,Properties,6,22,24,0.272727,0.25,0.26087
paper_027,Superior corrosion resistance and its origins in an additively manufactured Co-Cr-Ni-Al-Ti high-entropy alloy with nano-lamellar precipitates,final_v5,unique_strict,Composition,10,35,18,0.285714,0.555556,0.377358
paper_027,Superior corrosion resistance and its origins in an additively manufactured Co-Cr-Ni-Al-Ti high-entropy alloy with nano-lamellar precipitates,final_v5,unique_strict,Processing,0,13,9,0.0,0.0,0.0
paper_027,Superior corrosion resistance and its origins in an additively manufactured Co-Cr-Ni-Al-Ti high-entropy alloy with nano-lamellar precipitates,final_v5,unique_strict,Structure,6,118,18,0.050847,0.333333,0.088235
paper_027,Superior corrosion resistance and its origins in an additively manufactured Co-Cr-Ni-Al-Ti high-entropy alloy with nano-lamellar precipitates,final_v5,unique_strict,Characterization,0,49,14,0.0,0.0,0.0
paper_027,Superior corrosion resistance and its origins in an additively manufactured Co-Cr-Ni-Al-Ti high-entropy alloy with nano-lamellar precipitates,final_v5,unique_strict,Properties,0,45,24,0.0,0.0,0.0
paper_027,Superior corrosion resistance and its origins in an additively manufactured Co-Cr-Ni-Al-Ti high-entropy alloy with nano-lamellar precipitates,final_v5,unique_loose,Composition,15,35,18,0.428571,0.833333,0.566038
paper_027,Superior corrosion resistance and its origins in an additively manufactured Co-Cr-Ni-Al-Ti high-entropy alloy with nano-lamellar precipitates,final_v5,unique_loose,Processing,5,13,9,0.384615,0.555556,0.454545
paper_027,Superior corrosion resistance and its origins in an additively manufactured Co-Cr-Ni-Al-Ti high-entropy alloy with nano-lamellar precipitates,final_v5,unique_loose,Structure,8,118,18,0.067797,0.444444,0.117647
paper_027,Superior corrosion resistance and its origins in an additively manufactured Co-Cr-Ni-Al-Ti high-entropy alloy with nano-lamellar precipitates,final_v5,unique_loose,Characterization,0,49,14,0.0,0.0,0.0
paper_027,Superior corrosion resistance and its origins in an additively manufactured Co-Cr-Ni-Al-Ti high-entropy alloy with nano-lamellar precipitates,final_v5,unique_loose,Properties,2,45,24,0.044444,0.083333,0.057971
paper_027,Superior corrosion resistance and its origins in an additively manufactured Co-Cr-Ni-Al-Ti high-entropy alloy with nano-lamellar precipitates,final_v5,raw_strict,Composition,10,35,18,0.285714,0.555556,0.377358
paper_027,Superior corrosion resistance and its origins in an additively manufactured Co-Cr-Ni-Al-Ti high-entropy alloy with nano-lamellar precipitates,final_v5,raw_strict,Processing,0,13,9,0.0,0.0,0.0
paper_027,Superior corrosion resistance and its origins in an additively manufactured Co-Cr-Ni-Al-Ti high-entropy alloy with nano-lamellar precipitates,final_v5,raw_strict,Structure,6,119,18,0.05042,0.333333,0.087591
paper_027,Superior corrosion resistance and its origins in an additively manufactured Co-Cr-Ni-Al-Ti high-entropy alloy with nano-lamellar precipitates,final_v5,raw_strict,Characterization,0,49,14,0.0,0.0,0.0
paper_027,Superior corrosion resistance and its origins in an additively manufactured Co-Cr-Ni-Al-Ti high-entropy alloy with nano-lamellar precipitates,final_v5,raw_strict,Properties,0,45,24,0.0,0.0,0.0
paper_027,Superior corrosion resistance and its origins in an additively manufactured Co-Cr-Ni-Al-Ti high-entropy alloy with nano-lamellar precipitates,final_v5,raw_loose,Composition,15,35,18,0.428571,0.833333,0.566038
paper_027,Superior corrosion resistance and its origins in an additively manufactured Co-Cr-Ni-Al-Ti high-entropy alloy with nano-lamellar precipitates,final_v5,raw_loose,Processing,5,13,9,0.384615,0.555556,0.454545
paper_027,Superior corrosion resistance and its origins in an additively manufactured Co-Cr-Ni-Al-Ti high-entropy alloy with nano-lamellar precipitates,final_v5,raw_loose,Structure,8,119,18,0.067227,0.444444,0.116788
paper_027,Superior corrosion resistance and its origins in an additively manufactured Co-Cr-Ni-Al-Ti high-entropy alloy with nano-lamellar precipitates,final_v5,raw_loose,Characterization,0,49,14,0.0,0.0,0.0
paper_027,Superior corrosion resistance and its origins in an additively manufactured Co-Cr-Ni-Al-Ti high-entropy alloy with nano-lamellar precipitates,final_v5,raw_loose,Properties,2,45,24,0.044444,0.083333,0.057971
paper_028,Tailoring thickness debit for high-temperature fatigue resistance of Inconel 718 superalloy fabricated by laser powder bed fusion,business_gt,unique_strict,Composition,0,0,0,1.0,1.0,1.0
paper_028,Tailoring thickness debit for high-temperature fatigue resistance of Inconel 718 superalloy fabricated by laser powder bed fusion,business_gt,unique_strict,Processing,3,26,23,0.115385,0.130435,0.122449
paper_028,Tailoring thickness debit for high-temperature fatigue resistance of Inconel 718 superalloy fabricated by laser powder bed fusion,business_gt,unique_strict,Structure,0,23,14,0.0,0.0,0.0
paper_028,Tailoring thickness debit for high-temperature fatigue resistance of Inconel 718 superalloy fabricated by laser powder bed fusion,business_gt,unique_strict,Characterization,0,19,3,0.0,0.0,0.0
paper_028,Tailoring thickness debit for high-temperature fatigue resistance of Inconel 718 superalloy fabricated by laser powder bed fusion,business_gt,unique_strict,Properties,6,6,24,1.0,0.25,0.4
paper_028,Tailoring thickness debit for high-temperature fatigue resistance of Inconel 718 superalloy fabricated by laser powder bed fusion,business_gt,unique_loose,Composition,0,0,0,1.0,1.0,1.0
paper_028,Tailoring thickness debit for high-temperature fatigue resistance of Inconel 718 superalloy fabricated by laser powder bed fusion,business_gt,unique_loose,Processing,12,26,23,0.461538,0.521739,0.489796
paper_028,Tailoring thickness debit for high-temperature fatigue resistance of Inconel 718 superalloy fabricated by laser powder bed fusion,business_gt,unique_loose,Structure,5,23,14,0.217391,0.357143,0.27027
paper_028,Tailoring thickness debit for high-temperature fatigue resistance of Inconel 718 superalloy fabricated by laser powder bed fusion,business_gt,unique_loose,Characterization,0,19,3,0.0,0.0,0.0
paper_028,Tailoring thickness debit for high-temperature fatigue resistance of Inconel 718 superalloy fabricated by laser powder bed fusion,business_gt,unique_loose,Properties,6,6,24,1.0,0.25,0.4
paper_028,Tailoring thickness debit for high-temperature fatigue resistance of Inconel 718 superalloy fabricated by laser powder bed fusion,business_gt,raw_strict,Composition,0,0,0,1.0,1.0,1.0
paper_028,Tailoring thickness debit for high-temperature fatigue resistance of Inconel 718 superalloy fabricated by laser powder bed fusion,business_gt,raw_strict,Processing,4,50,23,0.08,0.173913,0.109589
paper_028,Tailoring thickness debit for high-temperature fatigue resistance of Inconel 718 superalloy fabricated by laser powder bed fusion,business_gt,raw_strict,Structure,0,23,14,0.0,0.0,0.0
paper_028,Tailoring thickness debit for high-temperature fatigue resistance of Inconel 718 superalloy fabricated by laser powder bed fusion,business_gt,raw_strict,Characterization,0,38,3,0.0,0.0,0.0
paper_028,Tailoring thickness debit for high-temperature fatigue resistance of Inconel 718 superalloy fabricated by laser powder bed fusion,business_gt,raw_strict,Properties,6,6,24,1.0,0.25,0.4
paper_028,Tailoring thickness debit for high-temperature fatigue resistance of Inconel 718 superalloy fabricated by laser powder bed fusion,business_gt,raw_loose,Composition,0,0,0,1.0,1.0,1.0
paper_028,Tailoring thickness debit for high-temperature fatigue resistance of Inconel 718 superalloy fabricated by laser powder bed fusion,business_gt,raw_loose,Processing,13,50,23,0.26,0.565217,0.356164
paper_028,Tailoring thickness debit for high-temperature fatigue resistance of Inconel 718 superalloy fabricated by laser powder bed fusion,business_gt,raw_loose,Structure,5,23,14,0.217391,0.357143,0.27027
paper_028,Tailoring thickness debit for high-temperature fatigue resistance of Inconel 718 superalloy fabricated by laser powder bed fusion,business_gt,raw_loose,Characterization,0,38,3,0.0,0.0,0.0
paper_028,Tailoring thickness debit for high-temperature fatigue resistance of Inconel 718 superalloy fabricated by laser powder bed fusion,business_gt,raw_loose,Properties,6,6,24,1.0,0.25,0.4
paper_028,Tailoring thickness debit for high-temperature fatigue resistance of Inconel 718 superalloy fabricated by laser powder bed fusion,final_v5,unique_strict,Composition,0,0,0,1.0,1.0,1.0
paper_028,Tailoring thickness debit for high-temperature fatigue resistance of Inconel 718 superalloy fabricated by laser powder bed fusion,final_v5,unique_strict,Processing,3,25,23,0.12,0.130435,0.125
paper_028,Tailoring thickness debit for high-temperature fatigue resistance of Inconel 718 superalloy fabricated by laser powder bed fusion,final_v5,unique_strict,Structure,0,59,14,0.0,0.0,0.0
paper_028,Tailoring thickness debit for high-temperature fatigue resistance of Inconel 718 superalloy fabricated by laser powder bed fusion,final_v5,unique_strict,Characterization,0,3,3,0.0,0.0,0.0
paper_028,Tailoring thickness debit for high-temperature fatigue resistance of Inconel 718 superalloy fabricated by laser powder bed fusion,final_v5,unique_strict,Properties,4,28,24,0.142857,0.166667,0.153846
paper_028,Tailoring thickness debit for high-temperature fatigue resistance of Inconel 718 superalloy fabricated by laser powder bed fusion,final_v5,unique_loose,Composition,0,0,0,1.0,1.0,1.0
paper_028,Tailoring thickness debit for high-temperature fatigue resistance of Inconel 718 superalloy fabricated by laser powder bed fusion,final_v5,unique_loose,Processing,12,25,23,0.48,0.521739,0.5
paper_028,Tailoring thickness debit for high-temperature fatigue resistance of Inconel 718 superalloy fabricated by laser powder bed fusion,final_v5,unique_loose,Structure,2,59,14,0.033898,0.142857,0.054795
paper_028,Tailoring thickness debit for high-temperature fatigue resistance of Inconel 718 superalloy fabricated by laser powder bed fusion,final_v5,unique_loose,Characterization,0,3,3,0.0,0.0,0.0
paper_028,Tailoring thickness debit for high-temperature fatigue resistance of Inconel 718 superalloy fabricated by laser powder bed fusion,final_v5,unique_loose,Properties,4,28,24,0.142857,0.166667,0.153846
paper_028,Tailoring thickness debit for high-temperature fatigue resistance of Inconel 718 superalloy fabricated by laser powder bed fusion,final_v5,raw_strict,Composition,0,0,0,1.0,1.0,1.0
paper_028,Tailoring thickness debit for high-temperature fatigue resistance of Inconel 718 superalloy fabricated by laser powder bed fusion,final_v5,raw_strict,Processing,4,44,23,0.090909,0.173913,0.119403
paper_028,Tailoring thickness debit for high-temperature fatigue resistance of Inconel 718 superalloy fabricated by laser powder bed fusion,final_v5,raw_strict,Structure,0,68,14,0.0,0.0,0.0
paper_028,Tailoring thickness debit for high-temperature fatigue resistance of Inconel 718 superalloy fabricated by laser powder bed fusion,final_v5,raw_strict,Characterization,0,6,3,0.0,0.0,0.0
paper_028,Tailoring thickness debit for high-temperature fatigue resistance of Inconel 718 superalloy fabricated by laser powder bed fusion,final_v5,raw_strict,Properties,4,34,24,0.117647,0.166667,0.137931
paper_028,Tailoring thickness debit for high-temperature fatigue resistance of Inconel 718 superalloy fabricated by laser powder bed fusion,final_v5,raw_loose,Composition,0,0,0,1.0,1.0,1.0
paper_028,Tailoring thickness debit for high-temperature fatigue resistance of Inconel 718 superalloy fabricated by laser powder bed fusion,final_v5,raw_loose,Processing,12,44,23,0.272727,0.521739,0.358209
paper_028,Tailoring thickness debit for high-temperature fatigue resistance of Inconel 718 superalloy fabricated by laser powder bed fusion,final_v5,raw_loose,Structure,2,68,14,0.029412,0.142857,0.04878
paper_028,Tailoring thickness debit for high-temperature fatigue resistance of Inconel 718 superalloy fabricated by laser powder bed fusion,final_v5,raw_loose,Characterization,0,6,3,0.0,0.0,0.0
paper_028,Tailoring thickness debit for high-temperature fatigue resistance of Inconel 718 superalloy fabricated by laser powder bed fusion,final_v5,raw_loose,Properties,4,34,24,0.117647,0.166667,0.137931
paper_029,"The Effect of Interlayer Delay on the Heat Accumulation, Microstructures, and Properties in Laser Hot Wire Directed Energy Deposition of Ti-6Al-4V Single-Wall",business_gt,unique_strict,Composition,0,7,9,0.0,0.0,0.0
paper_029,"The Effect of Interlayer Delay on the Heat Accumulation, Microstructures, and Properties in Laser Hot Wire Directed Energy Deposition of Ti-6Al-4V Single-Wall",business_gt,unique_strict,Processing,2,11,39,0.181818,0.051282,0.08
paper_029,"The Effect of Interlayer Delay on the Heat Accumulation, Microstructures, and Properties in Laser Hot Wire Directed Energy Deposition of Ti-6Al-4V Single-Wall",business_gt,unique_strict,Structure,0,7,12,0.0,0.0,0.0
paper_029,"The Effect of Interlayer Delay on the Heat Accumulation, Microstructures, and Properties in Laser Hot Wire Directed Energy Deposition of Ti-6Al-4V Single-Wall",business_gt,unique_strict,Characterization,0,19,39,0.0,0.0,0.0
paper_029,"The Effect of Interlayer Delay on the Heat Accumulation, Microstructures, and Properties in Laser Hot Wire Directed Energy Deposition of Ti-6Al-4V Single-Wall",business_gt,unique_strict,Properties,0,54,57,0.0,0.0,0.0
paper_029,"The Effect of Interlayer Delay on the Heat Accumulation, Microstructures, and Properties in Laser Hot Wire Directed Energy Deposition of Ti-6Al-4V Single-Wall",business_gt,unique_loose,Composition,7,7,9,1.0,0.777778,0.875
paper_029,"The Effect of Interlayer Delay on the Heat Accumulation, Microstructures, and Properties in Laser Hot Wire Directed Energy Deposition of Ti-6Al-4V Single-Wall",business_gt,unique_loose,Processing,6,11,39,0.545455,0.153846,0.24
paper_029,"The Effect of Interlayer Delay on the Heat Accumulation, Microstructures, and Properties in Laser Hot Wire Directed Energy Deposition of Ti-6Al-4V Single-Wall",business_gt,unique_loose,Structure,5,7,12,0.714286,0.416667,0.526316
paper_029,"The Effect of Interlayer Delay on the Heat Accumulation, Microstructures, and Properties in Laser Hot Wire Directed Energy Deposition of Ti-6Al-4V Single-Wall",business_gt,unique_loose,Characterization,4,19,39,0.210526,0.102564,0.137931
paper_029,"The Effect of Interlayer Delay on the Heat Accumulation, Microstructures, and Properties in Laser Hot Wire Directed Energy Deposition of Ti-6Al-4V Single-Wall",business_gt,unique_loose,Properties,47,54,57,0.87037,0.824561,0.846847
paper_029,"The Effect of Interlayer Delay on the Heat Accumulation, Microstructures, and Properties in Laser Hot Wire Directed Energy Deposition of Ti-6Al-4V Single-Wall",business_gt,raw_strict,Composition,0,7,11,0.0,0.0,0.0
paper_029,"The Effect of Interlayer Delay on the Heat Accumulation, Microstructures, and Properties in Laser Hot Wire Directed Energy Deposition of Ti-6Al-4V Single-Wall",business_gt,raw_strict,Processing,2,27,39,0.074074,0.051282,0.060606
paper_029,"The Effect of Interlayer Delay on the Heat Accumulation, Microstructures, and Properties in Laser Hot Wire Directed Energy Deposition of Ti-6Al-4V Single-Wall",business_gt,raw_strict,Structure,0,15,15,0.0,0.0,0.0
paper_029,"The Effect of Interlayer Delay on the Heat Accumulation, Microstructures, and Properties in Laser Hot Wire Directed Energy Deposition of Ti-6Al-4V Single-Wall",business_gt,raw_strict,Characterization,0,32,39,0.0,0.0,0.0
paper_029,"The Effect of Interlayer Delay on the Heat Accumulation, Microstructures, and Properties in Laser Hot Wire Directed Energy Deposition of Ti-6Al-4V Single-Wall",business_gt,raw_strict,Properties,0,55,61,0.0,0.0,0.0
paper_029,"The Effect of Interlayer Delay on the Heat Accumulation, Microstructures, and Properties in Laser Hot Wire Directed Energy Deposition of Ti-6Al-4V Single-Wall",business_gt,raw_loose,Composition,7,7,11,1.0,0.636364,0.777778
paper_029,"The Effect of Interlayer Delay on the Heat Accumulation, Microstructures, and Properties in Laser Hot Wire Directed Energy Deposition of Ti-6Al-4V Single-Wall",business_gt,raw_loose,Processing,6,27,39,0.222222,0.153846,0.181818
paper_029,"The Effect of Interlayer Delay on the Heat Accumulation, Microstructures, and Properties in Laser Hot Wire Directed Energy Deposition of Ti-6Al-4V Single-Wall",business_gt,raw_loose,Structure,5,15,15,0.333333,0.333333,0.333333
paper_029,"The Effect of Interlayer Delay on the Heat Accumulation, Microstructures, and Properties in Laser Hot Wire Directed Energy Deposition of Ti-6Al-4V Single-Wall",business_gt,raw_loose,Characterization,4,32,39,0.125,0.102564,0.112676
paper_029,"The Effect of Interlayer Delay on the Heat Accumulation, Microstructures, and Properties in Laser Hot Wire Directed Energy Deposition of Ti-6Al-4V Single-Wall",business_gt,raw_loose,Properties,47,55,61,0.854545,0.770492,0.810345
paper_029,"The Effect of Interlayer Delay on the Heat Accumulation, Microstructures, and Properties in Laser Hot Wire Directed Energy Deposition of Ti-6Al-4V Single-Wall",final_v5,unique_strict,Composition,1,16,9,0.0625,0.111111,0.08
paper_029,"The Effect of Interlayer Delay on the Heat Accumulation, Microstructures, and Properties in Laser Hot Wire Directed Energy Deposition of Ti-6Al-4V Single-Wall",final_v5,unique_strict,Processing,2,29,39,0.068966,0.051282,0.058824
paper_029,"The Effect of Interlayer Delay on the Heat Accumulation, Microstructures, and Properties in Laser Hot Wire Directed Energy Deposition of Ti-6Al-4V Single-Wall",final_v5,unique_strict,Structure,2,68,12,0.029412,0.166667,0.05
paper_029,"The Effect of Interlayer Delay on the Heat Accumulation, Microstructures, and Properties in Laser Hot Wire Directed Energy Deposition of Ti-6Al-4V Single-Wall",final_v5,unique_strict,Characterization,0,12,39,0.0,0.0,0.0
paper_029,"The Effect of Interlayer Delay on the Heat Accumulation, Microstructures, and Properties in Laser Hot Wire Directed Energy Deposition of Ti-6Al-4V Single-Wall",final_v5,unique_strict,Properties,3,122,57,0.02459,0.052632,0.03352
paper_029,"The Effect of Interlayer Delay on the Heat Accumulation, Microstructures, and Properties in Laser Hot Wire Directed Energy Deposition of Ti-6Al-4V Single-Wall",final_v5,unique_loose,Composition,8,16,9,0.5,0.888889,0.64
paper_029,"The Effect of Interlayer Delay on the Heat Accumulation, Microstructures, and Properties in Laser Hot Wire Directed Energy Deposition of Ti-6Al-4V Single-Wall",final_v5,unique_loose,Processing,8,29,39,0.275862,0.205128,0.235294
paper_029,"The Effect of Interlayer Delay on the Heat Accumulation, Microstructures, and Properties in Laser Hot Wire Directed Energy Deposition of Ti-6Al-4V Single-Wall",final_v5,unique_loose,Structure,4,68,12,0.058824,0.333333,0.1
paper_029,"The Effect of Interlayer Delay on the Heat Accumulation, Microstructures, and Properties in Laser Hot Wire Directed Energy Deposition of Ti-6Al-4V Single-Wall",final_v5,unique_loose,Characterization,3,12,39,0.25,0.076923,0.117647
paper_029,"The Effect of Interlayer Delay on the Heat Accumulation, Microstructures, and Properties in Laser Hot Wire Directed Energy Deposition of Ti-6Al-4V Single-Wall",final_v5,unique_loose,Properties,51,122,57,0.418033,0.894737,0.569832
paper_029,"The Effect of Interlayer Delay on the Heat Accumulation, Microstructures, and Properties in Laser Hot Wire Directed Energy Deposition of Ti-6Al-4V Single-Wall",final_v5,raw_strict,Composition,2,17,11,0.117647,0.181818,0.142857
paper_029,"The Effect of Interlayer Delay on the Heat Accumulation, Microstructures, and Properties in Laser Hot Wire Directed Energy Deposition of Ti-6Al-4V Single-Wall",final_v5,raw_strict,Processing,2,33,39,0.060606,0.051282,0.055556
paper_029,"The Effect of Interlayer Delay on the Heat Accumulation, Microstructures, and Properties in Laser Hot Wire Directed Energy Deposition of Ti-6Al-4V Single-Wall",final_v5,raw_strict,Structure,3,80,15,0.0375,0.2,0.063158
paper_029,"The Effect of Interlayer Delay on the Heat Accumulation, Microstructures, and Properties in Laser Hot Wire Directed Energy Deposition of Ti-6Al-4V Single-Wall",final_v5,raw_strict,Characterization,0,13,39,0.0,0.0,0.0
paper_029,"The Effect of Interlayer Delay on the Heat Accumulation, Microstructures, and Properties in Laser Hot Wire Directed Energy Deposition of Ti-6Al-4V Single-Wall",final_v5,raw_strict,Properties,3,127,61,0.023622,0.04918,0.031915
paper_029,"The Effect of Interlayer Delay on the Heat Accumulation, Microstructures, and Properties in Laser Hot Wire Directed Energy Deposition of Ti-6Al-4V Single-Wall",final_v5,raw_loose,Composition,10,17,11,0.588235,0.909091,0.714286
paper_029,"The Effect of Interlayer Delay on the Heat Accumulation, Microstructures, and Properties in Laser Hot Wire Directed Energy Deposition of Ti-6Al-4V Single-Wall",final_v5,raw_loose,Processing,8,33,39,0.242424,0.205128,0.222222
paper_029,"The Effect of Interlayer Delay on the Heat Accumulation, Microstructures, and Properties in Laser Hot Wire Directed Energy Deposition of Ti-6Al-4V Single-Wall",final_v5,raw_loose,Structure,5,80,15,0.0625,0.333333,0.105263
paper_029,"The Effect of Interlayer Delay on the Heat Accumulation, Microstructures, and Properties in Laser Hot Wire Directed Energy Deposition of Ti-6Al-4V Single-Wall",final_v5,raw_loose,Characterization,3,13,39,0.230769,0.076923,0.115385
paper_029,"The Effect of Interlayer Delay on the Heat Accumulation, Microstructures, and Properties in Laser Hot Wire Directed Energy Deposition of Ti-6Al-4V Single-Wall",final_v5,raw_loose,Properties,51,127,61,0.401575,0.836066,0.542553
paper_030,Variant Selection and Macrozone in Ti-6Al-4V Walls during Laser Hot Wire Direct Energy Deposition,business_gt,unique_strict,Composition,0,7,7,0.0,0.0,0.0
paper_030,Variant Selection and Macrozone in Ti-6Al-4V Walls during Laser Hot Wire Direct Energy Deposition,business_gt,unique_strict,Processing,0,16,21,0.0,0.0,0.0
paper_030,Variant Selection and Macrozone in Ti-6Al-4V Walls during Laser Hot Wire Direct Energy Deposition,business_gt,unique_strict,Structure,0,9,46,0.0,0.0,0.0
paper_030,Variant Selection and Macrozone in Ti-6Al-4V Walls during Laser Hot Wire Direct Energy Deposition,business_gt,unique_strict,Characterization,0,15,6,0.0,0.0,0.0
paper_030,Variant Selection and Macrozone in Ti-6Al-4V Walls during Laser Hot Wire Direct Energy Deposition,business_gt,unique_strict,Properties,0,0,0,1.0,1.0,1.0
paper_030,Variant Selection and Macrozone in Ti-6Al-4V Walls during Laser Hot Wire Direct Energy Deposition,business_gt,unique_loose,Composition,7,7,7,1.0,1.0,1.0
paper_030,Variant Selection and Macrozone in Ti-6Al-4V Walls during Laser Hot Wire Direct Energy Deposition,business_gt,unique_loose,Processing,11,16,21,0.6875,0.52381,0.594595
paper_030,Variant Selection and Macrozone in Ti-6Al-4V Walls during Laser Hot Wire Direct Energy Deposition,business_gt,unique_loose,Structure,0,9,46,0.0,0.0,0.0
paper_030,Variant Selection and Macrozone in Ti-6Al-4V Walls during Laser Hot Wire Direct Energy Deposition,business_gt,unique_loose,Characterization,0,15,6,0.0,0.0,0.0
paper_030,Variant Selection and Macrozone in Ti-6Al-4V Walls during Laser Hot Wire Direct Energy Deposition,business_gt,unique_loose,Properties,0,0,0,1.0,1.0,1.0
paper_030,Variant Selection and Macrozone in Ti-6Al-4V Walls during Laser Hot Wire Direct Energy Deposition,business_gt,raw_strict,Composition,0,7,7,0.0,0.0,0.0
paper_030,Variant Selection and Macrozone in Ti-6Al-4V Walls during Laser Hot Wire Direct Energy Deposition,business_gt,raw_strict,Processing,0,42,57,0.0,0.0,0.0
paper_030,Variant Selection and Macrozone in Ti-6Al-4V Walls during Laser Hot Wire Direct Energy Deposition,business_gt,raw_strict,Structure,0,29,60,0.0,0.0,0.0
paper_030,Variant Selection and Macrozone in Ti-6Al-4V Walls during Laser Hot Wire Direct Energy Deposition,business_gt,raw_strict,Characterization,0,30,26,0.0,0.0,0.0
paper_030,Variant Selection and Macrozone in Ti-6Al-4V Walls during Laser Hot Wire Direct Energy Deposition,business_gt,raw_strict,Properties,0,0,0,1.0,1.0,1.0
paper_030,Variant Selection and Macrozone in Ti-6Al-4V Walls during Laser Hot Wire Direct Energy Deposition,business_gt,raw_loose,Composition,7,7,7,1.0,1.0,1.0
paper_030,Variant Selection and Macrozone in Ti-6Al-4V Walls during Laser Hot Wire Direct Energy Deposition,business_gt,raw_loose,Processing,30,42,57,0.714286,0.526316,0.606061
paper_030,Variant Selection and Macrozone in Ti-6Al-4V Walls during Laser Hot Wire Direct Energy Deposition,business_gt,raw_loose,Structure,0,29,60,0.0,0.0,0.0
paper_030,Variant Selection and Macrozone in Ti-6Al-4V Walls during Laser Hot Wire Direct Energy Deposition,business_gt,raw_loose,Characterization,0,30,26,0.0,0.0,0.0
paper_030,Variant Selection and Macrozone in Ti-6Al-4V Walls during Laser Hot Wire Direct Energy Deposition,business_gt,raw_loose,Properties,0,0,0,1.0,1.0,1.0
paper_030,Variant Selection and Macrozone in Ti-6Al-4V Walls during Laser Hot Wire Direct Energy Deposition,final_v5,unique_strict,Composition,0,23,7,0.0,0.0,0.0
paper_030,Variant Selection and Macrozone in Ti-6Al-4V Walls during Laser Hot Wire Direct Energy Deposition,final_v5,unique_strict,Processing,0,48,21,0.0,0.0,0.0
paper_030,Variant Selection and Macrozone in Ti-6Al-4V Walls during Laser Hot Wire Direct Energy Deposition,final_v5,unique_strict,Structure,1,94,46,0.010638,0.021739,0.014286
paper_030,Variant Selection and Macrozone in Ti-6Al-4V Walls during Laser Hot Wire Direct Energy Deposition,final_v5,unique_strict,Characterization,0,10,6,0.0,0.0,0.0
paper_030,Variant Selection and Macrozone in Ti-6Al-4V Walls during Laser Hot Wire Direct Energy Deposition,final_v5,unique_strict,Properties,0,3,0,0.0,0.0,0.0
paper_030,Variant Selection and Macrozone in Ti-6Al-4V Walls during Laser Hot Wire Direct Energy Deposition,final_v5,unique_loose,Composition,7,23,7,0.304348,1.0,0.466667
paper_030,Variant Selection and Macrozone in Ti-6Al-4V Walls during Laser Hot Wire Direct Energy Deposition,final_v5,unique_loose,Processing,18,48,21,0.375,0.857143,0.521739
paper_030,Variant Selection and Macrozone in Ti-6Al-4V Walls during Laser Hot Wire Direct Energy Deposition,final_v5,unique_loose,Structure,1,94,46,0.010638,0.021739,0.014286
paper_030,Variant Selection and Macrozone in Ti-6Al-4V Walls during Laser Hot Wire Direct Energy Deposition,final_v5,unique_loose,Characterization,0,10,6,0.0,0.0,0.0
paper_030,Variant Selection and Macrozone in Ti-6Al-4V Walls during Laser Hot Wire Direct Energy Deposition,final_v5,unique_loose,Properties,0,3,0,0.0,0.0,0.0
paper_030,Variant Selection and Macrozone in Ti-6Al-4V Walls during Laser Hot Wire Direct Energy Deposition,final_v5,raw_strict,Composition,0,23,7,0.0,0.0,0.0
paper_030,Variant Selection and Macrozone in Ti-6Al-4V Walls during Laser Hot Wire Direct Energy Deposition,final_v5,raw_strict,Processing,0,55,57,0.0,0.0,0.0
paper_030,Variant Selection and Macrozone in Ti-6Al-4V Walls during Laser Hot Wire Direct Energy Deposition,final_v5,raw_strict,Structure,1,94,60,0.010638,0.016667,0.012987
paper_030,Variant Selection and Macrozone in Ti-6Al-4V Walls during Laser Hot Wire Direct Energy Deposition,final_v5,raw_strict,Characterization,0,10,26,0.0,0.0,0.0
paper_030,Variant Selection and Macrozone in Ti-6Al-4V Walls during Laser Hot Wire Direct Energy Deposition,final_v5,raw_strict,Properties,0,3,0,0.0,0.0,0.0
paper_030,Variant Selection and Macrozone in Ti-6Al-4V Walls during Laser Hot Wire Direct Energy Deposition,final_v5,raw_loose,Composition,7,23,7,0.304348,1.0,0.466667
paper_030,Variant Selection and Macrozone in Ti-6Al-4V Walls during Laser Hot Wire Direct Energy Deposition,final_v5,raw_loose,Processing,47,55,57,0.854545,0.824561,0.839286
paper_030,Variant Selection and Macrozone in Ti-6Al-4V Walls during Laser Hot Wire Direct Energy Deposition,final_v5,raw_loose,Structure,1,94,60,0.010638,0.016667,0.012987
paper_030,Variant Selection and Macrozone in Ti-6Al-4V Walls during Laser Hot Wire Direct Energy Deposition,final_v5,raw_loose,Characterization,0,10,26,0.0,0.0,0.0
paper_030,Variant Selection and Macrozone in Ti-6Al-4V Walls during Laser Hot Wire Direct Energy Deposition,final_v5,raw_loose,Properties,0,3,0,0.0,0.0,0.0
